sequence_index,reconstruction_error,is_anomaly,batch
0,0.06279388113997808,False,91
1,0.0617511231932416,False,91
2,0.05354139255907847,False,91
3,0.054760042196981246,False,91
4,0.04385809517306098,False,91
5,0.035606513245844386,False,91
6,0.03215663427429298,False,91
7,0.03268811362750293,False,91
8,0.027635766413374434,False,91
9,0.022695517356842793,False,91
10,0.02008379851521419,False,91
11,0.01951228073809096,False,91
12,0.014770763432752743,False,91
13,0.014550048388524622,False,91
14,0.015763454663502634,False,91
15,0.012367658595183751,False,91
16,0.01324976026621111,False,91
17,0.012587427254923522,False,91
18,0.012190143436395656,False,91
19,0.010901722948260887,False,91
20,0.009815724665046979,False,91
21,0.01020486523236551,False,91
22,0.011345776142126427,False,91
23,0.011996932106587713,False,91
24,0.012734303163661875,False,91
25,0.013695001557548877,False,91
26,0.013426983265861584,False,91
27,0.012011892100268432,False,91
28,0.011401828193864162,False,91
29,0.012343847791254074,False,91
30,0.013724227657142866,False,91
31,0.021202693616671365,False,91
32,0.027469100590893105,False,91
33,0.033152284901045714,False,91
34,0.03451614935328913,False,91
35,0.029980199082779966,False,91
36,0.02755640817109677,False,91
37,0.02725093408491604,False,91
38,0.02769325103269371,False,91
39,0.023930160660418854,False,91
40,0.016647383551177796,False,91
41,0.018402020629215185,False,91
42,0.01956212078980175,False,91
43,0.018821802923685935,False,91
44,0.016977136044521463,False,91
45,0.014833685751252094,False,91
46,0.013009799004451025,False,91
47,0.012052323305428174,False,91
48,0.012764036712674178,False,91
49,0.014460384348483658,False,91
50,0.01620103147923614,False,91
51,0.018676615186204917,False,91
52,0.022410418825962848,False,91
53,0.03150118622850755,False,91
54,0.0434035467751333,False,91
55,0.043776328804021894,False,91
56,0.04424220128961838,False,91
57,0.04379762706524855,False,91
58,0.049606865698027,False,91
59,0.05672957308617717,False,91
60,0.057598690193912394,False,91
61,0.05838525232881928,False,91
62,0.07296978347796856,False,91
63,0.07449724377230782,False,91
64,0.08809742914880297,False,91
65,0.07105317493165271,False,91
66,0.055689944025991804,False,91
67,0.05782410362446636,False,91
68,0.05166520995865479,False,91
69,0.04095101544975531,False,91
70,0.04080748090634438,False,91
71,0.06485745720775461,False,91
72,0.0718593403747224,False,91
73,0.05263282866853015,False,91
74,0.04717783035537335,False,91
75,0.04363180495101512,False,91
76,0.04240228706520701,False,91
77,0.04218298654825297,False,91
78,0.040787168581710595,False,91
79,0.0373765032549818,False,91
80,0.023308623737462286,False,91
81,0.021415270209905697,False,91
82,0.02114917826889287,False,91
83,0.020080404097700566,False,91
84,0.0184050315505898,False,91
85,0.017090006044910972,False,91
86,0.015747353383292122,False,91
87,0.014507087532004099,False,91
88,0.013639205862623576,False,91
89,0.01354272431667041,False,91
90,0.1628581820927059,False,91
91,0.22955118843065767,False,91
92,0.26210819160591187,False,91
93,0.2700847325173591,False,91
94,0.28276507937371087,True,91
95,0.26887014441892965,False,91
96,0.2758340026795409,False,91
97,0.26855255225179986,False,91
98,0.2672886148867958,False,91
99,0.28594968291532696,True,91
100,0.40537580756306024,True,91
101,0.2084539825112451,False,91
102,0.21587257256283182,False,91
103,0.21812866873016595,False,91
104,0.23852959211561214,False,91
105,0.2348825449982877,False,91
106,0.12371379033083539,False,91
107,0.11159875434919674,False,91
108,0.10998536850977637,False,91
109,0.12003743238525534,False,91
110,0.14110552177133856,False,91
111,0.09302281108985089,False,91
112,0.09149377733789145,False,91
113,0.08896604257462283,False,91
114,0.08615407836905563,False,91
115,0.08561581870624328,False,91
116,0.08927922125231806,False,91
117,0.09228066837974581,False,91
118,0.09103724153689464,False,91
119,0.09130126204993959,False,91
120,0.09206556057152734,False,91
121,0.09364916566292028,False,91
122,0.09567407888808016,False,91
123,0.09877850547559078,False,91
124,0.10564530516029928,False,91
125,0.10362091563882792,False,91
126,0.10560019677152777,False,91
127,0.10550655992228324,False,91
128,0.10383727138138962,False,91
129,0.10297044234586884,False,91
130,0.10324796497234058,False,91
131,0.10384017372445901,False,91
132,0.1037866970724438,False,91
133,0.10502248627458391,False,91
134,0.10605727383561356,False,91
135,0.10831542560765418,False,91
136,0.10981568926687196,False,91
137,0.10811569610226535,False,91
138,0.10480632635923472,False,91
139,0.09955161825094157,False,91
140,0.09509824898138641,False,91
141,0.087415137838375,False,91
142,0.09100580411710336,False,91
143,0.09874818826342877,False,91
144,0.10279259904312076,False,91
145,0.10367445383226423,False,91
146,0.09964580220927373,False,91
147,0.08900219554775488,False,91
148,0.07144911195233239,False,91
149,0.05210941553062939,False,91
150,0.037140003764748825,False,91
151,0.027843805335141393,False,91
152,0.020191073862987262,False,91
153,0.015439526397822109,False,91
154,0.013559056303699241,False,91
155,0.013953462113909071,False,91
156,0.014509847707282279,False,91
157,0.014599044095645462,False,91
158,0.0145525197888203,False,91
159,0.014634471116189735,False,91
160,0.014849849647048925,False,91
161,0.01448033434076777,False,91
162,0.012921921385397241,False,91
163,0.010636024879446348,False,91
164,0.009081255625364682,False,91
165,0.008919712687445522,False,91
166,0.009574256990633584,False,91
167,0.010580700020563372,False,91
168,0.011769911312792807,False,91
169,0.013033549175652255,False,91
170,0.013615378766219528,False,91
171,0.012441306739998761,False,91
172,0.009811424103842706,False,91
173,0.007396356832932285,False,91
174,0.005493121032702226,False,91
175,0.004790903040361681,False,91
176,0.006033553095760545,False,91
177,0.009471782064571416,False,91
178,0.014054733728059385,False,91
179,0.019225692276762445,False,91
180,0.024056962814799167,False,91
181,0.02570085607372868,False,91
182,0.024137377298247404,False,91
183,0.020596278295942388,False,91
184,0.01733412762485637,False,91
185,0.014922530483600961,False,91
186,0.012403243708343226,False,91
187,0.00997016286897399,False,91
188,0.009372224313676078,False,91
189,0.009850928335828981,False,91
190,0.010642373755752634,False,91
191,0.031430998427487616,False,91
192,0.03996584636584809,False,91
193,0.04321806089247509,False,91
194,0.04170740816172888,False,91
195,0.04170373465177613,False,91
196,0.042265818987394975,False,91
197,0.040400543549760554,False,91
198,0.035490585398790915,False,91
199,0.026753796212502925,False,91
200,0.016379885014913872,False,91
201,0.01663134641098109,False,91
202,0.016469720793553053,False,91
203,0.01598784533683378,False,91
204,0.015875765734502542,False,91
205,0.015679263767086497,False,91
206,0.01520846479538582,False,91
207,0.01498938470892501,False,91
208,0.014908016194499003,False,91
209,0.015185247944116747,False,91
210,0.014804483263547911,False,91
211,0.014517201346952469,False,91
212,0.013631785163957888,False,91
213,0.013115503203165256,False,91
214,0.01187953782928644,False,91
215,0.010769653925679365,False,91
216,0.010068736775781252,False,91
217,0.010128866549805202,False,91
218,0.011421782448508142,False,91
219,0.013758133539272164,False,91
220,0.015153248978047052,False,91
221,0.017094456050841245,False,91
222,0.01803738359427811,False,91
223,0.017389331919128604,False,91
224,0.0158234278507651,False,91
225,0.014905286326865462,False,91
226,0.014308135799216798,False,91
227,0.01444188408707949,False,91
228,0.014739196023997593,False,91
229,0.014683046381928957,False,91
230,0.013811073385229298,False,91
231,0.012798833862095347,False,91
232,0.011125289890417063,False,91
233,0.009720240709577615,False,91
234,0.008341721131945649,False,91
235,0.00785275846854292,False,91
236,0.008128097434410985,False,91
237,0.00897755290616929,False,91
238,0.010284561730447811,False,91
239,0.011164201655169478,False,91
240,0.010896693417319825,False,91
241,0.1080194427556933,False,91
242,0.060226388454002244,False,91
243,0.04336201633764769,False,91
244,0.04145157195510864,False,91
245,0.04286346903662369,False,91
246,0.04013059632492446,False,91
247,0.038091830820055184,False,91
248,0.04451874697794371,False,91
249,0.04837979164904111,False,91
250,0.041278037233553735,False,91
251,0.037421807616620804,False,91
252,0.029621803715953954,False,91
253,0.021244027533245502,False,91
254,0.017620964543292792,False,91
255,0.016930336525193858,False,91
256,0.02181570821882333,False,91
257,0.017310640138446326,False,91
258,0.021249448345196428,False,91
259,0.022232018246924775,False,91
260,0.017905561949991343,False,91
261,0.01569229949917046,False,91
262,0.01566627773581492,False,91
263,0.022345805732364585,False,91
264,0.04568725531700983,False,91
265,0.07340398303048742,False,91
266,0.0211283515562655,False,91
267,0.01669686102605173,False,91
268,0.013563644391448342,False,91
269,0.011034020096609863,False,91
270,0.01004004589444871,False,91
271,0.011163253450634354,False,91
272,0.017506614093691125,False,91
273,0.02547792616666048,False,91
274,0.027074601326388403,False,91
275,0.022132695805257657,False,91
276,0.01611555069457161,False,91
277,0.01304725334885045,False,91
278,0.011507620538262896,False,91
279,0.010968463061514399,False,91
280,0.01044416756656925,False,91
281,0.010533725286047686,False,91
282,0.01036197914235932,False,91
283,0.009890924439792774,False,91
284,0.009292473691777218,False,91
285,0.009075846392458715,False,91
286,0.008727787636198595,False,91
287,0.008460928107640507,False,91
288,0.008136029833979234,False,91
289,0.007730992655234309,False,91
290,0.007420728190541312,False,91
291,0.007359242889248676,False,91
292,0.007544221313894501,False,91
293,0.007838505217485072,False,91
294,0.008228169798654518,False,91
295,0.008442148220764582,False,91
296,0.008488180424529673,False,91
297,0.008330580044261838,False,91
298,0.00806450478369123,False,91
299,0.007734072382943598,False,91
300,0.0072814257538483616,False,91
301,0.007110552696019156,False,91
302,0.006925429767564302,False,91
303,0.0067987464819025505,False,91
304,0.0066313486001237255,False,91
305,0.006560483671633757,False,91
306,0.006534379328806995,False,91
307,0.006666105039903811,False,91
308,0.006835759324829898,False,91
309,0.006943560440988396,False,91
310,0.006983697831296501,False,91
311,0.007060332313300948,False,91
312,0.00694663883084569,False,91
313,0.006748535510997505,False,91
314,0.006602365903357611,False,91
315,0.006726615121492138,False,91
316,0.007062224025532422,False,91
317,0.007710892842577759,False,91
318,0.008602343938752453,False,91
319,0.00954039072629141,False,91
320,0.010254197791305349,False,91
321,0.010507791506629477,False,91
322,0.010381874252351585,False,91
323,0.010061142602916842,False,91
324,0.009409122056918448,False,91
325,0.008414573251997758,False,91
326,0.0074994806497843845,False,91
327,0.006978038007311463,False,91
328,0.00708154977847376,False,91
329,0.0075889983990662605,False,91
330,0.008160710328978594,False,91
331,0.008476686920224089,False,91
332,0.008575865755444303,False,91
333,0.008571377018892165,False,91
334,0.008536936727994706,False,91
335,0.00859055939219629,False,91
336,0.008421694774137931,False,91
337,0.007931265158397491,False,91
338,0.007558195049602358,False,91
339,0.007393231317775338,False,91
340,0.007587343273807903,False,91
341,0.007983152158915227,False,91
342,0.0084832331317562,False,91
343,0.008542998165783815,False,91
344,0.008213647450403174,False,91
345,0.007711797873650391,False,91
346,0.0075322831183649444,False,91
347,0.00756950538565602,False,91
348,0.007605284321432074,False,91
349,0.007810262249127282,False,91
350,0.008318997031285299,False,91
351,0.009367502491499724,False,91
352,0.010836347973000812,False,91
353,0.011945396385520881,False,91
354,0.012569923491908691,False,91
355,0.012531009309493185,False,91
356,0.011768498027387702,False,91
357,0.010518507614523647,False,91
358,0.009100573236134783,False,91
359,0.007906802383996629,False,91
360,0.00750336358503433,False,91
361,0.007293469763022908,False,91
362,0.007416471784441181,False,91
363,0.007641539895107081,False,91
364,0.007620289707791561,False,91
365,0.007212696597233555,False,91
366,0.04592804173489399,False,91
367,0.048565382787753304,False,91
368,0.03786307768223706,False,91
369,0.031034508692833626,False,91
370,0.15416522664913745,False,91
371,0.22763994386009945,False,91
372,0.33284300380112697,True,91
373,0.41269354621904325,True,91
374,0.4432762632394181,True,91
375,0.33820504838413684,True,91
376,0.3284067821282578,True,91
377,0.3349915387110467,True,91
378,0.3997282820568408,True,91
379,0.4279902436173115,True,91
380,0.37728738772113907,True,91
381,0.34911787326713384,True,91
382,0.3226913810662807,True,91
383,0.28868266249617663,True,91
384,0.34489126389179275,True,91
385,0.3618666226983738,True,91
386,0.37862158448726085,True,91
387,0.36828442796896715,True,91
388,0.3554499096542289,True,91
389,0.33788931932977473,True,91
390,0.3198638984709355,True,91
391,0.31913513069185984,True,91
392,0.30675906239619244,True,91
393,0.31878778459314916,True,91
394,0.34693759888789555,True,91
395,0.43898100773027793,True,91
396,0.409711521891566,True,91
397,0.3962752467860683,True,91
398,0.40437737234380716,True,91
399,0.4054088083855305,True,91
400,0.4330745675076439,True,91
401,0.4248895424000491,True,91
402,0.4079709169272083,True,91
403,0.40144766435774465,True,91
404,0.3998953421325985,True,91
405,0.33148142553961585,True,91
406,0.36575774030956154,True,91
407,0.38428920217578183,True,91
408,0.404102692535898,True,91
409,0.4647238785502039,True,91
410,0.34316654767815485,True,91
411,0.33160168246636,True,91
412,0.33769066319432944,True,91
413,0.3327921717900593,True,91
414,0.3403379542616731,True,91
415,0.3327616122445967,True,91
416,0.34093235943842765,True,91
417,0.30855928287221934,True,91
418,0.30666706052583337,True,91
419,0.2932685399546944,True,91
420,0.33415325570980425,True,91
421,0.3351708268698488,True,91
422,0.32729188423912714,True,91
423,0.3322867911679931,True,91
424,0.33827992636357185,True,91
425,0.2988008961924093,True,91
426,0.32507435555843056,True,91
427,0.33770062299789677,True,91
428,0.36652875929086,True,91
429,0.4140244016230197,True,91
430,0.3260593090149481,True,91
431,0.32755815425852647,True,91
432,0.33993707614930957,True,91
433,0.3446886399438469,True,91
434,0.34544410924734664,True,91
435,0.3090361252943259,True,91
436,0.3062086747081002,True,91
437,0.2792932888038748,True,91
438,0.27603549848338316,False,91
439,0.2907777181656855,True,91
440,0.3251704739491683,True,91
441,0.3698279070930404,True,91
442,0.38414843887467526,True,91
443,0.4043567402280842,True,91
444,0.4248442285232601,True,91
445,0.3399234885747029,True,91
446,0.3328628404500985,True,91
447,0.3505696791667469,True,91
448,0.33976353887352073,True,91
449,0.3415162526030239,True,91
450,0.3511979448928555,True,91
451,0.3161530306087495,True,91
452,0.4089537711892277,True,91
453,0.591403691524018,True,91
454,0.6106658881540131,True,91
455,0.4463654445105805,True,91
456,0.44202214501901865,True,91
457,0.4711107619644751,True,91
458,0.43985858103530284,True,91
459,0.394208279540368,True,91
460,0.31455132236780997,True,91
461,0.32416273981479166,True,91
462,0.3257148522613137,True,91
463,0.33297066858872093,True,91
464,0.22672730568503222,False,91
465,0.2243790296203772,False,91
466,0.2008881949277117,False,91
467,0.12797547928301053,False,91
468,0.14935356885098053,False,91
469,0.1566481999630722,False,91
470,0.1403675156218157,False,91
471,0.14991096377393365,False,91
472,0.14833339096089607,False,91
473,0.1582974186793821,False,91
474,0.14255553279195615,False,91
475,0.12852445750857905,False,91
476,0.14509080675247019,False,91
477,0.141785888837219,False,91
478,0.14796708120983681,False,91
479,0.15195497514805326,False,91
480,0.16333420368817783,False,91
481,0.21209450847455183,False,91
482,0.2273124946740596,False,91
483,0.25115453872454285,False,91
484,0.2241949646122433,False,91
485,0.23938652334184168,False,91
486,0.21901240178889655,False,91
487,0.22339030550304484,False,91
488,0.20691551061019595,False,91
489,0.19450936173225847,False,91
490,0.1683984811084714,False,91
491,0.10807595339814265,False,91
492,0.1410128068619252,False,91
493,0.1656420911819244,False,91
494,0.20874050894893484,False,91
495,0.1648734425914321,False,91
496,0.19674535785306232,False,91
497,0.18560489073133637,False,91
498,0.22066918554660875,False,91
499,0.2105731869374256,False,91
500,0.24492857479990907,False,91
501,0.2528536829126845,False,91
502,0.24034232146488443,False,91
503,0.2367198452800415,False,91
504,0.2377441027236002,False,91
505,0.2683280662064477,False,91
506,0.28953668934661037,True,91
507,0.29899678428171433,True,91
508,0.32482309659942005,True,91
509,0.3206844619792853,True,91
510,0.3154721891808517,True,91
511,0.31288452056589183,True,91
512,0.3192846988905435,True,91
513,0.26730758184133663,False,91
514,0.3005149109957727,True,91
515,0.2760297738818891,False,91
516,0.15542469310042947,False,91
517,0.13536247821262634,False,91
518,0.08221225875755901,False,91
519,0.11654746459598925,False,91
520,0.10548584333469484,False,91
521,0.08841505250409072,False,91
522,0.1012914303953194,False,91
523,0.09037720019606134,False,91
524,0.13711165040658257,False,91
525,0.1136492289654177,False,91
526,0.06437045598053555,False,91
527,0.08473876946415634,False,91
528,0.0796888299830762,False,91
529,0.12589709119337059,False,91
530,0.13659007937578282,False,91
531,0.1408093165581523,False,91
532,0.11991067714458445,False,91
533,0.13167826027462676,False,91
534,0.13291981026128466,False,91
535,0.12489774502214084,False,91
536,0.06245026069179573,False,91
537,0.0744564082732449,False,91
538,0.08149247467538288,False,91
539,0.05509493690500026,False,91
540,0.09439190507017041,False,91
541,0.06051445699689322,False,91
542,0.07497890802999285,False,91
543,0.0791852545911749,False,91
544,0.1005317803163137,False,91
545,0.10582705374433948,False,91
546,0.0559780901136921,False,91
547,0.06627079811110169,False,91
548,0.07529695524893576,False,91
549,0.09149459654120268,False,91
550,0.11449204626941456,False,91
551,0.10546165217817834,False,91
552,0.09625170125502666,False,91
553,0.10737879409060706,False,91
554,0.10321845039090977,False,91
555,0.10730112943047738,False,91
556,0.0595634392695491,False,91
557,0.05863355189965016,False,91
558,0.07446810643603963,False,91
559,0.04912256228007181,False,91
560,0.0696775455139267,False,91
561,0.05034209317428758,False,91
562,0.07480579376781132,False,91
563,0.07197023355537639,False,91
564,0.08107977896582419,False,91
565,0.0968214399559748,False,91
566,0.08032867742879156,False,91
567,0.0765569988773206,False,91
568,0.08404402095939889,False,91
569,0.08970888794735808,False,91
570,0.09641525885521468,False,91
571,0.057591324476872166,False,91
572,0.05357433221379788,False,91
573,0.07996394381455676,False,91
574,0.05498585983820472,False,91
575,0.056463967720376755,False,91
576,0.04637606142137253,False,91
577,0.0793849673748207,False,91
578,0.05738127876774394,False,91
579,0.06789639821600245,False,91
580,0.09576915552328125,False,91
581,0.04481002541213324,False,91
582,0.06385118987827552,False,91
583,0.06564051280942677,False,91
584,0.064741806060768,False,91
585,0.10428857943977979,False,91
586,0.10962358213753677,False,91
587,0.10356609678692205,False,91
588,0.1197304755316521,False,91
589,0.12369879342568092,False,91
590,0.12415725427698861,False,91
591,0.09351598314461626,False,91
592,0.05866835352338438,False,91
593,0.04422381328029232,False,91
594,0.05036249918049144,False,91
595,0.07369006981243577,False,91
596,0.043435564458876426,False,91
597,0.06071734431840878,False,91
598,0.05808078268875355,False,91
599,0.05027255350953044,False,91
600,0.10462094083101747,False,91
601,0.040851345493812245,False,91
602,0.046340586300512174,False,91
603,0.05632806510663028,False,91
604,0.04675503438974643,False,91
605,0.10090587338127717,False,91
606,0.03716029072759791,False,91
607,0.03644709127133001,False,91
608,0.056631990259794006,False,91
609,0.03884943677460607,False,91
610,0.10679075503625643,False,91
611,0.03796819500541615,False,91
612,0.04616728422976793,False,91
613,0.049412915444070137,False,91
614,0.044775869183828414,False,91
615,0.10555133714389467,False,91
616,0.036704406670280396,False,91
617,0.05222614027960415,False,91
618,0.05009835870356236,False,91
619,0.04320870321095853,False,91
620,0.11170211017770369,False,91
621,0.04561746093542781,False,91
622,0.08771967179285865,False,91
623,0.05086827841315842,False,91
624,0.04996780554618944,False,91
625,0.11933128890800346,False,91
626,0.04487382621861786,False,91
627,0.07961889365094336,False,91
628,0.05116485025169793,False,91
629,0.035040186360146504,False,91
630,0.1276458568316068,False,91
631,0.039508884055685624,False,91
632,0.05742559333601377,False,91
633,0.052209507141056946,False,91
634,0.029222160667246644,False,91
635,0.13564334954760188,False,91
636,0.04010291124434446,False,91
637,0.061744257668708204,False,91
638,0.05045260030229055,False,91
639,0.029932949443111204,False,91
640,0.14270072815288368,False,91
641,0.04770327853678279,False,91
642,0.10302741969481,False,91
643,0.06604113835880361,False,91
644,0.1585556694641076,False,91
645,0.23517253160548418,False,91
646,0.19562928032376484,False,91
647,0.15174298564922808,False,91
648,0.19211129727250809,False,91
649,0.15447862433789109,False,91
650,0.20187273553507162,False,91
651,0.20217205104162764,False,91
652,0.20789390945397104,False,91
653,0.2291195122901072,False,91
654,0.21573866838294486,False,91
655,0.24349287283223364,False,91
656,0.2953895940830125,True,91
657,0.28605356393852804,True,91
658,0.2793649440886146,True,91
659,0.2735695398730332,False,91
660,0.25108844205510883,False,91
661,0.21059992179041157,False,91
662,0.21425329964251721,False,91
663,0.3185895730791771,True,91
664,0.30323591702022695,True,91
665,0.2724397387965775,False,91
666,0.07814911263803638,False,91
667,0.03975946038410039,False,91
668,0.1829956995696502,False,91
669,0.08700651042388485,False,91
670,0.2649377535022931,False,91
671,0.06542418783492358,False,91
672,0.04164303421254021,False,91
673,0.19922162848511904,False,91
674,0.134783579396805,False,91
675,0.35293867352559755,True,91
676,0.08179437001718265,False,91
677,0.07161892900626012,False,91
678,0.27726334240796796,True,91
679,0.10026290245586937,False,91
680,0.2219614558405661,False,91
681,0.10139906327325456,False,91
682,0.150849457823305,False,91
683,0.2991384081764116,True,91
684,0.09753473717995155,False,91
685,0.20559818975122987,False,91
686,0.10013204503619336,False,91
687,0.18283261865963735,False,91
688,0.3989314247984141,True,91
689,0.09056119134644265,False,91
690,0.19548680875015328,False,91
691,0.11453450857863712,False,91
692,0.1913332088563994,False,91
693,0.36992220082371624,True,91
694,0.09632906549338274,False,91
695,0.19899865944795547,False,91
696,0.0931784208918407,False,91
697,0.21322353132650768,False,91
698,0.352311952999911,True,91
699,0.1598019153233246,False,91
700,0.2092193218069466,False,91
701,0.11550333513996569,False,91
702,0.3118184449292161,True,91
703,0.30922646789249886,True,91
704,0.2568033375849971,False,91
705,0.23060302969855279,False,91
706,0.12127249734115912,False,91
707,0.38012950956727504,True,91
708,0.31290191095918585,True,91
709,0.19254559440982724,False,91
710,0.17349406749495613,False,91
711,0.24394155510994345,False,91
712,0.2043326123103579,False,91
713,0.3543435062449247,True,91
714,0.14273865585582154,False,91
715,0.2745953864034265,False,91
716,0.14463332012819863,False,91
717,0.19594220764465028,False,91
718,0.10985587826936137,False,91
719,0.10216448106348669,False,91
720,0.15258717614731276,False,91
721,0.10564152347333794,False,91
722,0.24489803286639622,False,91
723,0.2641292481395776,False,91
724,0.14307381843143532,False,91
725,0.15594671768680238,False,91
726,0.10008636663136232,False,91
727,0.2186692198581138,False,91
728,0.27847557941795237,True,91
729,0.22039362757121647,False,91
730,0.13280668838374332,False,91
731,0.1390696076670948,False,91
732,0.2420157837433968,False,91
733,0.2873081627191909,True,91
734,0.281757082073068,True,91
735,0.1275626749298327,False,91
736,0.15889972068528607,False,91
737,0.38260635110549746,True,91
738,0.2821862893773702,True,91
739,0.10709562194811678,False,91
740,0.12714797404152672,False,91
741,0.3310031301791974,True,91
742,0.4832003716300954,True,91
743,0.3729064533881289,True,91
744,0.1537064114587892,False,91
745,0.24407276102060851,False,91
746,0.36084012564605833,True,91
747,0.3468718428891565,True,91
748,0.29771793550193826,True,91
749,0.30816642218992285,True,91
750,0.39042727558568974,True,91
751,0.3897460942644608,True,91
752,0.3883150806028719,True,91
753,0.39767858517408144,True,91
754,0.23957513853742443,False,91
755,0.23095248826315762,False,91
756,0.23698868437417905,False,91
757,0.25206787870954506,False,91
758,0.21082359558666777,False,91
759,0.17969435593315092,False,91
760,0.21269573576924827,False,91
761,0.23405675132763892,False,91
762,0.22235370274973246,False,91
763,0.22015816542990463,False,91
764,0.22070654390616878,False,91
765,0.3160151811495122,True,91
766,0.2603504042734449,False,91
767,0.29606808808189466,True,91
768,0.2828276149183858,True,91
769,0.29043997020522555,True,91
770,0.32663496501187783,True,91
771,0.24040955486542645,False,91
772,0.3078071415372585,True,91
773,0.2572622064791239,False,91
774,0.2792567277325923,True,91
775,0.3010866175046838,True,91
776,0.28061396965070184,True,91
777,0.2771740328370336,True,91
778,0.2884834565659567,True,91
779,0.24843039387552196,False,91
780,0.2770993132946217,True,91
781,0.28427363270909417,True,91
782,0.266224386310489,False,91
783,0.28532125352668813,True,91
784,0.2742836520790469,False,91
785,0.2730612800417035,False,91
786,0.2970835077427765,True,91
787,0.27016081454132784,False,91
788,0.29304173917745574,True,91
789,0.29870417803823407,True,91
790,0.2901217164750409,True,91
791,0.30117823976949204,True,91
792,0.29884741800413184,True,91
793,0.2043941928316146,False,91
794,0.5983557974735589,True,91
795,0.1868768178829324,False,91
796,0.18707367809145017,False,91
797,0.24427520997404908,False,91
798,0.20100858203287397,False,91
799,0.11697100312410752,False,91
800,0.09964271005266558,False,91
801,0.04732543830842226,False,91
802,0.058762465631928204,False,91
803,0.1430092681017226,False,91
804,0.06309512763583983,False,91
805,0.12756122327971878,False,91
806,0.05197379140684281,False,91
807,0.05940545816796805,False,91
808,0.17394214922641246,False,91
809,0.0698935069871651,False,91
810,0.03894760871261312,False,91
811,0.10275500772369822,False,91
812,0.05690333387881132,False,91
813,0.08534317522484607,False,91
814,0.03763122870522768,False,91
815,0.04557348927466994,False,91
816,0.12788269807089828,False,91
817,0.05422150403770652,False,91
818,0.08661247880719769,False,91
819,0.049925387243133224,False,91
820,0.058413106186279797,False,91
821,0.221436020230389,False,91
822,0.08382859506994446,False,91
823,0.06879230408780955,False,91
824,0.12566060426125542,False,91
825,0.09153726106411449,False,91
826,0.12009331183282797,False,91
827,0.07359492415749276,False,91
828,0.079640592178208,False,91
829,0.14737782713906694,False,91
830,0.10186315936323868,False,91
831,0.12563220701172356,False,91
832,0.07198478274454682,False,91
833,0.07275549546833963,False,91
834,0.13865279453632845,False,91
835,0.08650732673559117,False,91
836,0.1119066391595124,False,91
837,0.061464079205155765,False,91
838,0.06709742925426246,False,91
839,0.15225829262294657,False,91
840,0.06905103239944906,False,91
841,0.12002505599733124,False,91
842,0.08869407701805318,False,91
843,0.11156953612734802,False,91
844,0.17012427055320803,False,91
845,0.18844710630644929,False,91
846,0.2972185135834912,True,91
847,0.15869165783111666,False,91
848,0.21604290659544062,False,91
849,0.3078714582795044,True,91
850,0.33953790926451005,True,91
851,0.30957262426596804,True,91
852,0.3289186345049482,True,91
853,0.39380849731845385,True,91
854,0.41934692990947114,True,91
855,0.431116745155879,True,91
856,0.5218091989939809,True,91
857,0.4790265726397134,True,91
858,0.4744744795940733,True,91
859,0.4792770122122994,True,91
860,0.44883970768522247,True,91
861,0.4157397774899795,True,91
862,0.4655287993100036,True,91
863,0.3040901822652377,True,91
864,0.3268122359832721,True,91
865,0.3239703910572471,True,91
866,0.032738036793675006,False,91
867,0.043921584734550545,False,91
868,0.05592761649552754,False,91
869,0.04976178800734355,False,91
870,0.034109752121194804,False,91
871,0.048846767207733066,False,91
872,0.049019150346511164,False,91
873,0.051149318214342716,False,91
874,0.038808669141497686,False,91
875,0.03149613190664505,False,91
876,0.043398775708253956,False,91
877,0.035800407205105945,False,91
878,0.06273721117074864,False,91
879,0.03677288727595736,False,91
880,0.05495821933791684,False,91
881,0.0857564051168412,False,91
882,0.06302640899422099,False,91
883,0.03928505240114296,False,91
884,0.05741661592061433,False,91
885,0.057624856231708856,False,91
886,0.06510393536936984,False,91
887,0.0494599644198244,False,91
888,0.12156234372168413,False,91
889,0.13343795884848408,False,91
890,0.06228120411652045,False,91
891,0.07858596137512612,False,91
892,0.06590015628691821,False,91
893,0.10512928167417719,False,91
894,0.2207666819908485,False,91
895,0.10658444536495293,False,91
896,0.047891514187879194,False,91
897,0.07794931283063082,False,91
898,0.08542135907634393,False,91
899,0.06814558200233535,False,91
900,0.03289795194455896,False,91
901,0.047023706074919465,False,91
902,0.04382388356582403,False,91
903,0.04979697617430544,False,91
904,0.07577798494820527,False,91
905,0.035863149371812744,False,91
906,0.05307704475560962,False,91
907,0.06723095320344184,False,91
908,0.05595858074836278,False,91
909,0.07544071382433533,False,91
910,0.05113509411778885,False,91
911,0.05271657359094413,False,91
912,0.07296093961283599,False,91
913,0.06345847222133601,False,91
914,0.08203963161811911,False,91
915,0.05462852780127543,False,91
916,0.05656929410085504,False,91
917,0.08501657315685746,False,91
918,0.06804101632590656,False,91
919,0.07590845959352864,False,91
920,0.0742241967533114,False,91
921,0.06703120371123392,False,91
922,0.10080652800322511,False,91
923,0.08289100664473269,False,91
924,0.09279574818454907,False,91
925,0.07975580720337945,False,91
926,0.09070695095467901,False,91
927,0.1158430471849816,False,91
928,0.08366193007815682,False,91
929,0.08448612363702439,False,91
930,0.06976215130319463,False,91
931,0.08422291908655498,False,91
932,0.21870504343284622,False,91
933,0.10706394715349431,False,91
934,0.06203510689449685,False,91
935,0.08760307421675424,False,91
936,0.07040761458076149,False,91
937,0.09431928913993258,False,91
938,0.05884269122225979,False,91
939,0.06297623484345231,False,91
940,0.10162324007402954,False,91
941,0.06758799966349405,False,91
942,0.1154232805136294,False,91
943,0.09969344465399738,False,91
944,0.18009593763117,False,91
945,0.3748863551720927,True,91
946,0.2739004273108439,False,91
947,0.3113765657438105,True,91
948,0.3313616171089773,True,91
949,0.41357852905309134,True,91
950,0.45042949550194816,True,91
951,0.4608569612590819,True,91
952,0.45230344810954876,True,91
953,0.45728069986520287,True,91
954,0.7539442704116143,True,91
955,0.8575536592199992,True,91
956,0.7920374413626775,True,91
957,0.7366822647256593,True,91
958,0.6558185354288529,True,91
959,0.5079701755974607,True,91
960,0.5294844024759466,True,91
961,0.6010904633687121,True,91
962,0.7595809151798745,True,91
963,0.841838595193698,True,91
964,0.45792842908659726,True,91
965,0.19266990800970177,False,91
966,0.2748880738286735,False,91
967,0.12167615208203159,False,91
968,0.20618666897141893,False,91
969,0.1733609033096631,False,91
970,0.1531569590308081,False,91
971,0.4439712826692028,True,91
972,0.2891388354105095,True,91
973,0.10602807692524624,False,91
974,0.22229537296123492,False,91
975,0.16872351831243282,False,91
976,0.14299156639605387,False,91
977,0.38502642478528315,True,91
978,0.2098186710351517,False,91
979,0.14278978850282,False,91
980,0.163829820744073,False,91
981,0.14501494377657229,False,91
982,0.12379642457529474,False,91
983,0.254497785726118,False,91
984,0.11009920890385111,False,91
985,0.12306956500410438,False,91
986,0.13828330087006283,False,91
987,0.11084126243067036,False,91
988,0.4078824799525919,True,91
989,0.16937986293457982,False,91
990,0.1687458604476839,False,91
991,0.3197027253356153,True,91
992,0.2697809079568248,False,91
993,0.25843458010258985,False,91
994,0.33583007753171124,True,91
995,0.2732226992376764,False,91
996,0.46237507759335017,True,91
997,0.5133550440595459,True,91
998,0.19309460716401305,False,91
999,0.3818033200874564,True,91
1000,0.7357589421505123,True,91
1001,0.6026411982744998,True,91
1002,0.786975690513089,True,91
1003,0.7065132667785077,True,91
1004,0.5792232214978562,True,91
1005,0.794200724203409,True,91
1006,0.5576625579967088,True,91
1007,1.0269390634965532,True,91
1008,0.6130733537663465,True,91
1009,0.7918216211190674,True,91
1010,0.8980632390180205,True,91
1011,0.863178828364335,True,91
1012,0.580919702602945,True,91
1013,0.7975574444524836,True,91
1014,0.7258131539050373,True,91
1015,0.7669164935958978,True,91
1016,0.8875190509973409,True,91
1017,0.34630399927403926,True,91
1018,0.36747041267183544,True,91
1019,0.6048257153859532,True,91
1020,0.6232869659317927,True,91
1021,0.6878296485098995,True,91
1022,0.6881295727489067,True,91
1023,0.7461223035647445,True,91
1024,0.7771945112210704,True,91
1025,0.37177222044195324,True,91
1026,0.5345964911943629,True,91
1027,0.635347943137767,True,91
1028,0.7043754616160285,True,91
1029,0.6598087313907709,True,91
1030,0.6500954882033598,True,91
1031,0.7266315365993172,True,91
1032,0.7527123250585065,True,91
1033,0.3424311923875307,True,91
1034,0.5739281576749448,True,91
1035,0.594116756684149,True,91
1036,0.6637159873217259,True,91
1037,0.6529798080353152,True,91
1038,0.650973670059572,True,91
1039,0.8222304416303183,True,91
1040,0.8792691995559871,True,91
1041,0.5420133724309405,True,91
1042,0.7889093236156902,True,91
1043,0.7714530476248055,True,91
1044,1.1038784351440425,True,91
1045,1.1245336301766855,True,91
1046,0.7018986406172699,True,91
1047,1.2093269627180365,True,91
1048,0.7784638705643001,True,91
1049,3.9293902737610917,True,91
1050,2.352045032186761,True,91
1051,0.9092892049714196,True,91
1052,1.1077919339493576,True,91
1053,0.6853990597994163,True,91
1054,0.7211328027993132,True,91
1055,0.819137869098032,True,91
1056,1.0862009570791713,True,91
1057,1.8451016764699983,True,91
1058,1.663740900195056,True,91
1059,0.9943934396609045,True,91
1060,0.9071270434526151,True,91
1061,0.9512981970747832,True,91
1062,1.1631939373354772,True,91
1063,1.0463646797112518,True,91
1064,1.0675978177816035,True,91
1065,0.7941187358791199,True,91
1066,0.21519677017493116,False,91
1067,0.5876845812559452,True,91
1068,0.1855936761065468,False,91
1069,0.09535455117960882,False,91
1070,0.06911358392903923,False,91
1071,0.09931593406915198,False,91
1072,0.09280257859038873,False,91
1073,0.10683537515193059,False,91
1074,0.2872681048700759,True,91
1075,0.3619364374638092,True,91
1076,0.23954053091680622,False,91
1077,0.3235255901351902,True,91
1078,0.3865893512785986,True,91
1079,0.20348814831661186,False,91
1080,0.6632054980502614,True,91
1081,0.23326135707142218,False,91
1082,0.09782040779158148,False,91
1083,0.12701512110239566,False,91
1084,0.07964125412387406,False,91
1085,0.11880875918482252,False,91
1086,0.1665797042177518,False,91
1087,0.144622538621714,False,91
1088,0.22311914019184007,False,91
1089,0.2934705042132006,True,91
1090,0.14465490562497088,False,91
1091,0.19835025503903914,False,91
1092,0.2295263997320164,False,91
1093,0.11187648851367663,False,91
1094,0.5186446791187105,True,91
1095,0.3455626782293048,True,91
1096,0.1153775382176198,False,91
1097,0.5960823388726437,True,91
1098,0.18472286840966515,False,91
1099,0.1359504160547189,False,91
1100,0.5274635824797704,True,91
1101,0.30116475957825506,True,91
1102,0.09263901782236499,False,91
1103,0.13062041273527533,False,91
1104,0.08348231305141253,False,91
1105,0.08483896237298243,False,91
1106,0.44093622397382887,True,91
1107,0.11670633797262187,False,91
1108,0.047108658754325856,False,91
1109,0.047872741570067656,False,91
1110,0.04485553837272399,False,91
1111,0.04839683878275993,False,91
1112,0.11781532876777356,False,91
1113,0.06813529784665796,False,91
1114,0.1104551928413884,False,91
1115,0.1710806679602041,False,91
1116,0.062140571653953584,False,91
1117,0.08077136957197674,False,91
1118,0.060762397934401385,False,91
1119,0.12147121886545094,False,91
1120,0.3291795819917827,True,91
1121,0.08856287232849076,False,91
1122,0.054506477506556586,False,91
1123,0.05699229472151211,False,91
1124,0.04857349591853736,False,91
1125,0.05092457396405344,False,91
1126,0.12695733886385985,False,91
1127,0.05765515704131143,False,91
1128,0.06763974954205326,False,91
1129,0.15345189481495097,False,91
1130,0.05117953705694805,False,91
1131,0.07136308066858185,False,91
1132,0.06021140603439891,False,91
1133,0.09440260640225151,False,91
1134,0.2931283191478749,True,91
1135,0.07564514878691816,False,91
1136,0.05261100332303607,False,91
1137,0.05553966873213971,False,91
1138,0.05078834110962029,False,91
1139,0.04454654475032725,False,91
1140,0.0944061649987445,False,91
1141,0.04981880808221354,False,91
1142,0.06007227004910268,False,91
1143,0.067104765224883,False,91
1144,0.10782790067153582,False,91
1145,0.16792224522898375,False,91
1146,0.23631062490895224,False,91
1147,0.3897326546148882,True,91
1148,0.4178754784524414,True,91
1149,0.33215556423675335,True,91
1150,0.40452303937743983,True,91
1151,0.4522728744248881,True,91
1152,0.5529888948574215,True,91
1153,0.594716516231875,True,91
1154,0.44770372606649345,True,91
1155,0.4531751960357904,True,91
1156,0.505167685689254,True,91
1157,1.76048800746171,True,91
1158,1.076684587207283,True,91
1159,0.941692539919068,True,91
1160,1.066191145765436,True,91
1161,1.063369677285038,True,91
1162,0.9107323244920568,True,91
1163,1.045125530893152,True,91
1164,0.9111368792140534,True,91
1165,1.219343808798264,True,91
1166,0.32567480140157884,True,91
1167,0.16867006447056415,False,91
1168,0.05590283715319287,False,91
1169,0.11878841170873759,False,91
1170,0.06109700851028469,False,91
1171,0.0571945007389833,False,91
1172,0.09025865181270513,False,91
1173,0.06533488372655168,False,91
1174,0.26000428229212547,False,91
1175,0.1416131349862919,False,91
1176,0.048410251193573145,False,91
1177,0.11833293380521372,False,91
1178,0.06609195238206832,False,91
1179,0.06722815088126458,False,91
1180,0.08815975026314704,False,91
1181,0.06813641713461623,False,91
1182,0.1995082433723047,False,91
1183,0.10988448748840648,False,91
1184,0.06209621542843899,False,91
1185,0.10576084591902361,False,91
1186,0.0948460240577706,False,91
1187,0.08960755455293225,False,91
1188,0.08987999261154797,False,91
1189,0.06369475960100525,False,91
1190,0.13618471096004905,False,91
1191,0.07200146962886128,False,91
1192,0.06697595372008036,False,91
1193,0.10473444892680805,False,91
1194,0.08289480733112242,False,91
1195,0.258562305078357,False,91
1196,0.1415192030825997,False,91
1197,0.060461339492890585,False,91
1198,0.11728002006388252,False,91
1199,0.09737071960775184,False,91
1200,0.09566838642532176,False,91
1201,0.10679210666584889,False,91
1202,0.08032634609339873,False,91
1203,0.16337475161911114,False,91
1204,0.07837473836797629,False,91
1205,0.06293606964990246,False,91
1206,0.1278031024716273,False,91
1207,0.08073379829291824,False,91
1208,0.30841347431345006,True,91
1209,0.1632465790729923,False,91
1210,0.04845461297593713,False,91
1211,0.1331881256051384,False,91
1212,0.06923580116378607,False,91
1213,0.06472058217504248,False,91
1214,0.09642954900519632,False,91
1215,0.07105314394162004,False,91
1216,0.21996268933965082,False,91
1217,0.1011460113808143,False,91
1218,0.0594298708787829,False,91
1219,0.10757538589690535,False,91
1220,0.07080757451307443,False,91
1221,0.07131494507670441,False,91
1222,0.09667956108126875,False,91
1223,0.07021134830045081,False,91
1224,0.5194032498841742,True,91
1225,0.10995369278752433,False,91
1226,0.05487956126076624,False,91
1227,0.12206208831144781,False,91
1228,0.07275917232559916,False,91
1229,0.06621029933180801,False,91
1230,0.09490407418453314,False,91
1231,0.06592383534502975,False,91
1232,0.38348077842695727,True,91
1233,0.09871857506572021,False,91
1234,0.05542557741596367,False,91
1235,0.12303735192319003,False,91
1236,0.07192002679245585,False,91
1237,0.06953648115618413,False,91
1238,0.09693055763173636,False,91
1239,0.06267956752552799,False,91
1240,0.5251806071665427,True,91
1241,0.09266188302476626,False,91
1242,0.10781861295279846,False,91
1243,0.25244539133690963,False,91
1244,0.2676028477254742,False,91
1245,0.37825807801361555,True,91
1246,0.8083560863827914,True,91
1247,1.4363401179534812,True,91
1248,0.5377676102412821,True,91
1249,0.4653194821487569,True,91
1250,0.4535828444638025,True,91
1251,0.5279664834663194,True,91
1252,0.587849760853544,True,91
1253,0.6016180701542321,True,91
1254,0.6420848935063714,True,91
1255,0.5863767803645215,True,91
1256,0.7448087358023484,True,91
1257,1.1024178903641406,True,91
1258,2.396170287430306,True,91
1259,2.355902302851957,True,91
1260,1.0721051500199574,True,91
1261,0.6508955665594145,True,91
1262,0.8316967453115434,True,91
1263,0.971534669624992,True,91
1264,0.8969270010719789,True,91
1265,0.8290584189314748,True,91
1266,0.603819601126896,True,91
1267,0.16439001741668657,False,91
1268,0.18351289158223769,False,91
1269,0.14129708443770578,False,91
1270,0.19478160924041057,False,91
1271,0.3075208729525958,True,91
1272,0.15807428810521107,False,91
1273,0.24861839273407194,False,91
1274,0.4579604790519054,True,91
1275,0.2541935282299915,False,91
1276,0.7751343368485438,True,91
1277,0.3939823146781046,True,91
1278,0.20774774194974718,False,91
1279,0.32608104999616466,True,91
1280,0.4111447980373435,True,91
1281,2.262976872617578,True,92
1282,0.8707645213619064,True,92
1283,1.2251767997106995,True,92
1284,1.2669938847716604,True,92
1285,1.0145785121512578,True,92
1286,0.9557417127184322,True,92
1287,0.6359494705108731,True,92
1288,0.5288319822066949,True,92
1289,0.6550731430085013,True,92
1290,0.2735969541344621,False,92
1291,0.18023351864171017,False,92
1292,0.22418682740940235,False,92
1293,0.21722990016776295,False,92
1294,0.15393955225406766,False,92
1295,0.1418867333008497,False,92
1296,0.09339717873173652,False,92
1297,0.13332710961268232,False,92
1298,0.04958973057056146,False,92
1299,0.040747999324158776,False,92
1300,0.041365871430241216,False,92
1301,0.02928382678246189,False,92
1302,0.019458163007748396,False,92
1303,0.019116060768053077,False,92
1304,0.03271496709847742,False,92
1305,0.02419686010053473,False,92
1306,0.017735306210176032,False,92
1307,0.016013784852493402,False,92
1308,0.01573886492124495,False,92
1309,0.01438089120712209,False,92
1310,0.01208376232321269,False,92
1311,0.010950877732164667,False,92
1312,0.010885463838292614,False,92
1313,0.010794109741199457,False,92
1314,0.01010377436530706,False,92
1315,0.009859477993347176,False,92
1316,0.010181423320023995,False,92
1317,0.009172759226070214,False,92
1318,0.007339755646465727,False,92
1319,0.006688452500818236,False,92
1320,0.007046250338888416,False,92
1321,0.01321300435678405,False,92
1322,0.020104773777949603,False,92
1323,0.023996507842342137,False,92
1324,0.02735702001992807,False,92
1325,0.026356326703629775,False,92
1326,0.024744499363316384,False,92
1327,0.022105937544107127,False,92
1328,0.020366188071238373,False,92
1329,0.018638975937218798,False,92
1330,0.015877470536196453,False,92
1331,0.01576478644175457,False,92
1332,0.015335459841325219,False,92
1333,0.014686756641940787,False,92
1334,0.013915540905813373,False,92
1335,0.0144015774763056,False,92
1336,0.015081062975065519,False,92
1337,0.015797356802306834,False,92
1338,0.01650405206356988,False,92
1339,0.017010375676167235,False,92
1340,0.018244296756733887,False,92
1341,0.02365681439923711,False,92
1342,0.028130282526597324,False,92
1343,0.03019029662533814,False,92
1344,0.03170357676357783,False,92
1345,0.03258193900732666,False,92
1346,0.03503117556018007,False,92
1347,0.03500140164432993,False,92
1348,0.033257725987428516,False,92
1349,0.029128966564933936,False,92
1350,0.030133516996930215,False,92
1351,0.056884692643472894,False,92
1352,0.05467352894628213,False,92
1353,0.060601461452968,False,92
1354,0.0531109629822674,False,92
1355,0.052978631971582875,False,92
1356,0.0608627067845878,False,92
1357,0.08064773475162378,False,92
1358,0.06891074405804358,False,92
1359,0.06448404125758977,False,92
1360,0.07158179240557437,False,92
1361,0.12656629649729353,False,92
1362,0.1939748208112615,False,92
1363,0.14946962893539556,False,92
1364,0.13394074552930882,False,92
1365,0.10487822278951493,False,92
1366,0.08687356495564293,False,92
1367,0.07806245454053812,False,92
1368,0.08514180272466229,False,92
1369,0.08713276027404243,False,92
1370,0.11389733890594056,False,92
1371,0.06824789730154358,False,92
1372,0.05764009162483007,False,92
1373,0.04818856738398447,False,92
1374,0.03590309136143231,False,92
1375,0.024468605956568915,False,92
1376,0.01640591491087238,False,92
1377,0.014848020757274932,False,92
1378,0.020819372064866178,False,92
1379,0.02832102336232984,False,92
1380,0.03519109425338849,False,92
1381,0.05662945467638208,False,92
1382,0.05407162961959197,False,92
1383,0.05457040239056924,False,92
1384,0.05764679571713841,False,92
1385,0.06388629630565464,False,92
1386,0.06552785992274951,False,92
1387,0.07191707624241477,False,92
1388,0.0667593571493397,False,92
1389,0.04919527980243082,False,92
1390,0.04287138235386945,False,92
1391,0.037056788114789345,False,92
1392,0.03212574958916492,False,92
1393,0.025322983416101365,False,92
1394,0.020270249801408798,False,92
1395,0.0177824834970845,False,92
1396,0.018102141392875463,False,92
1397,0.050907779457759,False,92
1398,0.04191586910493723,False,92
1399,0.056791499324838145,False,92
1400,0.07775848544209657,False,92
1401,0.11907466027766773,False,92
1402,0.14545672265247975,False,92
1403,0.8116854295103916,True,92
1404,0.40354324581047113,True,92
1405,0.4130979254372698,True,92
1406,0.4039828350084449,True,92
1407,0.25006586976977374,False,92
1408,0.20856898405061397,False,92
1409,0.20131836111595267,False,92
1410,0.11623103025288692,False,92
1411,0.13141082147648048,False,92
1412,0.17796097624757964,False,92
1413,0.23461157997430873,False,92
1414,0.24815195043679372,False,92
1415,0.22521287176390264,False,92
1416,0.18510112594284947,False,92
1417,0.08101382172870619,False,92
1418,0.0954122658697705,False,92
1419,0.14956081293661896,False,92
1420,0.07731164314269938,False,92
1421,0.07044879769413422,False,92
1422,0.06706363286011263,False,92
1423,0.0640832849548394,False,92
1424,0.05983711821425541,False,92
1425,0.050632647300918654,False,92
1426,0.04541149149100123,False,92
1427,0.05231007342619691,False,92
1428,0.051684864931785576,False,92
1429,0.04545725573910045,False,92
1430,0.04433855581754741,False,92
1431,0.04895323428564494,False,92
1432,0.04342430046389063,False,92
1433,0.04863345441191802,False,92
1434,0.044000335224767144,False,92
1435,0.04231135313755274,False,92
1436,0.04683861991167004,False,92
1437,0.05143881975699026,False,92
1438,0.05055923094523199,False,92
1439,0.04100820581224906,False,92
1440,0.03314991303723751,False,92
1441,0.03239581749243658,False,92
1442,0.032819359436067445,False,92
1443,0.02598350676622956,False,92
1444,0.016916795575815952,False,92
1445,0.01702951873797142,False,92
1446,0.019696643720857426,False,92
1447,0.020933864391523033,False,92
1448,0.021279725559908952,False,92
1449,0.030316584614177813,False,92
1450,0.023089400882772636,False,92
1451,0.019971753280445752,False,92
1452,0.016273078770909655,False,92
1453,0.012228171549120948,False,92
1454,0.009431590528143153,False,92
1455,0.010083849589180854,False,92
1456,0.014582720687999297,False,92
1457,0.01922514915178924,False,92
1458,0.11760303227847417,False,92
1459,0.04946950087881576,False,92
1460,0.023489232958645755,False,92
1461,0.014832628770045216,False,92
1462,0.01022750398553372,False,92
1463,0.00805689790905665,False,92
1464,0.008468699480978456,False,92
1465,0.011694891166246732,False,92
1466,0.013966008097213259,False,92
1467,0.014844497675018711,False,92
1468,0.023780701465261483,False,92
1469,0.013170692955444381,False,92
1470,0.010019255362393328,False,92
1471,0.00907975573514832,False,92
1472,0.009087638607204828,False,92
1473,0.0089114435489086,False,92
1474,0.008815104034680415,False,92
1475,0.008760171041585012,False,92
1476,0.00869204527443788,False,92
1477,0.008582492119247696,False,92
1478,0.008372045175777955,False,92
1479,0.007762188499931984,False,92
1480,0.007215700063978018,False,92
1481,0.025597620704256575,False,92
1482,0.0327777729179753,False,92
1483,0.03552425323187538,False,92
1484,0.03489962136920399,False,92
1485,0.03433780672647479,False,92
1486,0.03329646467307556,False,92
1487,0.030742238529315624,False,92
1488,0.025533885568187396,False,92
1489,0.017348031201198256,False,92
1490,0.004794098929280767,False,92
1491,0.00469899286056464,False,92
1492,0.0048474154258668824,False,92
1493,0.005420638491220139,False,92
1494,0.005926115230784082,False,92
1495,0.006030711684223939,False,92
1496,0.005825327125449327,False,92
1497,0.005471444344837184,False,92
1498,0.004977222737317719,False,92
1499,0.004678952753648209,False,92
1500,0.004522135599436483,False,92
1501,0.0048057607446844765,False,92
1502,0.005054329965514698,False,92
1503,0.005550803079821212,False,92
1504,0.005700047762283289,False,92
1505,0.005397623270886782,False,92
1506,0.0052863089605971955,False,92
1507,0.005188194164302901,False,92
1508,0.004664167773268969,False,92
1509,0.004188657648202462,False,92
1510,0.0032374155898656984,False,92
1511,0.003686848826382545,False,92
1512,0.003957259906519075,False,92
1513,0.004616723304363852,False,92
1514,0.005285153452675171,False,92
1515,0.006032280332248894,False,92
1516,0.006233646492270318,False,92
1517,0.006342276936478968,False,92
1518,0.006519419164178672,False,92
1519,0.0065112344090480405,False,92
1520,0.006304651262249761,False,92
1521,0.006446608882501817,False,92
1522,0.006771238795666781,False,92
1523,0.007132647164207331,False,92
1524,0.007941093404911937,False,92
1525,0.008418213946607243,False,92
1526,0.008298643558028342,False,92
1527,0.007726233293947185,False,92
1528,0.007970508108706632,False,92
1529,0.009389255471125534,False,92
1530,0.009448389583146562,False,92
1531,0.09404532067291511,False,92
1532,0.04278132031536702,False,92
1533,0.032629607802966296,False,92
1534,0.02789661306954946,False,92
1535,0.024261557026284526,False,92
1536,0.021548156924581285,False,92
1537,0.028984441376206423,False,92
1538,0.034446135633636056,False,92
1539,0.042798141991450114,False,92
1540,0.16118569837614818,False,92
1541,0.05469311810817963,False,92
1542,0.02764859424032365,False,92
1543,0.02744659650142406,False,92
1544,0.01885153618788124,False,92
1545,0.013405010264320264,False,92
1546,0.017465162278915234,False,92
1547,0.017285373409136915,False,92
1548,0.0193334994651799,False,92
1549,0.01589553355190465,False,92
1550,0.01943103522421019,False,92
1551,0.019600446680993096,False,92
1552,0.024432474545694992,False,92
1553,0.009611910261693458,False,92
1554,0.008045559703082301,False,92
1555,0.006552928427768661,False,92
1556,0.00643509794915034,False,92
1557,0.0076304794582922435,False,92
1558,0.009266491080123998,False,92
1559,0.01155481947701332,False,92
1560,0.011642882003871065,False,92
1561,0.009252471261216307,False,92
1562,0.007880890657271681,False,92
1563,0.007434350156808189,False,92
1564,0.007652219335210121,False,92
1565,0.007791578602789078,False,92
1566,0.007303621154759718,False,92
1567,0.0068894686450664275,False,92
1568,0.006234662988462029,False,92
1569,0.004977078163960216,False,92
1570,0.0035957846252399357,False,92
1571,0.0036210328884495727,False,92
1572,0.0036248362870540283,False,92
1573,0.0034807698688324846,False,92
1574,0.0032560906468968747,False,92
1575,0.0030098344208696957,False,92
1576,0.002900210603600448,False,92
1577,0.0028505659493431503,False,92
1578,0.0030290503003574856,False,92
1579,0.003196870133861019,False,92
1580,0.003372507893816547,False,92
1581,0.0035617119587220596,False,92
1582,0.0036608861021478916,False,92
1583,0.0036790043248409255,False,92
1584,0.0036971708997478115,False,92
1585,0.0037131065807204672,False,92
1586,0.003797168926929695,False,92
1587,0.003998676231186615,False,92
1588,0.0040795902427385065,False,92
1589,0.003936738490386557,False,92
1590,0.0032893190084504723,False,92
1591,0.0029525966701016934,False,92
1592,0.0026394317161599853,False,92
1593,0.0022861442824686704,False,92
1594,0.002188883294490851,False,92
1595,0.002271461857925485,False,92
1596,0.002540824250282067,False,92
1597,0.0028974043224597756,False,92
1598,0.00330722202857941,False,92
1599,0.0036127179772870665,False,92
1600,0.0040372032459612475,False,92
1601,0.004484861655840593,False,92
1602,0.0048149326639708705,False,92
1603,0.004829769222987716,False,92
1604,0.0046205340193791605,False,92
1605,0.004068424457850607,False,92
1606,0.0035479002556065365,False,92
1607,0.0033503692932216954,False,92
1608,0.0031941929496337434,False,92
1609,0.0031412103861088937,False,92
1610,0.0029630512907342648,False,92
1611,0.0027599673435925016,False,92
1612,0.0023234856014638957,False,92
1613,0.0019445344797623353,False,92
1614,0.0018653775233424576,False,92
1615,0.0019065207933771497,False,92
1616,0.0020391868099474404,False,92
1617,0.002069154960591087,False,92
1618,0.001927449041803022,False,92
1619,0.0016918193820194961,False,92
1620,0.0015893870717070002,False,92
1621,0.0016686604323189074,False,92
1622,0.001810897025005892,False,92
1623,0.0017431676939579088,False,92
1624,0.001729296812205372,False,92
1625,0.0016401196800953522,False,92
1626,0.001614425395277622,False,92
1627,0.0014688745271634364,False,92
1628,0.001327272646110577,False,92
1629,0.0012107987737064911,False,92
1630,0.0011961467108405118,False,92
1631,0.0011091670869945748,False,92
1632,0.0011294699691624117,False,92
1633,0.0011765739491299938,False,92
1634,0.0012460642111175126,False,92
1635,0.001301153336407264,False,92
1636,0.0013524399082674343,False,92
1637,0.0014271336543572148,False,92
1638,0.001449187013359636,False,92
1639,0.0014489343125384032,False,92
1640,0.001454836022521323,False,92
1641,0.0018736075958389992,False,92
1642,0.0026487207088922876,False,92
1643,0.0034430293958348924,False,92
1644,0.0045133152054209705,False,92
1645,0.005768911296079892,False,92
1646,0.006860281833509387,False,92
1647,0.007663738849918403,False,92
1648,0.008083538934910518,False,92
1649,0.008314926347442417,False,92
1650,0.008131938463047059,False,92
1651,0.007998094011853085,False,92
1652,0.007906729700867038,False,92
1653,0.007895876192150755,False,92
1654,0.007797839203879759,False,92
1655,0.007802853736073444,False,92
1656,0.0444249059327735,False,92
1657,0.03503449834760647,False,92
1658,0.029962759431759738,False,92
1659,0.023839244679855286,False,92
1660,0.020789944688980506,False,92
1661,0.020988859107863807,False,92
1662,0.026110672513821764,False,92
1663,0.0303215462298595,False,92
1664,0.03617998097213485,False,92
1665,0.015008212360932029,False,92
1666,0.013906228220898594,False,92
1667,0.01435107777415964,False,92
1668,0.01562288701828487,False,92
1669,0.015473108690283158,False,92
1670,0.01463172732517569,False,92
1671,0.016813716520356875,False,92
1672,0.018346973505676812,False,92
1673,0.01836626390295759,False,92
1674,0.019142849591852657,False,92
1675,0.018547132098566017,False,92
1676,0.017696391439733335,False,92
1677,0.015799891929853295,False,92
1678,0.01420022285704302,False,92
1679,0.013552961601563641,False,92
1680,0.05481524510453695,False,92
1681,0.11330971370714654,False,92
1682,0.20130925720740298,False,92
1683,0.3447781801219884,True,92
1684,0.48877607555116476,True,92
1685,0.6230389291817515,True,92
1686,0.7891812931168318,True,92
1687,0.9906814381422527,True,92
1688,1.2204943911247559,True,92
1689,1.5009064243684778,True,92
1690,1.8598759175945605,True,92
1691,2.287743469993707,True,92
1692,2.728665215249469,True,92
1693,3.108456727620633,True,92
1694,3.416101410151099,True,92
1695,3.6459376746739602,True,92
1696,3.782036247321375,True,92
1697,3.879412650507566,True,92
1698,4.000127922084382,True,92
1699,4.253204380441526,True,92
1700,4.588273794710461,True,92
1701,4.381548393965048,True,92
1702,3.579567565358226,True,92
1703,2.969869417247543,True,92
1704,2.615397326026746,True,92
1705,2.159940452470976,True,92
1706,1.7072091731237267,True,92
1707,1.3581350061250617,True,92
1708,0.9832669775071076,True,92
1709,0.679147234804879,True,92
1710,0.20564608202367848,False,92
1711,0.21186366509059776,False,92
1712,0.18409136661088413,False,92
1713,0.18182069281796598,False,92
1714,0.17249238159774344,False,92
1715,0.1539296045454189,False,92
1716,0.12745448060108486,False,92
1717,0.10064735398111842,False,92
1718,0.138324696416727,False,92
1719,0.1958730199567658,False,92
1720,0.1900537009609515,False,92
1721,0.17746564450749405,False,92
1722,0.1865867962336463,False,92
1723,0.2028181797285467,False,92
1724,0.2307043275825263,False,92
1725,0.22717989474571856,False,92
1726,0.18901737956460107,False,92
1727,0.12351095954512109,False,92
1728,0.09293870903054771,False,92
1729,0.054824820859541365,False,92
1730,0.05093442077616354,False,92
1731,0.04641455244452028,False,92
1732,0.038702760997553175,False,92
1733,0.03623429381160488,False,92
1734,0.03822159636305309,False,92
1735,0.03626842065581054,False,92
1736,0.033436875007501206,False,92
1737,0.032795343308513865,False,92
1738,0.03309782868327803,False,92
1739,0.029198147098047526,False,92
1740,0.016218044284553666,False,92
1741,0.01190921642934844,False,92
1742,0.007510095506935057,False,92
1743,0.005611003745841592,False,92
1744,0.006235249599814827,False,92
1745,0.007712206664464425,False,92
1746,0.008264161034057919,False,92
1747,0.0074729299774355515,False,92
1748,0.005498369433099737,False,92
1749,0.0034970387296142697,False,92
1750,0.0024292241291923693,False,92
1751,0.0023120892602484172,False,92
1752,0.0025191237589556256,False,92
1753,0.00269979352717841,False,92
1754,0.0029553593585670687,False,92
1755,0.0030759042254131126,False,92
1756,0.002897295044067931,False,92
1757,0.002588991079787788,False,92
1758,0.0025680916126135725,False,92
1759,0.0029290759311663877,False,92
1760,0.003820993740985918,False,92
1761,0.004679224957195809,False,92
1762,0.00521658394137696,False,92
1763,0.005103039664205997,False,92
1764,0.004544749487870367,False,92
1765,0.003981528413622375,False,92
1766,0.003645367587026841,False,92
1767,0.003512818243365327,False,92
1768,0.0035168055610895832,False,92
1769,0.00360924276060256,False,92
1770,0.0034957101228325995,False,92
1771,0.0036744786685793973,False,92
1772,0.003993841221527926,False,92
1773,0.004353895750923268,False,92
1774,0.004510150936735483,False,92
1775,0.004597065939446591,False,92
1776,0.005283037247377038,False,92
1777,0.007007085252884751,False,92
1778,0.009686286232169203,False,92
1779,0.012264304186610389,False,92
1780,0.013518778967290208,False,92
1781,0.01709371954206937,False,92
1782,0.02095685113252904,False,92
1783,0.026335296109012127,False,92
1784,0.047273799708586736,False,92
1785,0.05190747454110117,False,92
1786,0.04271419748598967,False,92
1787,0.0320108737041857,False,92
1788,0.026093716377870394,False,92
1789,0.020921915489147756,False,92
1790,0.01643621206676414,False,92
1791,0.023353146634920878,False,92
1792,0.02657310353507078,False,92
1793,0.02296621531905687,False,92
1794,0.017391005081830026,False,92
1795,0.01513492704088407,False,92
1796,0.01578948422363417,False,92
1797,0.01367718296928297,False,92
1798,0.011998620694530822,False,92
1799,0.014014657401456897,False,92
1800,0.01820554442677985,False,92
1801,0.01661754616583517,False,92
1802,0.011937402632133253,False,92
1803,0.0076457635172228556,False,92
1804,0.007048483652672984,False,92
1805,0.0077629387782309515,False,92
1806,0.009099988700271325,False,92
1807,0.011639107328209417,False,92
1808,0.012454873841937905,False,92
1809,0.012947787612568536,False,92
1810,0.012623848972544361,False,92
1811,0.011763773403566937,False,92
1812,0.01216824123843134,False,92
1813,0.012642020425912828,False,92
1814,0.013308136514764495,False,92
1815,0.014889287641540998,False,92
1816,0.016486068610363277,False,92
1817,0.0165276457848477,False,92
1818,0.01688552055880419,False,92
1819,0.01759694524184006,False,92
1820,0.020911012970458363,False,92
1821,0.023029137353044418,False,92
1822,0.024625325961986907,False,92
1823,0.030197770873968122,False,92
1824,0.029479839212668855,False,92
1825,0.02440128231613908,False,92
1826,0.014451386165255367,False,92
1827,0.0060516178936753096,False,92
1828,0.00371018522073764,False,92
1829,0.007458504930017155,False,92
1830,0.011668645477959165,False,92
1831,0.013617437456274854,False,92
1832,0.012032876569870638,False,92
1833,0.008701738736409156,False,92
1834,0.006261404025591272,False,92
1835,0.006881826167438435,False,92
1836,0.008443771081591486,False,92
1837,0.010470229892233753,False,92
1838,0.011238019912094338,False,92
1839,0.012189021994156666,False,92
1840,0.010427499224527776,False,92
1841,0.007250938892927703,False,92
1842,0.004245728688977997,False,92
1843,0.0026105377206240765,False,92
1844,0.0027434176631321566,False,92
1845,0.004189577786591359,False,92
1846,0.005139588586143369,False,92
1847,0.0048649363415820285,False,92
1848,0.00397405045383914,False,92
1849,0.00324550176795742,False,92
1850,0.002978855393152076,False,92
1851,0.0029819856074878048,False,92
1852,0.0033102718721430067,False,92
1853,0.0036867301523158076,False,92
1854,0.0041794303669850695,False,92
1855,0.004528193480915405,False,92
1856,0.004697031875837216,False,92
1857,0.004392946573316887,False,92
1858,0.003641150372457044,False,92
1859,0.0031537632223252433,False,92
1860,0.002988985847202669,False,92
1861,0.0028545227840636226,False,92
1862,0.002314283918392479,False,92
1863,0.0021960701084775386,False,92
1864,0.0022611483738052937,False,92
1865,0.002452917802377833,False,92
1866,0.0025433501342675027,False,92
1867,0.002731007286772651,False,92
1868,0.0031231474984578186,False,92
1869,0.004370213061134127,False,92
1870,0.005694159790652967,False,92
1871,0.008117216368632794,False,92
1872,0.00932359447932195,False,92
1873,0.00884066974629563,False,92
1874,0.006841156026691252,False,92
1875,0.004093422848231641,False,92
1876,0.0056902674339642115,False,92
1877,0.00504260171001098,False,92
1878,0.005563698745619475,False,92
1879,0.005663586517861579,False,92
1880,0.005783737997448772,False,92
1881,0.005251811800285717,False,92
1882,0.006971326779659237,False,92
1883,0.005611518332441205,False,92
1884,0.006815666380220506,False,92
1885,0.00532798644713995,False,92
1886,0.005183381481121509,False,92
1887,0.006135264212434289,False,92
1888,0.00785292537489126,False,92
1889,0.0069000216486749715,False,92
1890,0.007462277026911771,False,92
1891,0.006169509154005969,False,92
1892,0.005441516178035082,False,92
1893,0.004978835728973687,False,92
1894,0.006017474668268203,False,92
1895,0.006657994947552748,False,92
1896,0.0077827950620400965,False,92
1897,0.0101836325542622,False,92
1898,0.013009759510693495,False,92
1899,0.013832241940077969,False,92
1900,0.012047627968417234,False,92
1901,0.010936304459331416,False,92
1902,0.014149317645669837,False,92
1903,0.011977400682022462,False,92
1904,0.013881576376820986,False,92
1905,0.012396739929642743,False,92
1906,0.013976182230798781,False,92
1907,0.011331987503848891,False,92
1908,0.00952731101345806,False,92
1909,0.013609819975859463,False,92
1910,0.01250773114273968,False,92
1911,0.012386954534339686,False,92
1912,0.012261209391276728,False,92
1913,0.008167802739708492,False,92
1914,0.005632731963569739,False,92
1915,0.005043735919750342,False,92
1916,0.0048611762423434535,False,92
1917,0.005622865559288208,False,92
1918,0.007549215340499437,False,92
1919,0.006721584576392334,False,92
1920,0.008785150795070673,False,92
1921,0.007695765074691956,False,92
1922,0.008855065647665332,False,92
1923,0.011338140534394709,False,92
1924,0.008033465409874251,False,92
1925,0.008513816206797266,False,92
1926,0.005244499689311098,False,92
1927,0.004873134210427745,False,92
1928,0.005434831055299163,False,92
1929,0.007017571168344142,False,92
1930,0.005847729680124636,False,92
1931,0.007522835222701891,False,92
1932,0.009970868064739891,False,92
1933,0.01463857040076409,False,92
1934,0.023032085854254564,False,92
1935,0.02264721179467109,False,92
1936,0.016791232696086074,False,92
1937,0.017117778582888998,False,92
1938,0.019001618200837223,False,92
1939,0.025775660659328698,False,92
1940,0.039208682371881465,False,92
1941,0.04342665094061134,False,92
1942,0.048579890876374265,False,92
1943,0.03126203042806508,False,92
1944,0.01894677554380033,False,92
1945,0.017416301546262065,False,92
1946,0.01628351800570227,False,92
1947,0.01988224732700487,False,92
1948,0.023593527818249464,False,92
1949,0.034668966118314305,False,92
1950,0.04068301349322889,False,92
1951,0.03665412878078306,False,92
1952,0.030691933874761164,False,92
1953,0.023750350079530344,False,92
1954,0.025405242215811346,False,92
1955,0.036420724687783256,False,92
1956,0.031117681966744495,False,92
1957,0.04598469452097186,False,92
1958,0.0366867936075702,False,92
1959,0.04203124531390837,False,92
1960,0.0399000019041043,False,92
1961,0.024433061952787254,False,92
1962,0.020340430982503432,False,92
1963,0.029757366612667972,False,92
1964,0.022547675268651594,False,92
1965,0.02139877577279999,False,92
1966,0.03953519465663381,False,92
1967,0.014184081322836389,False,92
1968,0.016316923376365207,False,92
1969,0.021798562360788518,False,92
1970,0.016669396418366355,False,92
1971,0.030902643440011205,False,92
1972,0.015932333699452524,False,92
1973,0.020012792480415532,False,92
1974,0.018290644972516028,False,92
1975,0.01300074127195099,False,92
1976,0.033126207602005235,False,92
1977,0.02700217637865466,False,92
1978,0.03613261303411391,False,92
1979,0.021164198012240794,False,92
1980,0.06808709806763323,False,92
1981,0.11211573247563807,False,92
1982,0.1965014450100795,False,92
1983,0.22501266240509785,False,92
1984,0.3521710848442433,True,92
1985,0.5668430686903441,True,92
1986,0.6095679253490776,True,92
1987,0.8822016947125282,True,92
1988,0.891729879196018,True,92
1989,1.2018077156721165,True,92
1990,1.5482664706558114,True,92
1991,1.865659629843174,True,92
1992,2.195251295276372,True,92
1993,2.1172852655650405,True,92
1994,2.5375882953806492,True,92
1995,2.696583594540046,True,92
1996,2.720465730494868,True,92
1997,2.7455824787109764,True,92
1998,2.422827939973409,True,92
1999,2.614385648047139,True,92
2000,2.6650232550353645,True,92
2001,2.5556944800023382,True,92
2002,2.454890591958847,True,92
2003,2.523988517932719,True,92
2004,2.4855213671629963,True,92
2005,2.5954673436568036,True,92
2006,2.5423096871232644,True,92
2007,2.6140892948124694,True,92
2008,2.5925311638226316,True,92
2009,2.7101601748205213,True,92
2010,2.7396279792575733,True,92
2011,2.6829518188003125,True,92
2012,2.8154202872865985,True,92
2013,2.74385076026689,True,92
2014,2.9562887155220614,True,92
2015,2.8958789210976454,True,92
2016,2.820802834573206,True,92
2017,3.039031252100205,True,92
2018,2.7894339529263763,True,92
2019,3.2112998244100854,True,92
2020,2.9445011241531054,True,92
2021,3.094132978018908,True,92
2022,3.1142469377923945,True,92
2023,3.030766369530826,True,92
2024,3.326961398815226,True,92
2025,2.946006605883613,True,92
2026,3.4840680815997507,True,92
2027,3.078521546569076,True,92
2028,3.2837383962916493,True,92
2029,3.3104991951650096,True,92
2030,3.2360635080093796,True,92
2031,3.5254477111848357,True,92
2032,3.313492208356304,True,92
2033,3.839255751418945,True,92
2034,3.4225302504541752,True,92
2035,3.3687568571418995,True,92
2036,3.5383163287709616,True,92
2037,3.311942874792036,True,92
2038,3.587821220736629,True,92
2039,3.3115362988223582,True,92
2040,3.543228220059805,True,92
2041,3.611339183649214,True,92
2042,3.550447285877719,True,92
2043,3.7793409389211354,True,92
2044,3.670615511385308,True,92
2045,3.6506657884165725,True,92
2046,3.5736322171031847,True,92
2047,3.6857396776768896,True,92
2048,3.607957956831593,True,92
2049,3.6644904810582895,True,92
2050,3.6569527659666594,True,92
2051,3.641976098903299,True,92
2052,3.6364387838783494,True,92
2053,3.6738369543846017,True,92
2054,3.6949481448073147,True,92
2055,3.634218528142665,True,92
2056,3.659435844920423,True,92
2057,3.707185615340959,True,92
2058,3.65856162100456,True,92
2059,3.6860185807455172,True,92
2060,3.7394484481248775,True,92
2061,3.707879788672237,True,92
2062,3.7440265662943726,True,92
2063,3.7301216754366755,True,92
2064,3.7572519631686174,True,92
2065,3.781640397786672,True,92
2066,3.733780144518422,True,92
2067,3.7485450369986983,True,92
2068,3.7846803107511158,True,92
2069,3.780873130056703,True,92
2070,3.7997968445799652,True,92
2071,3.8028082496545137,True,92
2072,3.8107704843042693,True,92
2073,3.8063985319752662,True,92
2074,3.7972604799016105,True,92
2075,3.7974039589228545,True,92
2076,3.807502009759139,True,92
2077,3.8125466880479792,True,92
2078,3.809767435770503,True,92
2079,3.8089927737891394,True,92
2080,3.832187846029099,True,92
2081,3.3819591220291327,True,92
2082,3.0869561090377275,True,92
2083,2.1719070543525625,True,92
2084,1.6174744105960404,True,92
2085,1.2771513494154036,True,92
2086,0.8976707767348638,True,92
2087,1.1813809019421024,True,92
2088,0.7225644328757554,True,92
2089,1.125635585884158,True,92
2090,0.6107105118530971,True,92
2091,0.6160412685126715,True,92
2092,0.6085474829204139,True,92
2093,0.6405155030642605,True,92
2094,0.6623968870892764,True,92
2095,0.6026114372239816,True,92
2096,0.7872455543844965,True,92
2097,0.8547006479430324,True,92
2098,0.8884663658562506,True,92
2099,0.967588713031455,True,92
2100,0.8782800507390236,True,92
2101,0.8192662489196834,True,92
2102,0.8035848607078194,True,92
2103,0.9813814880732715,True,92
2104,0.8356779532301408,True,92
2105,0.8045525382076589,True,92
2106,1.0295919804024436,True,92
2107,0.7230176945456415,True,92
2108,0.7845683202932389,True,92
2109,0.6761808700633866,True,92
2110,0.6930286368101743,True,92
2111,0.7667235788631033,True,92
2112,0.6379747474130344,True,92
2113,0.6470862836367263,True,92
2114,0.5903278589113274,True,92
2115,0.6699165433591082,True,92
2116,0.6805653457355928,True,92
2117,0.6509883108326223,True,92
2118,0.6672564691037666,True,92
2119,0.6822784697921376,True,92
2120,0.6620009671332343,True,92
2121,0.6746829211486641,True,92
2122,0.6131145553976679,True,92
2123,0.6320966306333634,True,92
2124,0.7399004987359903,True,92
2125,0.9779184620584745,True,92
2126,1.0629063953569788,True,92
2127,0.6455875867357437,True,92
2128,0.5481230494138748,True,92
2129,0.5180502767626599,True,92
2130,0.6125216828994486,True,92
2131,0.5855823638972735,True,92
2132,0.5410857037783947,True,92
2133,0.40798137430161857,True,92
2134,0.3619920233475644,True,92
2135,0.37967346267217134,True,92
2136,0.3984789399893511,True,92
2137,0.44407605065897754,True,92
2138,0.4619905503577379,True,92
2139,0.5640714604770687,True,92
2140,0.5930662609103912,True,92
2141,0.710624725302065,True,92
2142,0.8442301657844151,True,92
2143,0.9242126221971042,True,92
2144,1.0640587674349336,True,92
2145,1.1417531991573777,True,92
2146,1.3170879385762506,True,92
2147,1.5517360864994714,True,92
2148,1.8198900825642081,True,92
2149,1.9128180773511718,True,92
2150,5.699951800268659,True,92
2151,6.2773847768432605,True,92
2152,1.475666594107933,True,92
2153,0.8295637604944263,True,92
2154,0.7213015811142882,True,92
2155,0.594549923362459,True,92
2156,3.966336002887475,True,92
2157,5.85321723721962,True,92
2158,0.024996411068021158,False,92
2159,0.034785245195280305,False,92
2160,0.03565366607202528,False,92
2161,0.045618927372510075,False,92
2162,0.05273175266250837,False,92
2163,0.05250283770000617,False,92
2164,0.06372415519630108,False,92
2165,0.04881705825202603,False,92
2166,0.08009936865624917,False,92
2167,0.04796200385705052,False,92
2168,0.036547507534812215,False,92
2169,0.03333153047706585,False,92
2170,0.027064505056368277,False,92
2171,0.03170389788458824,False,92
2172,0.019007444661201196,False,92
2173,0.01626256592222815,False,92
2174,0.018682347714783616,False,92
2175,0.02338238945441877,False,92
2176,0.03886140318476494,False,92
2177,0.042965556792237077,False,92
2178,0.04649376949880581,False,92
2179,0.061259931041302895,False,92
2180,0.05484568755085616,False,92
2181,0.06161152533049217,False,92
2182,0.05204485225885176,False,92
2183,0.04684043376701417,False,92
2184,0.04082240167237813,False,92
2185,0.031270104534887655,False,92
2186,0.028016839435466505,False,92
2187,0.025082622517620053,False,92
2188,0.028363062905141168,False,92
2189,0.028049076027551915,False,92
2190,0.029910516553971294,False,92
2191,0.035606093737275295,False,92
2192,0.04523782794353734,False,92
2193,0.049927905300790235,False,92
2194,0.04407181356593954,False,92
2195,0.06295140037966027,False,92
2196,0.046648063919233235,False,92
2197,0.04689996690506804,False,92
2198,0.04562536977675152,False,92
2199,0.037652852645867006,False,92
2200,0.03460223867842635,False,92
2201,0.03629660045969957,False,92
2202,0.035436108664851695,False,92
2203,0.028904708561945557,False,92
2204,0.02785361095910128,False,92
2205,0.035166369329868954,False,92
2206,0.0427921826206033,False,92
2207,0.06637181294287535,False,92
2208,0.06701107547369246,False,92
2209,0.09267220540034728,False,92
2210,0.08773408414881613,False,92
2211,0.10017543522240942,False,92
2212,0.09552099769763732,False,92
2213,0.09145174578891116,False,92
2214,0.07895014035963194,False,92
2215,0.06454431185867364,False,92
2216,0.06470464857454176,False,92
2217,0.047974043088589914,False,92
2218,0.03943152422124916,False,92
2219,0.03816097408011848,False,92
2220,0.03556307496861083,False,92
2221,0.034956032124522196,False,92
2222,0.04127101397806206,False,92
2223,0.06348115376612404,False,92
2224,0.06471146001294012,False,92
2225,0.08037822944847274,False,92
2226,0.09540386140105306,False,92
2227,0.10328718954429324,False,92
2228,0.14135881636354847,False,92
2229,0.12829914795427688,False,92
2230,0.15417737435948528,False,92
2231,0.13492209927762916,False,92
2232,0.1631352467665492,False,92
2233,0.19927259497084282,False,92
2234,0.16705245884966136,False,92
2235,0.18090155880532874,False,92
2236,0.17342680653671763,False,92
2237,0.187683336531162,False,92
2238,0.1787272340543374,False,92
2239,0.20585162848001126,False,92
2240,0.2370393496416853,False,92
2241,0.24471000763125117,False,92
2242,0.26360956036911926,False,92
2243,0.2696732770979577,False,92
2244,0.23128866204523613,False,92
2245,0.24211032547378072,False,92
2246,0.26584502730344134,False,92
2247,0.3215568234201594,True,92
2248,0.37191225763842234,True,92
2249,0.45553065680429267,True,92
2250,0.22058752571730708,False,92
2251,0.3392488009950542,True,92
2252,0.28005905785371216,True,92
2253,0.1825367997603144,False,92
2254,0.17382181992651036,False,92
2255,0.16534191568751397,False,92
2256,0.1917189584283185,False,92
2257,0.1799030364426717,False,92
2258,0.15771044940037857,False,92
2259,0.022539692505932334,False,92
2260,0.023690675246644324,False,92
2261,0.02429502431100548,False,92
2262,0.026483450546612084,False,92
2263,0.02310832222018402,False,92
2264,0.022693751574023584,False,92
2265,0.023153257620494166,False,92
2266,0.022925450569016546,False,92
2267,0.027446631381934507,False,92
2268,0.023654650524052252,False,92
2269,0.022860043688209788,False,92
2270,0.022049127487133176,False,92
2271,0.021409130740070295,False,92
2272,0.027414396459630685,False,92
2273,0.03127513091633355,False,92
2274,0.026393151211602538,False,92
2275,0.028274909608130415,False,92
2276,0.03344319025092922,False,92
2277,0.027520429596992944,False,92
2278,0.031395693469494584,False,92
2279,0.025262105085476907,False,92
2280,0.02529661581651208,False,92
2281,0.030766490058403737,False,92
2282,0.029302536860322335,False,92
2283,0.03923687319835057,False,92
2284,0.030311073636873267,False,92
2285,0.045587699990391986,False,92
2286,0.03821549697202575,False,92
2287,0.035490388365653235,False,92
2288,0.02574783878976474,False,92
2289,0.019691958695819363,False,92
2290,0.008084550072843633,False,92
2291,0.007039799224331285,False,92
2292,0.007006752695951221,False,92
2293,0.007149988999003466,False,92
2294,0.01145162796266186,False,92
2295,0.008213889416144395,False,92
2296,0.008275888018558167,False,92
2297,0.009075184420827354,False,92
2298,0.008487057047664181,False,92
2299,0.011337279623081169,False,92
2300,0.007667356312406369,False,92
2301,0.007840258553802312,False,92
2302,0.007061653710579101,False,92
2303,0.006755824629653858,False,92
2304,0.008591375268579891,False,92
2305,0.004970552510292649,False,92
2306,0.005399011496815541,False,92
2307,0.0052399330157337255,False,92
2308,0.004887022457629474,False,92
2309,0.008810011811853383,False,92
2310,0.005354585906775418,False,92
2311,0.0054078136969480314,False,92
2312,0.005285571023439104,False,92
2313,0.005570368591825351,False,92
2314,0.008544145792966147,False,92
2315,0.004998748777834725,False,92
2316,0.005561112346735169,False,92
2317,0.005267091091007403,False,92
2318,0.006009612110616682,False,92
2319,0.00908976584706372,False,92
2320,0.005818688546336597,False,92
2321,0.0064361601245773725,False,92
2322,0.006506948778732589,False,92
2323,0.0073172415796428,False,92
2324,0.008878914972047021,False,92
2325,0.005470916352058857,False,92
2326,0.007177403572309801,False,92
2327,0.0062782281736724534,False,92
2328,0.007031586891277824,False,92
2329,0.00843632438413556,False,92
2330,0.0062823281822222635,False,92
2331,0.009823182877013899,False,92
2332,0.014051156399380914,False,92
2333,0.033194793144904755,False,92
2334,0.08361618645039223,False,92
2335,0.18295000766216227,False,92
2336,0.10270226658752293,False,92
2337,0.1086043238992548,False,92
2338,0.091883060912605,False,92
2339,0.12248143423569915,False,92
2340,0.13824860724802746,False,92
2341,0.13315622465183086,False,92
2342,0.14159046835946,False,92
2343,0.1188933007764828,False,92
2344,0.15003934657630458,False,92
2345,0.15879891715597486,False,92
2346,0.16635562751208965,False,92
2347,0.20409155122548453,False,92
2348,0.15830109506038598,False,92
2349,0.1687517845167819,False,92
2350,0.16612521388801538,False,92
2351,0.1576343035836524,False,92
2352,0.1489751628653795,False,92
2353,0.14532571029039087,False,92
2354,0.09685643440766308,False,92
2355,0.1062751549095891,False,92
2356,0.14086818211398863,False,92
2357,0.041782687223888636,False,92
2358,0.04839383090212291,False,92
2359,0.06299941220538936,False,92
2360,0.0803026629631594,False,92
2361,0.09425018434973705,False,92
2362,0.1107712221121449,False,92
2363,0.11920102326720673,False,92
2364,0.11917865057794168,False,92
2365,0.1198284463163507,False,92
2366,0.12102223151120255,False,92
2367,0.10193954513391723,False,92
2368,0.11290835370086312,False,92
2369,0.06878194212110944,False,92
2370,0.05466269851016803,False,92
2371,0.042487717056232395,False,92
2372,0.038044463452748485,False,92
2373,0.026867778988879865,False,92
2374,0.02540227052147056,False,92
2375,0.025947658850157408,False,92
2376,0.03447977189401042,False,92
2377,0.04707359166892744,False,92
2378,0.05395698815811889,False,92
2379,0.059202859078897586,False,92
2380,0.06707163742065296,False,92
2381,0.07031098034197573,False,92
2382,0.07846753845808878,False,92
2383,0.07414930115223993,False,92
2384,0.0658630495835809,False,92
2385,0.06178407371869421,False,92
2386,0.05472224719160012,False,92
2387,0.051741129840429285,False,92
2388,0.04605352876718305,False,92
2389,0.03772329117325113,False,92
2390,0.03610299136916385,False,92
2391,0.04776670733060391,False,92
2392,0.058695537368581185,False,92
2393,0.0890971277190286,False,92
2394,0.07937957913780151,False,92
2395,0.09269005489792934,False,92
2396,0.10820426808036972,False,92
2397,0.13270714850114093,False,92
2398,0.13844433642076803,False,92
2399,0.1454263325228852,False,92
2400,0.1502812655634459,False,92
2401,0.14973028306578037,False,92
2402,0.14146163969655653,False,92
2403,0.1303871084122284,False,92
2404,0.1137377160954834,False,92
2405,0.09682414061642083,False,92
2406,0.08118890288570542,False,92
2407,0.0644546564157685,False,92
2408,0.04852952057195996,False,92
2409,0.03697616949848146,False,92
2410,0.029100348008303696,False,92
2411,0.0280504450390099,False,92
2412,0.03339229749057384,False,92
2413,0.04625348691640165,False,92
2414,0.048413677951266575,False,92
2415,0.06620875809497695,False,92
2416,0.08563284318769696,False,92
2417,0.09790864059096069,False,92
2418,0.1277029549898854,False,92
2419,0.15524058797355506,False,92
2420,0.15538859341928044,False,92
2421,0.11074182891138187,False,92
2422,0.11040599787526027,False,92
2423,0.10335097287611535,False,92
2424,0.10544872159599293,False,92
2425,0.09617414614734018,False,92
2426,0.0859418289520507,False,92
2427,0.10856466825394716,False,92
2428,0.08614983455465838,False,92
2429,0.05922205827800464,False,92
2430,0.05113966747864738,False,92
2431,0.1826082338461048,False,93
2432,0.19043941615070045,False,93
2433,0.28225652741604834,True,93
2434,0.32861925494396904,True,93
2435,0.4039399551601459,True,93
2436,0.46637866352207674,True,93
2437,0.4438625166732193,True,93
2438,0.3954298411293105,True,93
2439,0.39067001341839214,True,93
2440,0.4335205186471392,True,93
2441,0.3564034166633309,True,93
2442,0.3483524415174003,True,93
2443,0.3997845337166236,True,93
2444,0.284722317167983,True,93
2445,0.22220325708270322,False,93
2446,0.2974378584270748,True,93
2447,0.17069491910743495,False,93
2448,0.07914326529378765,False,93
2449,0.07958894744262286,False,93
2450,0.09959242772857431,False,93
2451,0.31346490996786236,True,93
2452,0.0238080183690198,False,93
2453,0.021590691815341487,False,93
2454,0.022889367906120145,False,93
2455,0.017034321160440638,False,93
2456,0.013630370326751509,False,93
2457,0.011428362082073562,False,93
2458,0.01341626333225076,False,93
2459,0.010539452017589225,False,93
2460,0.010942888428717394,False,93
2461,0.01077437626922701,False,93
2462,0.010142375099417358,False,93
2463,0.008744944987554765,False,93
2464,0.007423423754548481,False,93
2465,0.007136842677246678,False,93
2466,0.00756312273601376,False,93
2467,0.007706653504034531,False,93
2468,0.007857299909561166,False,93
2469,0.008438207349139448,False,93
2470,0.009057183961620589,False,93
2471,0.016013946660067512,False,93
2472,0.023130220726761172,False,93
2473,0.027156338343759072,False,93
2474,0.031400584996652395,False,93
2475,0.033934326621309414,False,93
2476,0.03527036855771644,False,93
2477,0.033302968759003154,False,93
2478,0.031496279969012546,False,93
2479,0.026602641662378496,False,93
2480,0.020949564754392934,False,93
2481,0.019154459697055037,False,93
2482,0.01782304146540092,False,93
2483,0.017113903360475927,False,93
2484,0.016730700631716017,False,93
2485,0.016190044173516018,False,93
2486,0.015560540697838176,False,93
2487,0.015320251280181543,False,93
2488,0.014746916524541291,False,93
2489,0.014085203534565972,False,93
2490,0.012964556932278907,False,93
2491,0.013345169305345813,False,93
2492,0.015256189833725476,False,93
2493,0.01881662604375788,False,93
2494,0.02158373811525671,False,93
2495,0.023099850481266105,False,93
2496,0.02398233856210125,False,93
2497,0.02432111920340967,False,93
2498,0.023613017094974046,False,93
2499,0.021651262114113484,False,93
2500,0.019968545868933568,False,93
2501,0.02028001146354608,False,93
2502,0.02223233887334569,False,93
2503,0.02321049603807389,False,93
2504,0.030145895318032006,False,93
2505,0.048871826415222,False,93
2506,0.05455573039291135,False,93
2507,0.05458042618530993,False,93
2508,0.0960911833949752,False,93
2509,0.08777135230375206,False,93
2510,0.08452902638496464,False,93
2511,0.15608799080320407,False,93
2512,0.15090752648192157,False,93
2513,0.19083451687934422,False,93
2514,0.2882888956191211,True,93
2515,0.2862014860043749,True,93
2516,0.26009480686393505,False,93
2517,0.17020362573290057,False,93
2518,0.08439426545720197,False,93
2519,0.08778848980785164,False,93
2520,0.08349855096636953,False,93
2521,0.08831542433054894,False,93
2522,0.06513354541548606,False,93
2523,0.06239341051996176,False,93
2524,0.06851787448041027,False,93
2525,0.07459428547677928,False,93
2526,0.07720533533703086,False,93
2527,0.07240501648980488,False,93
2528,0.06550625921378357,False,93
2529,0.05804951249438909,False,93
2530,0.051848380214006805,False,93
2531,0.07059464789604089,False,93
2532,0.07490282797633244,False,93
2533,0.0628861585999804,False,93
2534,0.05571690116130992,False,93
2535,0.05717440326843343,False,93
2536,0.06468675034379989,False,93
2537,0.07680556040215632,False,93
2538,0.0812965647276904,False,93
2539,0.10553177936710784,False,93
2540,0.09782414079910932,False,93
2541,0.10012424166357908,False,93
2542,0.08637325756907858,False,93
2543,0.07984107694551115,False,93
2544,0.05332736997221431,False,93
2545,0.04906219609506393,False,93
2546,0.04391435211836336,False,93
2547,0.05020810042354722,False,93
2548,0.05117032023376798,False,93
2549,0.062335053798597787,False,93
2550,0.07331850766657634,False,93
2551,0.21230081779281124,False,93
2552,0.24708914361710563,False,93
2553,0.21614286254947368,False,93
2554,0.22258969686854613,False,93
2555,0.23389106627709505,False,93
2556,0.2063263962017287,False,93
2557,0.21036947469300568,False,93
2558,0.2262641663214187,False,93
2559,0.28690263507856234,True,93
2560,0.3381399766277035,True,93
2561,0.678818414223628,True,93
2562,0.49751000900051634,True,93
2563,0.34135378908291464,True,93
2564,0.3314591687119645,True,93
2565,0.30900630530867174,True,93
2566,0.2759956901959926,False,93
2567,0.1670803217422868,False,93
2568,0.2172852820383106,False,93
2569,0.21282646349960482,False,93
2570,0.22669118841602728,False,93
2571,0.16590499250671858,False,93
2572,0.14520241851290794,False,93
2573,0.14365211902025424,False,93
2574,0.13693677802371015,False,93
2575,0.13854771548310346,False,93
2576,0.13089922398160825,False,93
2577,0.1282225048706501,False,93
2578,0.1318259267864367,False,93
2579,0.1286095912360463,False,93
2580,0.1075089163922623,False,93
2581,0.09106430649022086,False,93
2582,0.09486991106268368,False,93
2583,0.09706605017315545,False,93
2584,0.08226122957628866,False,93
2585,0.13727337975079545,False,93
2586,0.18624332904312077,False,93
2587,0.11530027080040292,False,93
2588,0.08300336012820778,False,93
2589,0.07949253175451244,False,93
2590,0.06763060253831332,False,93
2591,0.057153734338017806,False,93
2592,0.06019896934664881,False,93
2593,0.06268143916981533,False,93
2594,0.05772462027719979,False,93
2595,0.09158703854111636,False,93
2596,0.11211391718114598,False,93
2597,0.05766305089501307,False,93
2598,0.042247960395255926,False,93
2599,0.03970349901744069,False,93
2600,0.03596192393124065,False,93
2601,0.030708922298375935,False,93
2602,0.03071183695405345,False,93
2603,0.027669564910709637,False,93
2604,0.02714524515412143,False,93
2605,0.037923806250148816,False,93
2606,0.06684410793025027,False,93
2607,0.031094746666508882,False,93
2608,0.023299568468699506,False,93
2609,0.020822279379621608,False,93
2610,0.01883040187858344,False,93
2611,0.016652451885185354,False,93
2612,0.0157244966251263,False,93
2613,0.015400185050638218,False,93
2614,0.017610160715057763,False,93
2615,0.02641603220669399,False,93
2616,0.05107698345720778,False,93
2617,0.025587041259467487,False,93
2618,0.02007590267801575,False,93
2619,0.01840229514389189,False,93
2620,0.01787272448924168,False,93
2621,0.017157734337234287,False,93
2622,0.01503309294116192,False,93
2623,0.015026281966856372,False,93
2624,0.016801732856985947,False,93
2625,0.01610858397902612,False,93
2626,0.04006987905097549,False,93
2627,0.02309770593954861,False,93
2628,0.01571930034535141,False,93
2629,0.01396841443591445,False,93
2630,0.014733695336713698,False,93
2631,0.03352620498128692,False,93
2632,0.046526451722295116,False,93
2633,0.0555820680875041,False,93
2634,0.06086432300722599,False,93
2635,0.07071986685191436,False,93
2636,0.06133663226867386,False,93
2637,0.04903563032937264,False,93
2638,0.04300047645863338,False,93
2639,0.030504275839496428,False,93
2640,0.021430305731172154,False,93
2641,0.02606224638102197,False,93
2642,0.028942461354295786,False,93
2643,0.02879610998938768,False,93
2644,0.026731182862889703,False,93
2645,0.028370951303922847,False,93
2646,0.0355879197571935,False,93
2647,0.04613801179184447,False,93
2648,0.03963572969737605,False,93
2649,0.026515791685798148,False,93
2650,0.018491936447503365,False,93
2651,0.01494608217924086,False,93
2652,0.013083339670362164,False,93
2653,0.01255639826748041,False,93
2654,0.012799187960880707,False,93
2655,0.01269827432415488,False,93
2656,0.013219054279990051,False,93
2657,0.013527231838322813,False,93
2658,0.013172674617713537,False,93
2659,0.012927057346841743,False,93
2660,0.011324131399384114,False,93
2661,0.030769240479526134,False,93
2662,0.02688773837485474,False,93
2663,0.02999317318704886,False,93
2664,0.03345769281545823,False,93
2665,0.03328369090884258,False,93
2666,0.032000769476602055,False,93
2667,0.030540749540357806,False,93
2668,0.032012406381388546,False,93
2669,0.03849063845617631,False,93
2670,0.04284585003317629,False,93
2671,0.031134470421359823,False,93
2672,0.01827105363820028,False,93
2673,0.01060076423175735,False,93
2674,0.007178500456116366,False,93
2675,0.008242771486536956,False,93
2676,0.012083894345774301,False,93
2677,0.016298723608558316,False,93
2678,0.010345404861008848,False,93
2679,0.008202500692461354,False,93
2680,0.007417007441809934,False,93
2681,0.0830417972709238,False,93
2682,0.1572890948501894,False,93
2683,0.2237757258271613,False,93
2684,0.23451079502370084,False,93
2685,0.13722494674118865,False,93
2686,0.22664644475231033,False,93
2687,0.19816160500980073,False,93
2688,0.1371125440923112,False,93
2689,0.09894570367846416,False,93
2690,0.03004410752384516,False,93
2691,0.018515547481919987,False,93
2692,0.026309166647344676,False,93
2693,0.027639323149366485,False,93
2694,0.022338435608131653,False,93
2695,0.026269024264354665,False,93
2696,0.04180385457190386,False,93
2697,0.03316821528774909,False,93
2698,0.03659879860595968,False,93
2699,0.012824665824921387,False,93
2700,0.009780899389576438,False,93
2701,0.010295101554520078,False,93
2702,0.01178630445299599,False,93
2703,0.011811949095109298,False,93
2704,0.013011084840904037,False,93
2705,0.01112748374060232,False,93
2706,0.011823132671025064,False,93
2707,0.009500886720991452,False,93
2708,0.008498343876878684,False,93
2709,0.008102944403178129,False,93
2710,0.007874521689110311,False,93
2711,0.007916606265079219,False,93
2712,0.008152654639332893,False,93
2713,0.00818451417164972,False,93
2714,0.008750554299011065,False,93
2715,0.009515273518709535,False,93
2716,0.010122554882264437,False,93
2717,0.01020372529507185,False,93
2718,0.00978854654026336,False,93
2719,0.008726758874632118,False,93
2720,0.006815076964213263,False,93
2721,0.006794680472662167,False,93
2722,0.006894859701596853,False,93
2723,0.007087539075895451,False,93
2724,0.007232264002471327,False,93
2725,0.007306316962368685,False,93
2726,0.026525855764920395,False,93
2727,0.025461259658530126,False,93
2728,0.020746105452765746,False,93
2729,0.01756874147908808,False,93
2730,0.015585893069936617,False,93
2731,0.013324222330045698,False,93
2732,0.011969198631087781,False,93
2733,0.010319173120084854,False,93
2734,0.009477108053418067,False,93
2735,0.008287586006774345,False,93
2736,0.012447980262180159,False,93
2737,0.009531660416667647,False,93
2738,0.007700458330596679,False,93
2739,0.006694566666616428,False,93
2740,0.005509086133556658,False,93
2741,0.005256776260851259,False,93
2742,0.0051721842033300115,False,93
2743,0.0055833766829982,False,93
2744,0.006240510948822811,False,93
2745,0.007318179664540066,False,93
2746,0.008585677766496482,False,93
2747,0.009696848578306886,False,93
2748,0.010396955963839744,False,93
2749,0.010769230301994684,False,93
2750,0.010577459516282335,False,93
2751,0.009923503486144913,False,93
2752,0.008782825245657738,False,93
2753,0.007150659154560673,False,93
2754,0.00565654967421511,False,93
2755,0.00464042660149706,False,93
2756,0.0041264754471491295,False,93
2757,0.004131906774411512,False,93
2758,0.004161052691740144,False,93
2759,0.0042387205501849805,False,93
2760,0.0040990358516760856,False,93
2761,0.004589099111330292,False,93
2762,0.005085189157474686,False,93
2763,0.005488411804537894,False,93
2764,0.005621146232231473,False,93
2765,0.00547278757293636,False,93
2766,0.005138309247636748,False,93
2767,0.004653477616299298,False,93
2768,0.00420194190947823,False,93
2769,0.003928208000528511,False,93
2770,0.0038804797633781975,False,93
2771,0.004019302226997709,False,93
2772,0.004383314301946982,False,93
2773,0.00458049395040826,False,93
2774,0.00450772990055981,False,93
2775,0.0042672692866528765,False,93
2776,0.004038319599876164,False,93
2777,0.003815822050554507,False,93
2778,0.003524155338667596,False,93
2779,0.0032333959473736947,False,93
2780,0.003320105750004148,False,93
2781,0.004065219828835773,False,93
2782,0.005509888548658041,False,93
2783,0.007730577677690615,False,93
2784,0.01092765578553948,False,93
2785,0.015191611135858272,False,93
2786,0.020677166102459964,False,93
2787,0.025911054002072664,False,93
2788,0.031729324778736044,False,93
2789,0.03809833962880906,False,93
2790,0.049702540641470415,False,93
2791,0.08261016820176459,False,93
2792,0.12845815386499118,False,93
2793,0.1616756578097554,False,93
2794,0.18973020578093594,False,93
2795,0.22000760469271322,False,93
2796,0.23822777599352674,False,93
2797,0.2576406292027901,False,93
2798,0.2732449033215128,False,93
2799,0.2778451350682544,True,93
2800,0.29765480144096995,True,93
2801,0.31349378494476354,True,93
2802,0.3268875419670662,True,93
2803,0.3435610119014199,True,93
2804,0.36432928923616387,True,93
2805,0.3828461882649299,True,93
2806,0.426993322366824,True,93
2807,0.4181903748632619,True,93
2808,0.4253971888037036,True,93
2809,0.46175517688673295,True,93
2810,0.5394967709315314,True,93
2811,0.6790966612276866,True,93
2812,0.8190320645610287,True,93
2813,1.0922731847869906,True,93
2814,1.4653240947657888,True,93
2815,2.2232147942231295,True,93
2816,2.770753931635259,True,93
2817,3.40661590617351,True,93
2818,4.130030032098861,True,93
2819,4.936968502909365,True,93
2820,5.806984098722948,True,93
2821,6.772626335320021,True,93
2822,7.767884183340771,True,93
2823,8.773537833123846,True,93
2824,9.717515109790165,True,93
2825,10.611055003383266,True,93
2826,11.482771696348914,True,93
2827,12.491179373266466,True,93
2828,13.644586595811406,True,93
2829,14.94691398537792,True,93
2830,16.118489898352422,True,93
2831,17.01664126926703,True,93
2832,18.02518819319921,True,93
2833,18.659348961846774,True,93
2834,19.223449759225783,True,93
2835,19.873997039658303,True,93
2836,20.25296218001302,True,93
2837,20.922980518343483,True,93
2838,21.018155644987427,True,93
2839,22.014398561127756,True,93
2840,21.91982787485308,True,93
2841,22.4084377321941,True,93
2842,22.843957417951312,True,93
2843,23.22913466072478,True,93
2844,23.507014776385997,True,93
2845,23.743222464912105,True,93
2846,23.989232594606634,True,93
2847,24.24498035584321,True,93
2848,24.469337680649744,True,93
2849,24.436641290179853,True,93
2850,24.342401799556875,True,93
2851,24.336304461258866,True,93
2852,24.394175029234045,True,93
2853,24.548556419363784,True,93
2854,24.77274184927782,True,93
2855,25.083930389340583,True,93
2856,25.45346969898978,True,93
2857,25.795756448380313,True,93
2858,26.082743772216965,True,93
2859,26.289749616772472,True,93
2860,26.465702356131253,True,93
2861,26.638341929414743,True,93
2862,26.851907428432494,True,93
2863,27.03347498592783,True,93
2864,27.256011888934996,True,93
2865,27.422660968326483,True,93
2866,27.65670969022538,True,93
2867,27.88220058997451,True,93
2868,28.172573451304203,True,93
2869,28.434312885975935,True,93
2870,28.846188288301672,True,93
2871,29.139424682953614,True,93
2872,29.52908440902414,True,93
2873,29.888634913390003,True,93
2874,30.243941135473058,True,93
2875,30.52753255486598,True,93
2876,30.766818297734257,True,93
2877,30.933640106606266,True,93
2878,30.990506915713052,True,93
2879,31.04534560136682,True,93
2880,31.019201836924353,True,93
2881,29.77499172516055,True,93
2882,29.418607223378018,True,93
2883,27.36156874020429,True,93
2884,25.47907579448901,True,93
2885,22.332489654353562,True,93
2886,20.035524596142146,True,93
2887,16.839893226496997,True,93
2888,13.916967466553666,True,93
2889,12.426167138732174,True,93
2890,8.24219919907975,True,93
2891,6.517830333556131,True,93
2892,5.054614374151531,True,93
2893,4.407619319303864,True,93
2894,3.134835951553905,True,93
2895,1.742357824638613,True,93
2896,1.0071736222160528,True,93
2897,0.6862472431217987,True,93
2898,0.49412059733844965,True,93
2899,0.35155650764299295,True,93
2900,0.2497735611389688,False,93
2901,0.182038987727859,False,93
2902,0.132485569744504,False,93
2903,0.0957641205936988,False,93
2904,0.06758035151695166,False,93
2905,0.047366481387539884,False,93
2906,0.03315443426588385,False,93
2907,0.024907329497056936,False,93
2908,0.020407942560197068,False,93
2909,0.017606827736132973,False,93
2910,0.014969540635516752,False,93
2911,0.011990846355534037,False,93
2912,0.009272602482747463,False,93
2913,0.007737482649658194,False,93
2914,0.007580145614853308,False,93
2915,0.008469837689369167,False,93
2916,0.009127665539030144,False,93
2917,0.008579284970800282,False,93
2918,0.007257201888547828,False,93
2919,0.0067430019123791655,False,93
2920,0.007537121541025124,False,93
2921,0.008996670102070477,False,93
2922,0.01052517336792802,False,93
2923,0.01192802538101749,False,93
2924,0.012853053100869604,False,93
2925,0.01290887598111128,False,93
2926,0.011877862925852157,False,93
2927,0.010533928467603967,False,93
2928,0.009414729389953996,False,93
2929,0.009002458419221452,False,93
2930,0.009812036231987686,False,93
2931,0.01932821094513336,False,93
2932,0.03220462504098922,False,93
2933,0.05717328782483523,False,93
2934,0.08085583586121012,False,93
2935,0.06632430232250001,False,93
2936,0.06013416579983185,False,93
2937,0.05243145442400857,False,93
2938,0.04585990988379331,False,93
2939,0.03965589831127437,False,93
2940,0.03704212073141824,False,93
2941,0.04175475363921633,False,93
2942,0.04365699244369368,False,93
2943,0.04165092822111265,False,93
2944,0.027170768060987942,False,93
2945,0.028163267323448243,False,93
2946,0.025573002622089763,False,93
2947,0.019048526772693444,False,93
2948,0.013274629882211833,False,93
2949,0.01224736092647967,False,93
2950,0.01954819681267786,False,93
2951,0.0223502760375582,False,93
2952,0.021153685076904166,False,93
2953,0.01791744693963461,False,93
2954,0.014643595766730834,False,93
2955,0.012813678982309349,False,93
2956,0.013720833039354938,False,93
2957,0.014563821995019339,False,93
2958,0.015595624028876107,False,93
2959,0.015647970793470092,False,93
2960,0.019235265099490625,False,93
2961,0.021701799507157154,False,93
2962,0.019408326999485123,False,93
2963,0.014011725601582507,False,93
2964,0.008913538528611726,False,93
2965,0.0067113446428059215,False,93
2966,0.006947565438390176,False,93
2967,0.007532055794300039,False,93
2968,0.00761005871688437,False,93
2969,0.007919976650493753,False,93
2970,0.008732693818533477,False,93
2971,0.01004007473899358,False,93
2972,0.012146303240127256,False,93
2973,0.014616140732099813,False,93
2974,0.016591897451973134,False,93
2975,0.018144339904087717,False,93
2976,0.018792846515265298,False,93
2977,0.020373318355364482,False,93
2978,0.03156653667869007,False,93
2979,0.027006970941163402,False,93
2980,0.023193079405042717,False,93
2981,0.024959433642951737,False,93
2982,0.029696093446368043,False,93
2983,0.035983014886468136,False,93
2984,0.04068140152136647,False,93
2985,0.04482525482293875,False,93
2986,0.03910324705512599,False,93
2987,0.01994393337031112,False,93
2988,0.013461707981848446,False,93
2989,0.02522200171809654,False,93
2990,0.03786948281140881,False,93
2991,0.04013302824297004,False,93
2992,0.030908519972962192,False,93
2993,0.019196253034238754,False,93
2994,0.014422890162307045,False,93
2995,0.015328799938719362,False,93
2996,0.018334187656986013,False,93
2997,0.020062036851812973,False,93
2998,0.021014799037635864,False,93
2999,0.02138543169786338,False,93
3000,0.017430125319272755,False,93
3001,0.011750614977023389,False,93
3002,0.010181560534932205,False,93
3003,0.0151703645373309,False,93
3004,0.021263744521271423,False,93
3005,0.022110020926599583,False,93
3006,0.01823129450399123,False,93
3007,0.012595130592920839,False,93
3008,0.009396109274963404,False,93
3009,0.007880590180819899,False,93
3010,0.0081664338140825,False,93
3011,0.009730814112327938,False,93
3012,0.010337631924823199,False,93
3013,0.008967148819157151,False,93
3014,0.007103502412754107,False,93
3015,0.007128833639898764,False,93
3016,0.00987275088353912,False,93
3017,0.013011912875906528,False,93
3018,0.013639063531950388,False,93
3019,0.01185770438312623,False,93
3020,0.008427619424462934,False,93
3021,0.006288897515860618,False,93
3022,0.005925496946522467,False,93
3023,0.0072283453564507116,False,93
3024,0.009342488672652267,False,93
3025,0.009474154094408797,False,93
3026,0.007997580582330082,False,93
3027,0.006952092327595035,False,93
3028,0.00828110891051572,False,93
3029,0.01075806001617807,False,93
3030,0.011658369187359865,False,93
3031,0.010114579931812912,False,93
3032,0.007541346001324061,False,93
3033,0.005905892470148087,False,93
3034,0.006185585620512443,False,93
3035,0.007556249674383093,False,93
3036,0.007970347862731908,False,93
3037,0.007042472158643562,False,93
3038,0.0058492810149206485,False,93
3039,0.00614784584472617,False,93
3040,0.007914329364587063,False,93
3041,0.00937152119028278,False,93
3042,0.009304232710936864,False,93
3043,0.008064315253042062,False,93
3044,0.006705594085643723,False,93
3045,0.006219354978422639,False,93
3046,0.006654101750892395,False,93
3047,0.007533902479507337,False,93
3048,0.007866681700652033,False,93
3049,0.007698620335164927,False,93
3050,0.007836210352805522,False,93
3051,0.008570134630295732,False,93
3052,0.009827937928067415,False,93
3053,0.010452574923187415,False,93
3054,0.009816557507583753,False,93
3055,0.008649618872787514,False,93
3056,0.008056390026188803,False,93
3057,0.008094433001561185,False,93
3058,0.008818157456746389,False,93
3059,0.009402567138165058,False,93
3060,0.00951888031975059,False,93
3061,0.009721952542315442,False,93
3062,0.010279980849092613,False,93
3063,0.011153828597009407,False,93
3064,0.012026957575478812,False,93
3065,0.012205972493125234,False,93
3066,0.011517750802452216,False,93
3067,0.010628546385423505,False,93
3068,0.009829069246846085,False,93
3069,0.009652179085955642,False,93
3070,0.009903366943490475,False,93
3071,0.010092152226204828,False,93
3072,0.01038219695844226,False,93
3073,0.010868510464937848,False,93
3074,0.011190699012197752,False,93
3075,0.011258012062567685,False,93
3076,0.010836714077632597,False,93
3077,0.009910449519710495,False,93
3078,0.009162066929799815,False,93
3079,0.008714357655514237,False,93
3080,0.008674250597603197,False,93
3081,0.010734221414200782,False,93
3082,0.016113917407549465,False,93
3083,0.03159151514038588,False,93
3084,0.034453702625444206,False,93
3085,0.03181787814518396,False,93
3086,0.025860094649585264,False,93
3087,0.02525238744554043,False,93
3088,0.026304947071892047,False,93
3089,0.033971819146128304,False,93
3090,0.042701480682575274,False,93
3091,0.03950309944612727,False,93
3092,0.029894069506960642,False,93
3093,0.021136815702325045,False,93
3094,0.025476058169611664,False,93
3095,0.027086851117102486,False,93
3096,0.02240834119180763,False,93
3097,0.01637931645780823,False,93
3098,0.013579932403192054,False,93
3099,0.013852608483252848,False,93
3100,0.015501563814634805,False,93
3101,0.01831230595557512,False,93
3102,0.018533444084036697,False,93
3103,0.015921142410929793,False,93
3104,0.013284816773432212,False,93
3105,0.012356222046718055,False,93
3106,0.013174146266670116,False,93
3107,0.014057924644487423,False,93
3108,0.013401632854507526,False,93
3109,0.012065674247462457,False,93
3110,0.011660436556699492,False,93
3111,0.013226747206836,False,93
3112,0.013685459742389666,False,93
3113,0.012165267504765808,False,93
3114,0.0110049199030242,False,93
3115,0.010929242178832422,False,93
3116,0.011859961481256702,False,93
3117,0.01525557307531908,False,93
3118,0.013086451435999527,False,93
3119,0.014817930429946008,False,93
3120,0.01142149347305837,False,93
3121,0.012340722791097564,False,93
3122,0.011039271023536976,False,93
3123,0.012314280080158684,False,93
3124,0.014391562883740263,False,93
3125,0.011966175789155984,False,93
3126,0.012175172760778443,False,93
3127,0.011629047221117439,False,93
3128,0.014558761158085532,False,93
3129,0.013947119389616083,False,93
3130,0.013218360361267454,False,93
3131,0.012508947956435305,False,93
3132,0.011948256557948145,False,93
3133,0.010215345203016358,False,93
3134,0.012601362100439306,False,93
3135,0.013143645483952823,False,93
3136,0.011935936329521479,False,93
3137,0.013893272982618735,False,93
3138,0.012433233188029824,False,93
3139,0.014008803094681185,False,93
3140,0.014176234401031752,False,93
3141,0.015614772799392614,False,93
3142,0.016598254390762464,False,93
3143,0.011311158949286167,False,93
3144,0.013602718639602024,False,93
3145,0.016432548074479178,False,93
3146,0.014914966939348195,False,93
3147,0.021968569817496782,False,93
3148,0.014652575396175774,False,93
3149,0.014526736639949384,False,93
3150,0.016334912350651407,False,93
3151,0.01873494752041967,False,93
3152,0.020341226642855852,False,93
3153,0.014034567832892786,False,93
3154,0.01156529737503118,False,93
3155,0.015775816335796576,False,93
3156,0.011723521353436888,False,93
3157,0.028219015283450676,False,93
3158,0.01912991174374767,False,93
3159,0.013183423355687608,False,93
3160,0.01810178067478019,False,93
3161,0.014503676221899565,False,93
3162,0.01689168841287131,False,93
3163,0.01654063506059093,False,93
3164,0.02257859183739667,False,93
3165,0.017103836153193937,False,93
3166,0.03245827474610845,False,93
3167,0.017756464348618755,False,93
3168,0.01494777098254366,False,93
3169,0.016121569630674293,False,93
3170,0.011428479605430138,False,93
3171,0.031496290665634245,False,93
3172,0.019891729410382444,False,93
3173,0.04145234016601631,False,93
3174,0.027641824469184676,False,93
3175,0.01533989908188648,False,93
3176,0.017026227376806403,False,93
3177,0.011714889949825395,False,93
3178,0.028351700903388784,False,93
3179,0.01883342808429203,False,93
3180,0.055273537625852194,False,93
3181,0.034453370391508566,False,93
3182,0.03512858996959716,False,93
3183,0.05665420820832334,False,93
3184,0.07482208782073049,False,93
3185,0.0949147796180654,False,93
3186,0.09222107652637754,False,93
3187,0.12125102392224457,False,93
3188,0.0705263117186409,False,93
3189,0.06239478660403258,False,93
3190,0.05265768060701577,False,93
3191,0.04953530981652262,False,93
3192,0.060626521611481125,False,93
3193,0.036210381121296605,False,93
3194,0.01450370578387593,False,93
3195,0.012567518312195648,False,93
3196,0.03063204014322483,False,93
3197,0.01828349983925524,False,93
3198,0.015233827101593172,False,93
3199,0.023727955881684106,False,93
3200,0.018320387079309976,False,93
3201,0.03799174546578168,False,93
3202,0.025746475369043786,False,93
3203,0.01503994102932558,False,93
3204,0.01911645089895716,False,93
3205,0.01567116251611545,False,93
3206,0.03259636966248141,False,93
3207,0.01751316893950799,False,93
3208,0.01478961227054655,False,93
3209,0.021628676317645035,False,93
3210,0.01672695236599308,False,93
3211,0.04469891814893942,False,93
3212,0.026209245565313684,False,93
3213,0.018155331329730396,False,93
3214,0.01866558941832989,False,93
3215,0.017305086434789476,False,93
3216,0.03142675245777403,False,93
3217,0.014614909982440685,False,93
3218,0.009184684929143696,False,93
3219,0.02694706301267935,False,93
3220,0.01799377428879236,False,93
3221,0.010876091517281382,False,93
3222,0.022147322572467702,False,93
3223,0.018285736992766484,False,93
3224,0.025258010324743667,False,93
3225,0.017504990136483097,False,93
3226,0.011225782498564377,False,93
3227,0.016821847577799184,False,93
3228,0.012799529815526596,False,93
3229,0.026616489742034694,False,93
3230,0.016771184174417607,False,93
3231,0.05593981666523133,False,93
3232,0.09691375979394833,False,93
3233,0.0744675319805858,False,93
3234,0.050226570519955334,False,93
3235,0.08110529157478245,False,93
3236,0.05879566326518885,False,93
3237,0.10471064212683304,False,93
3238,0.0808960048913229,False,93
3239,0.051980186005274265,False,93
3240,0.02004703328158247,False,93
3241,0.024826009476146594,False,93
3242,0.01863985020066235,False,93
3243,0.027079168546466904,False,93
3244,0.020327231300099082,False,93
3245,0.023277032944527435,False,93
3246,0.021278208971663482,False,93
3247,0.020302875358538593,False,93
3248,0.02027146955314703,False,93
3249,0.02006574081613445,False,93
3250,0.016335160793506765,False,93
3251,0.015168799154717576,False,93
3252,0.017287320180785836,False,93
3253,0.01949690956739666,False,93
3254,0.021210763480111028,False,93
3255,0.014655258532612273,False,93
3256,0.016476522469308356,False,93
3257,0.012469781306726305,False,93
3258,0.014911074469848832,False,93
3259,0.030380839757513028,False,93
3260,0.022597390165016197,False,93
3261,0.020471642427247368,False,93
3262,0.021497354205795377,False,93
3263,0.021212175795887876,False,93
3264,0.01974435946665013,False,93
3265,0.02252866955980391,False,93
3266,0.02019441504719913,False,93
3267,0.020748902653551397,False,93
3268,0.02567128638637264,False,93
3269,0.0313501634311925,False,93
3270,0.032145100829859274,False,93
3271,0.027608399812981528,False,93
3272,0.025085472038707805,False,93
3273,0.024315504335782813,False,93
3274,0.02706364556170083,False,93
3275,0.030228776408040985,False,93
3276,0.018223796717610995,False,93
3277,0.021218117015591273,False,93
3278,0.02153345593229458,False,93
3279,0.026536448480771923,False,93
3280,0.0387846317420814,False,93
3281,0.04637219035452562,False,93
3282,0.07692888696628335,False,93
3283,0.11002762432119978,False,93
3284,0.19963065524954035,False,93
3285,0.1929358956502333,False,93
3286,0.18689181421838807,False,93
3287,0.19884635913719118,False,93
3288,0.2104556635071302,False,93
3289,0.17494925056479413,False,93
3290,0.1532536063941807,False,93
3291,0.1301065874042675,False,93
3292,0.16948793466505416,False,93
3293,0.15886101289184432,False,93
3294,0.17878243490035362,False,93
3295,0.21710076893662647,False,93
3296,0.26936892438218996,False,93
3297,0.25331136487437406,False,93
3298,0.21794481696267334,False,93
3299,0.17167435492436128,False,93
3300,0.1035425352777664,False,93
3301,0.09204818408215125,False,93
3302,0.08905458961798135,False,93
3303,0.0876836188257783,False,93
3304,0.1495249084925165,False,93
3305,0.18664721015931152,False,93
3306,0.226523389474352,False,93
3307,0.19900629812368467,False,93
3308,0.16665190601385377,False,93
3309,0.14315787975589989,False,93
3310,0.11486180543707708,False,93
3311,0.14560760911328297,False,93
3312,0.17091133512555828,False,93
3313,0.22081690648105243,False,93
3314,0.1697604803337008,False,93
3315,0.1756114638667963,False,93
3316,0.11940703807122226,False,93
3317,0.07831798647305219,False,93
3318,0.04434427894205209,False,93
3319,0.025818964373337857,False,93
3320,0.04260827664798361,False,93
3321,0.02832040328103828,False,93
3322,0.020890529742753867,False,93
3323,0.03927456267590652,False,93
3324,0.049268640194497476,False,93
3325,0.05680465302476431,False,93
3326,0.04192500873998931,False,93
3327,0.03401971078905361,False,93
3328,0.0278312880257854,False,93
3329,0.02776804988781383,False,93
3330,0.01851751633891381,False,93
3331,0.02010949743176959,False,93
3332,0.01662127882733099,False,93
3333,0.013395415292185952,False,93
3334,0.01081219292204418,False,93
3335,0.008638341413758199,False,93
3336,0.006951393594362392,False,93
3337,0.008661558549929354,False,93
3338,0.011376566398620185,False,93
3339,0.01153032847585632,False,93
3340,0.016066482229919514,False,93
3341,0.009499036134306919,False,93
3342,0.008188404526747173,False,93
3343,0.009284766377189897,False,93
3344,0.009517801984812484,False,93
3345,0.01632123717035891,False,93
3346,0.017211374503197152,False,93
3347,0.012944368267563277,False,93
3348,0.01312015442758612,False,93
3349,0.010830616635116837,False,93
3350,0.010236228441193866,False,93
3351,0.012078251948597333,False,93
3352,0.017983008091937567,False,93
3353,0.011254594363064526,False,93
3354,0.0094316085451815,False,93
3355,0.013096179622273324,False,93
3356,0.011670540485740573,False,93
3357,0.018016465618355328,False,93
3358,0.015079459071527676,False,93
3359,0.013017460269738592,False,93
3360,0.012095157993735766,False,93
3361,0.010468738258101112,False,93
3362,0.011097241423448711,False,93
3363,0.011643739430177755,False,93
3364,0.01942375307716719,False,93
3365,0.012731512058334307,False,93
3366,0.01062162468451415,False,93
3367,0.013055172431236595,False,93
3368,0.010139495564334234,False,93
3369,0.018460263394476234,False,93
3370,0.018861580838058976,False,93
3371,0.014582443756363632,False,93
3372,0.01854599353734136,False,93
3373,0.019049649631878413,False,93
3374,0.018747339036280702,False,93
3375,0.023815151970690434,False,93
3376,0.03324921140197414,False,93
3377,0.03810799453493573,False,93
3378,0.028669557776579424,False,93
3379,0.026604139496927727,False,93
3380,0.0347204035090351,False,93
3381,0.03262864487646808,False,93
3382,0.06448308546486134,False,93
3383,0.06504344973456205,False,93
3384,0.09293208765971113,False,93
3385,0.14838386475432197,False,93
3386,0.1615674940728325,False,93
3387,0.19264333606666204,False,93
3388,0.18632246749251563,False,93
3389,0.16860151028230316,False,93
3390,0.14908678188779947,False,93
3391,0.13212443793600448,False,93
3392,0.16226661306296059,False,93
3393,0.15042037774790482,False,93
3394,0.24093162979981025,False,93
3395,0.2432577158438692,False,93
3396,0.28963229119379025,True,93
3397,0.19663284441685056,False,93
3398,0.17788345238791897,False,93
3399,0.1021607861705569,False,93
3400,0.10726207817247521,False,93
3401,0.10680129437222108,False,93
3402,0.13702824440576974,False,93
3403,0.13891355173334066,False,93
3404,0.13984735255359743,False,93
3405,0.140950165373408,False,93
3406,0.15150441175598353,False,93
3407,0.13698451321077065,False,93
3408,0.12128637494990119,False,93
3409,0.1008742243638254,False,93
3410,0.15982754517412912,False,93
3411,0.18802196330819404,False,93
3412,0.2112041861399432,False,93
3413,0.13159021607735844,False,93
3414,0.11768517993518522,False,93
3415,0.0662309442940134,False,93
3416,0.07555473654274562,False,93
3417,0.11318195436177104,False,93
3418,0.13892784495537594,False,93
3419,0.16720536642995035,False,93
3420,0.16801267290937935,False,93
3421,0.1604042607547365,False,93
3422,0.17948663511935734,False,93
3423,0.164621775407842,False,93
3424,0.2640131117039047,False,93
3425,0.3335464741870062,True,93
3426,0.4480312828824375,True,93
3427,0.2991114928228835,True,93
3428,0.3212964847860226,True,93
3429,0.24166680043864516,False,93
3430,0.1383576309263073,False,93
3431,0.10253279384621479,False,93
3432,0.07326713844884643,False,93
3433,0.08349286790546857,False,93
3434,0.06533318925310394,False,93
3435,0.07048093793322562,False,93
3436,0.07782185492835644,False,93
3437,0.1262850317152549,False,93
3438,0.051592936710873206,False,93
3439,0.04612649313469026,False,93
3440,0.021766815126608455,False,93
3441,0.03616763355051566,False,93
3442,0.023807371536573047,False,93
3443,0.022558095681962903,False,93
3444,0.01875808359394244,False,93
3445,0.01940924048138111,False,93
3446,0.02043507722131051,False,93
3447,0.0389414109595855,False,93
3448,0.03771127020033594,False,93
3449,0.03314369884728618,False,93
3450,0.0244253794923737,False,93
3451,0.0242099640777037,False,93
3452,0.0160544035433925,False,93
3453,0.012089401376250522,False,93
3454,0.020826732419312575,False,93
3455,0.03060394223732335,False,93
3456,0.017517382557724552,False,93
3457,0.023471124342679256,False,93
3458,0.01942612679336336,False,93
3459,0.028828870260492266,False,93
3460,0.02617307139177718,False,93
3461,0.01775365670857746,False,93
3462,0.013391874681645271,False,93
3463,0.016332494684792014,False,93
3464,0.01985151022300975,False,93
3465,0.02307844276776906,False,93
3466,0.02811501063817394,False,93
3467,0.03446803206328896,False,93
3468,0.03112076597239515,False,93
3469,0.03488843749963454,False,93
3470,0.043232231774328084,False,93
3471,0.06768702187723297,False,93
3472,0.06371750102464015,False,93
3473,0.049288674350051256,False,93
3474,0.0397372103713714,False,93
3475,0.0334237330842939,False,93
3476,0.04533681375497377,False,93
3477,0.056682732533496184,False,93
3478,0.06386067946952141,False,93
3479,0.09072369589087964,False,93
3480,0.04352289860326171,False,93
3481,0.354920272944221,True,94
3482,0.20986215892802798,False,94
3483,0.20878473999739655,False,94
3484,0.1739806680813343,False,94
3485,0.15350039757320363,False,94
3486,0.13330851086819442,False,94
3487,0.15953032410349588,False,94
3488,0.14772191730729287,False,94
3489,0.1488932408427547,False,94
3490,0.11849320546004817,False,94
3491,0.10153536987292093,False,94
3492,0.09743284213841834,False,94
3493,0.0734226602437215,False,94
3494,0.04229407933663073,False,94
3495,0.043884411984714385,False,94
3496,0.054585280191343254,False,94
3497,0.048702561271547484,False,94
3498,0.028730864987248018,False,94
3499,0.028635322225436414,False,94
3500,0.027894768127207387,False,94
3501,0.02541149940433771,False,94
3502,0.022115133926827284,False,94
3503,0.020329964474702866,False,94
3504,0.014262868885130777,False,94
3505,0.018700613121796012,False,94
3506,0.013725377992270641,False,94
3507,0.01115867440428615,False,94
3508,0.01084983961948696,False,94
3509,0.010731927530416713,False,94
3510,0.010581006827813775,False,94
3511,0.011617286204043927,False,94
3512,0.01294185927053649,False,94
3513,0.012384795672555743,False,94
3514,0.010972107990496308,False,94
3515,0.010821935025904615,False,94
3516,0.012228801337216101,False,94
3517,0.013205949559334082,False,94
3518,0.013819393050803085,False,94
3519,0.015203736217576199,False,94
3520,0.016860735216789043,False,94
3521,0.01992596084307855,False,94
3522,0.025293280742986146,False,94
3523,0.028705391186252704,False,94
3524,0.03026889391967387,False,94
3525,0.028664049005565406,False,94
3526,0.026225592237946224,False,94
3527,0.023043481064794806,False,94
3528,0.019981661759507306,False,94
3529,0.017079368141570652,False,94
3530,0.013464687289442112,False,94
3531,0.012497738707130791,False,94
3532,0.012078729814675256,False,94
3533,0.012211308369504998,False,94
3534,0.012449334149201324,False,94
3535,0.012666517523486307,False,94
3536,0.012983663360434388,False,94
3537,0.013314916538614911,False,94
3538,0.013445436618654018,False,94
3539,0.013544083751934643,False,94
3540,0.014004409204871676,False,94
3541,0.015223412838933333,False,94
3542,0.01682226331277871,False,94
3543,0.019574088266318262,False,94
3544,0.027169860744540926,False,94
3545,0.042026474092121346,False,94
3546,0.043987717785527986,False,94
3547,0.062222374685789776,False,94
3548,0.06411786155935296,False,94
3549,0.06275484774944036,False,94
3550,0.05351261519388814,False,94
3551,0.04621024399664272,False,94
3552,0.041064436741941816,False,94
3553,0.050136431577221065,False,94
3554,0.05629945053420418,False,94
3555,0.06652639243417226,False,94
3556,0.07921760196757395,False,94
3557,0.049105144173329625,False,94
3558,0.054560568604005065,False,94
3559,0.05239740319046078,False,94
3560,0.04249174616561675,False,94
3561,0.05726950100305791,False,94
3562,0.07947495967401796,False,94
3563,0.10066296710954817,False,94
3564,0.07697076884249154,False,94
3565,0.05860682116321125,False,94
3566,0.05562107130984436,False,94
3567,0.062211025763857106,False,94
3568,0.06447463106637048,False,94
3569,0.06286830234628774,False,94
3570,0.042852545778749855,False,94
3571,0.04005465935966135,False,94
3572,0.03853017314219899,False,94
3573,0.03623495573316917,False,94
3574,0.03336965912754797,False,94
3575,0.030613459990631968,False,94
3576,0.028673195388501948,False,94
3577,0.029008467801902058,False,94
3578,0.029936466475961966,False,94
3579,0.029068050630550988,False,94
3580,0.05391069772057295,False,94
3581,0.13908199009144068,False,94
3582,0.20669228293398173,False,94
3583,0.30474823732691586,True,94
3584,0.43624929529955625,True,94
3585,0.5387476521285336,True,94
3586,0.6103648475771499,True,94
3587,0.6919667412623633,True,94
3588,0.7520197220818268,True,94
3589,0.8511151945582901,True,94
3590,1.0173469975046447,True,94
3591,1.1020589524302051,True,94
3592,1.1273553330253154,True,94
3593,1.1647153483999952,True,94
3594,1.1688250978568748,True,94
3595,1.211312859419254,True,94
3596,1.2098801286484984,True,94
3597,1.1755607498795098,True,94
3598,1.1072444592196005,True,94
3599,1.0391929897584367,True,94
3600,1.0287265811414752,True,94
3601,0.9043304791366538,True,94
3602,0.9662489719621342,True,94
3603,0.6863267577361609,True,94
3604,0.6025800618710365,True,94
3605,0.5388077926506053,True,94
3606,0.45755660811969917,True,94
3607,0.36275579349080084,True,94
3608,0.3311461878686208,True,94
3609,0.4959929166459238,True,94
3610,0.41715357604652925,True,94
3611,0.33029675082662857,True,94
3612,0.35590472431953524,True,94
3613,0.2258726705123314,False,94
3614,0.18752279187742782,False,94
3615,0.17768818817017987,False,94
3616,0.16927637517042626,False,94
3617,0.20909723852208348,False,94
3618,0.22542822514620292,False,94
3619,0.09488372378562934,False,94
3620,0.07537352232279192,False,94
3621,0.07212050993685522,False,94
3622,0.0642598753434192,False,94
3623,0.059908822995804516,False,94
3624,0.058199799120885395,False,94
3625,0.05954666157479385,False,94
3626,0.07285826871349149,False,94
3627,0.08040049051255542,False,94
3628,0.05641739138018479,False,94
3629,0.052277691725314386,False,94
3630,0.048454925851000474,False,94
3631,0.047847721424069546,False,94
3632,0.0539609210113698,False,94
3633,0.06868353959906519,False,94
3634,0.08732930463671325,False,94
3635,0.09980730420246829,False,94
3636,0.10926004966127935,False,94
3637,0.11546541951335096,False,94
3638,0.12167426210620792,False,94
3639,0.09855165740071839,False,94
3640,0.07750717260686672,False,94
3641,0.07537970078563583,False,94
3642,0.06739195145025752,False,94
3643,0.06377925313337389,False,94
3644,0.06870174917805986,False,94
3645,0.07854072019808418,False,94
3646,0.09231242679988072,False,94
3647,0.18605632369370717,False,94
3648,0.11288414893544604,False,94
3649,0.08905229202154713,False,94
3650,0.06470433550416776,False,94
3651,0.051907519287323706,False,94
3652,0.04127589929726619,False,94
3653,0.04504897562552922,False,94
3654,0.03663963183033456,False,94
3655,0.03524844040195616,False,94
3656,0.03968129467278317,False,94
3657,0.039792923018593135,False,94
3658,0.035539360388105096,False,94
3659,0.04100855410548295,False,94
3660,0.05221066677101306,False,94
3661,0.06299651947558196,False,94
3662,0.1210660651266688,False,94
3663,0.09881545605022998,False,94
3664,0.050497866277960435,False,94
3665,0.04667261830595499,False,94
3666,0.06398757078493238,False,94
3667,0.08130224261677343,False,94
3668,0.08479257238735206,False,94
3669,0.09287453524936974,False,94
3670,0.10490703919434716,False,94
3671,0.17421150714614356,False,94
3672,0.05796595748260674,False,94
3673,0.0702027035782173,False,94
3674,0.04610274759821463,False,94
3675,0.04288750285075203,False,94
3676,0.04532825812191924,False,94
3677,0.048503539971213365,False,94
3678,0.1585858222395051,False,94
3679,0.06808487750166149,False,94
3680,0.0530890597393101,False,94
3681,0.10238743740959744,False,94
3682,0.09320679551102402,False,94
3683,0.07868729959345304,False,94
3684,0.06479582962627958,False,94
3685,0.05908107522813485,False,94
3686,0.05808089224154047,False,94
3687,0.05681908452346017,False,94
3688,0.057060765226045994,False,94
3689,0.03773119699286519,False,94
3690,0.01665030133460182,False,94
3691,0.013138840436527159,False,94
3692,0.010233733848858709,False,94
3693,0.008333900250308071,False,94
3694,0.007581480173080401,False,94
3695,0.008620962051166057,False,94
3696,0.011249341630224492,False,94
3697,0.01538607527519985,False,94
3698,0.020711035081576182,False,94
3699,0.026201404356123028,False,94
3700,0.030607743129643865,False,94
3701,0.03481966040292567,False,94
3702,0.037208072093867846,False,94
3703,0.03823127464281994,False,94
3704,0.03984505977177423,False,94
3705,0.04299356435796909,False,94
3706,0.04665598411676663,False,94
3707,0.05244376717208616,False,94
3708,0.05734606875114617,False,94
3709,0.06304780695110464,False,94
3710,0.07755840894299111,False,94
3711,0.09860479961660999,False,94
3712,0.12386433492757262,False,94
3713,0.14554086671575403,False,94
3714,0.15088041674820957,False,94
3715,0.13388311933184374,False,94
3716,0.12163519449142773,False,94
3717,0.1225775880900523,False,94
3718,0.12137091914074409,False,94
3719,0.11486141559626772,False,94
3720,0.10617136702795213,False,94
3721,0.09287494991628484,False,94
3722,0.08051350588192431,False,94
3723,0.07602054992202831,False,94
3724,0.06790215859602229,False,94
3725,0.06507361051536023,False,94
3726,0.05335897293774991,False,94
3727,0.050816927190535446,False,94
3728,0.05372227899247346,False,94
3729,0.060840272114121595,False,94
3730,0.15095433403203762,False,94
3731,0.17742157899086086,False,94
3732,0.18130991302124788,False,94
3733,0.21125563308048959,False,94
3734,0.21981974392906908,False,94
3735,0.24959739085286126,False,94
3736,0.23262453568972624,False,94
3737,0.3241534649300447,True,94
3738,0.4818609952010608,True,94
3739,0.40314988815044384,True,94
3740,0.5372122206582747,True,94
3741,0.33732299107944363,True,94
3742,0.376971701682554,True,94
3743,0.23127999142951475,False,94
3744,0.14226654595753196,False,94
3745,0.12158778577208196,False,94
3746,0.09657602684971517,False,94
3747,0.08405613407085517,False,94
3748,0.07166691175918563,False,94
3749,0.10161827203512774,False,94
3750,0.28071881891678924,True,94
3751,0.30725973131300227,True,94
3752,0.1898814859497034,False,94
3753,0.172235095403619,False,94
3754,0.17517819901406015,False,94
3755,0.3313013367430385,True,94
3756,0.3726771015276043,True,94
3757,0.3045883299219708,True,94
3758,0.22446604853678295,False,94
3759,0.2081445264027831,False,94
3760,0.21396555749583163,False,94
3761,0.251442641416049,False,94
3762,0.2501573334739103,False,94
3763,0.21625671745453123,False,94
3764,0.5206289688284763,True,94
3765,0.8056298376814589,True,94
3766,0.5716500155328578,True,94
3767,0.34247663197055106,True,94
3768,0.2820313855556431,True,94
3769,0.2802424168550084,True,94
3770,0.2538600562315176,False,94
3771,0.29140585486613546,True,94
3772,0.3164324639255135,True,94
3773,0.3459012918749279,True,94
3774,0.4214158545991583,True,94
3775,2.516762537115903,True,94
3776,2.7243490624827627,True,94
3777,0.4621860740745032,True,94
3778,0.37310857463010527,True,94
3779,0.2877404730792928,True,94
3780,0.2506232164695758,False,94
3781,0.24599423322142713,False,94
3782,0.23519506370143028,False,94
3783,0.2115283532786989,False,94
3784,0.5466140063193176,True,94
3785,0.9743735335145268,True,94
3786,0.8492440643445432,True,94
3787,0.6694788777027286,True,94
3788,0.5535809535348752,True,94
3789,0.5771256767662588,True,94
3790,0.7672665770533497,True,94
3791,0.9953249044368925,True,94
3792,1.1659613637726152,True,94
3793,1.3596167627925317,True,94
3794,1.5797795824140641,True,94
3795,1.8049041560438084,True,94
3796,2.138666282472364,True,94
3797,2.508236393320661,True,94
3798,2.7852034176612954,True,94
3799,3.0544300525440713,True,94
3800,3.4952049435920225,True,94
3801,4.063160190868467,True,94
3802,4.795806973705845,True,94
3803,5.674322281429464,True,94
3804,6.415059160147654,True,94
3805,7.059905325888977,True,94
3806,7.5250148228933496,True,94
3807,7.881761346297685,True,94
3808,8.623269726405397,True,94
3809,9.524694097750391,True,94
3810,10.912521151603679,True,94
3811,13.682440759587212,True,94
3812,19.554583582277104,True,94
3813,25.92332902286197,True,94
3814,16.487940951068985,True,94
3815,12.374593789391497,True,94
3816,16.35578801426442,True,94
3817,2428.247645339339,True,94
3818,53.306998079989484,True,94
3819,232.26120490626235,True,94
3820,663.5334455243368,True,94
3821,3140.9780541389796,True,94
3822,73.44303998645152,True,94
3823,57.553764638154405,True,94
3824,57.78042879253826,True,94
3825,229.92077328967753,True,94
3826,193.7842037544595,True,94
3827,183.19239673807652,True,94
3828,294.15571047323573,True,94
3829,79.22076939760863,True,94
3830,61.377355957241875,True,94
3831,67.48831409687126,True,94
3832,71.67305436617946,True,94
3833,37.12583547825371,True,94
3834,954.3482496427048,True,94
3835,14002.510737845405,True,94
3836,12657.278723137526,True,94
3837,30.269954807744835,True,94
3838,14.525093862003954,True,94
3839,97.01438587743216,True,94
3840,943.9058647929036,True,94
3841,741.6161578769398,True,94
3842,349.52058045628587,True,94
3843,2.3736641947069,True,94
3844,2.0212226958053905,True,94
3845,1.850936429917854,True,94
3846,1.8446119047687972,True,94
3847,1.9495347275080535,True,94
3848,2.3995907940732186,True,94
3849,2.0007276914305616,True,94
3850,12.65651556297203,True,94
3851,9.763505409473956,True,94
3852,2.3209720457223098,True,94
3853,1.9010706681288745,True,94
3854,1.3045127620755221,True,94
3855,0.9732206337910007,True,94
3856,0.8378934323017911,True,94
3857,8.417577102235262,True,94
3858,3.179982488367178,True,94
3859,1.5660364993450318,True,94
3860,1.3896803774872117,True,94
3861,1.23696230807142,True,94
3862,0.9695527252883069,True,94
3863,0.7508739912291739,True,94
3864,0.5714639376143548,True,94
3865,0.4323554105374913,True,94
3866,0.3564434462956259,True,94
3867,0.5150756957578305,True,94
3868,0.5304179737976795,True,94
3869,0.6876244383972819,True,94
3870,0.4191887809275804,True,94
3871,0.3576490917836603,True,94
3872,0.3321930837434446,True,94
3873,0.30386045691669233,True,94
3874,0.26224817870824485,False,94
3875,0.20238236767862508,False,94
3876,0.1733724003591608,False,94
3877,0.13605494301037266,False,94
3878,0.15734310178793762,False,94
3879,0.2192002878254,False,94
3880,0.23038042103402806,False,94
3881,0.15082027910746823,False,94
3882,0.11455025383407588,False,94
3883,0.10633149202297996,False,94
3884,0.12058962810337362,False,94
3885,0.13852684294286247,False,94
3886,0.14192370227117626,False,94
3887,0.1474593824941795,False,94
3888,0.13820970602224644,False,94
3889,0.12251689788751811,False,94
3890,0.09721778660416994,False,94
3891,0.12232789016877221,False,94
3892,0.1611081663867568,False,94
3893,0.12610168343049602,False,94
3894,0.09806085514348217,False,94
3895,0.08576336822502764,False,94
3896,0.09087446291104527,False,94
3897,0.08557089732618027,False,94
3898,0.07185797751408639,False,94
3899,0.052661607203367246,False,94
3900,0.042329384420546644,False,94
3901,0.034067257981695624,False,94
3902,0.04296470229572813,False,94
3903,0.08107157669915302,False,94
3904,0.06059738713642958,False,94
3905,0.06498901483951401,False,94
3906,0.06641561545385657,False,94
3907,0.08777016468812232,False,94
3908,0.10953080008397138,False,94
3909,0.1112810451934882,False,94
3910,0.09003500293696705,False,94
3911,0.06511050661253678,False,94
3912,0.045784797561208464,False,94
3913,0.07446252877180556,False,94
3914,0.05661352517074013,False,94
3915,0.041891299601717884,False,94
3916,0.03623820243228521,False,94
3917,0.024413784443331376,False,94
3918,0.01906315859782485,False,94
3919,0.019788613571013965,False,94
3920,0.020134031077182486,False,94
3921,0.023278590060881336,False,94
3922,0.033554015674316026,False,94
3923,0.024274799945794602,False,94
3924,0.02210308794057189,False,94
3925,0.021104653965165098,False,94
3926,0.021000164202851085,False,94
3927,0.02104213915622928,False,94
3928,0.020921173253584963,False,94
3929,0.019840219516446354,False,94
3930,0.018505072682937683,False,94
3931,0.03434273357671408,False,94
3932,0.05305739049159272,False,94
3933,0.07239614448157898,False,94
3934,0.08841616166121156,False,94
3935,0.09768995910495525,False,94
3936,0.0940123910811917,False,94
3937,0.07936766737003971,False,94
3938,0.07225985181731083,False,94
3939,0.07165768474543671,False,94
3940,0.07005383362092732,False,94
3941,0.12114298998010459,False,94
3942,0.12367540912987529,False,94
3943,0.1668267870307973,False,94
3944,0.16067740276913378,False,94
3945,0.1425008859846358,False,94
3946,0.12769635228564058,False,94
3947,0.11833610913832775,False,94
3948,0.1149737540741278,False,94
3949,0.1432161853884062,False,94
3950,0.15104376018102564,False,94
3951,0.02028378568342787,False,94
3952,0.02724149003983247,False,94
3953,0.06236620915283407,False,94
3954,0.07410270229177622,False,94
3955,0.08922184404829708,False,94
3956,0.11066257916856487,False,94
3957,0.1187629198882651,False,94
3958,0.12242018643151752,False,94
3959,0.1115473532070674,False,94
3960,0.1273210255050661,False,94
3961,0.11233923132858431,False,94
3962,0.09066632419350618,False,94
3963,0.04154371285048545,False,94
3964,0.03712018612595473,False,94
3965,0.037413898779528595,False,94
3966,0.045756437046498837,False,94
3967,0.047133395077450305,False,94
3968,0.04767185647010591,False,94
3969,0.04513686792498073,False,94
3970,0.024794541171776763,False,94
3971,0.022362834173419152,False,94
3972,0.023053127743163485,False,94
3973,0.021904682421153555,False,94
3974,0.021972300842990747,False,94
3975,0.02273207702126491,False,94
3976,0.01589425869226227,False,94
3977,0.017640112825058535,False,94
3978,0.01784052433045982,False,94
3979,0.01541648881802793,False,94
3980,0.2151342631091612,False,94
3981,0.5177261253780604,True,94
3982,0.8678252868720712,True,94
3983,1.06981659577677,True,94
3984,1.2273246162430578,True,94
3985,1.2293507360508338,True,94
3986,1.2826826271450336,True,94
3987,1.402785763509354,True,94
3988,1.5965017700149124,True,94
3989,1.7347373538521869,True,94
3990,1.7847687566270332,True,94
3991,1.8858338036923386,True,94
3992,2.1081314554405,True,94
3993,2.934031197570898,True,94
3994,3.0746580277973474,True,94
3995,2.7636815927915683,True,94
3996,1.996938568689008,True,94
3997,2.052465969493769,True,94
3998,2.2951641781733083,True,94
3999,6.735505149811554,True,94
4000,4.487380436246911,True,94
4001,13.025669979504567,True,94
4002,8.843153078535002,True,94
4003,11.675997271587082,True,94
4004,9.878648611408114,True,94
4005,8.430000168492217,True,94
4006,6.2898970187310175,True,94
4007,4.13140982886227,True,94
4008,2.1800657578391176,True,94
4009,2.0678500105413495,True,94
4010,2.15475805065716,True,94
4011,1.9348553001484812,True,94
4012,1.9656849000208914,True,94
4013,1.8933589619757822,True,94
4014,1.8867241976671019,True,94
4015,1.8260764872761552,True,94
4016,1.8205641771759462,True,94
4017,1.8576388187975912,True,94
4018,1.7769805982826066,True,94
4019,1.908807713316468,True,94
4020,1.8326691099702836,True,94
4021,1.8856394005694166,True,94
4022,2.1926930465139622,True,94
4023,2.0027890259062047,True,94
4024,2.1593153011337067,True,94
4025,2.0830394859024564,True,94
4026,2.0882500210084847,True,94
4027,2.1359059325275878,True,94
4028,1.981881040266416,True,94
4029,2.0611756207834575,True,94
4030,1.8651723703620267,True,94
4031,2.1608841631370725,True,94
4032,2.3725883066185243,True,94
4033,2.240794097475015,True,94
4034,2.308629072847462,True,94
4035,2.091347198455023,True,94
4036,1.5062628904929425,True,94
4037,1.225133444351113,True,94
4038,0.5637249802152156,True,94
4039,0.7057643035315975,True,94
4040,0.058688737923578684,False,94
4041,0.1491697344324606,False,94
4042,0.0887802070979765,False,94
4043,0.1694312438729478,False,94
4044,0.049013978165861755,False,94
4045,0.03862264186218256,False,94
4046,0.10948357042683554,False,94
4047,0.1230718108044862,False,94
4048,0.16246770652151793,False,94
4049,0.12474259185639468,False,94
4050,0.06478247337795372,False,94
4051,0.13447255103722103,False,94
4052,0.05209791323391664,False,94
4053,0.15620998881743217,False,94
4054,0.06761874169776037,False,94
4055,0.28084620923306713,True,94
4056,0.05543436389089857,False,94
4057,0.041558925492387974,False,94
4058,0.1593772748932345,False,94
4059,0.14584956790628942,False,94
4060,0.21850674619238458,False,94
4061,0.25689465108314724,False,94
4062,0.07014350529558737,False,94
4063,0.277684138626953,True,94
4064,0.06641982078623,False,94
4065,0.20815613130867233,False,94
4066,0.07824774992642865,False,94
4067,0.42154794720657807,True,94
4068,0.07481206944170146,False,94
4069,0.0396194061887439,False,94
4070,0.0943686450548241,False,94
4071,0.05334921797816627,False,94
4072,0.27232211374014476,False,94
4073,0.06299019486021283,False,94
4074,0.03798172538154075,False,94
4075,0.06825498986270784,False,94
4076,0.04475850423258561,False,94
4077,0.16706189727997986,False,94
4078,0.1039280045615578,False,94
4079,0.06523642897071669,False,94
4080,0.07778593087456322,False,94
4081,0.04795394837060269,False,94
4082,0.06094398542160671,False,94
4083,0.03792596576891908,False,94
4084,0.09055117922555288,False,94
4085,0.04498627429595114,False,94
4086,0.22299532187440554,False,94
4087,0.06325124810857999,False,94
4088,0.04911419633236886,False,94
4089,0.08260124991649562,False,94
4090,0.0627316407141494,False,94
4091,0.132945416457268,False,94
4092,0.08892854197250709,False,94
4093,0.09580619550456888,False,94
4094,0.12117905947536993,False,94
4095,0.09394839013650376,False,94
4096,0.0866544192936272,False,94
4097,0.07560508648236255,False,94
4098,0.08234078293870097,False,94
4099,0.07123522012025718,False,94
4100,0.12205663368701791,False,94
4101,0.07799670815849455,False,94
4102,0.2423312089420171,False,94
4103,0.10458262371767527,False,94
4104,0.1133795369353039,False,94
4105,0.13973867042750657,False,94
4106,0.11733209908184306,False,94
4107,0.2218674238072656,False,94
4108,0.18976803509730794,False,94
4109,0.16630744819531088,False,94
4110,0.14436300625324905,False,94
4111,0.10844771754178775,False,94
4112,0.10192369040438243,False,94
4113,0.06899131820429406,False,94
4114,0.09327123767035962,False,94
4115,0.051016049476843135,False,94
4116,0.23766085783169624,False,94
4117,0.05428140982768342,False,94
4118,0.04381095593838986,False,94
4119,0.07364288493220479,False,94
4120,0.051724675368773364,False,94
4121,0.16149453964269905,False,94
4122,0.13966313737079367,False,94
4123,0.14732304203506555,False,94
4124,0.12454010717847752,False,94
4125,0.12948279880315466,False,94
4126,0.13337005160517076,False,94
4127,0.11729891500891867,False,94
4128,0.209944943073797,False,94
4129,0.1451170178986979,False,94
4130,0.2811919999956976,True,94
4131,0.2009774815923661,False,94
4132,0.14990614621768308,False,94
4133,0.19628605484382697,False,94
4134,0.2744626404728798,False,94
4135,0.5297011079034699,True,94
4136,0.4017613600798317,True,94
4137,0.40395328171123634,True,94
4138,0.3143915784519278,True,94
4139,0.28415462711039396,True,94
4140,0.4617018346467009,True,94
4141,0.4584442114196131,True,94
4142,0.490091334371789,True,94
4143,0.4304851181243525,True,94
4144,0.395210454231481,True,94
4145,0.4232662578119135,True,94
4146,0.4421259376872636,True,94
4147,0.5173795433879637,True,94
4148,0.5448934197046581,True,94
4149,0.4989151391225164,True,94
4150,0.3460509601539803,True,94
4151,0.32615196136893077,True,94
4152,0.2947002369912325,True,94
4153,0.27217540725069295,False,94
4154,0.2895995272089311,True,94
4155,0.23480219683231168,False,94
4156,0.3452969987711088,True,94
4157,0.2565480590226536,False,94
4158,0.05201707498931507,False,94
4159,0.10157411748537404,False,94
4160,0.10221708278132735,False,94
4161,0.14499803946703957,False,94
4162,0.13443241367143152,False,94
4163,0.14259490489808505,False,94
4164,0.18706486596033994,False,94
4165,0.1538973940348788,False,94
4166,0.21939659027411249,False,94
4167,0.1832936744269879,False,94
4168,0.18226199429513598,False,94
4169,0.13093630238756745,False,94
4170,0.10906362903318358,False,94
4171,0.11791732465661643,False,94
4172,0.08239440112490827,False,94
4173,0.08541665499727005,False,94
4174,0.05361462766481594,False,94
4175,0.05054895197867377,False,94
4176,0.045806690094186725,False,94
4177,0.05292108710382208,False,94
4178,0.08458646124020353,False,94
4179,0.09081510005002233,False,94
4180,0.14187919032691954,False,94
4181,0.11732143949719201,False,94
4182,0.08860087928812221,False,94
4183,0.21691365469712506,False,94
4184,0.1843785482191908,False,94
4185,0.2781048846898095,True,94
4186,0.2563524499246761,False,94
4187,0.2740722333276872,False,94
4188,0.10106685887533574,False,94
4189,0.05233804262162676,False,94
4190,0.07509033942430876,False,94
4191,0.06405900378238652,False,94
4192,0.05006488618191157,False,94
4193,0.1302245521642441,False,94
4194,0.055851551893635144,False,94
4195,0.08573221416158595,False,94
4196,0.05323713734837469,False,94
4197,0.04731711231814437,False,94
4198,0.10386480747805105,False,94
4199,0.037722400585741715,False,94
4200,0.047125150718495504,False,94
4201,0.06200082690729017,False,94
4202,0.03181231275528859,False,94
4203,0.12273028919840989,False,94
4204,0.04284831777387104,False,94
4205,0.04414911232372167,False,94
4206,0.057899725261273106,False,94
4207,0.037256802489462996,False,94
4208,0.10333714694941913,False,94
4209,0.0376788656411932,False,94
4210,0.037676133840366,False,94
4211,0.06310938429875897,False,94
4212,0.03302403739936688,False,94
4213,0.10687486285836392,False,94
4214,0.04521672187801392,False,94
4215,0.03688621778631694,False,94
4216,0.055505260826215055,False,94
4217,0.04583423215418881,False,94
4218,0.10034004096289698,False,94
4219,0.040213910552211636,False,94
4220,0.04607291005345379,False,94
4221,0.04930034187349398,False,94
4222,0.09099432602652785,False,94
4223,0.07647450994620535,False,94
4224,0.05902935672710766,False,94
4225,0.05366099507555677,False,94
4226,0.10717301166865109,False,94
4227,0.07258386010159458,False,94
4228,0.15306297694474635,False,94
4229,0.09113896978055769,False,94
4230,0.18429553371995283,False,94
4231,0.0664134701427184,False,94
4232,0.14708374413904027,False,94
4233,0.12800758561764805,False,94
4234,0.13273879066129,False,94
4235,0.20947935392204034,False,94
4236,0.17503470086727627,False,94
4237,0.16232875376288533,False,94
4238,0.16470549150120017,False,94
4239,0.1721935231004667,False,94
4240,0.19563738857296467,False,94
4241,0.20039928848669386,False,94
4242,0.22517128720466978,False,94
4243,0.22833844398514166,False,94
4244,0.23281402722907493,False,94
4245,0.24749336048621998,False,94
4246,0.2757545903047819,False,94
4247,0.3213507387694452,True,94
4248,0.30262198438515214,True,94
4249,0.2738980083819351,False,94
4250,0.24062615125496736,False,94
4251,0.2287385049286136,False,94
4252,0.22031816328475345,False,94
4253,0.1961630764727006,False,94
4254,0.19887662277570797,False,94
4255,0.20727928343615118,False,94
4256,0.23848959645387308,False,94
4257,0.15405014314069834,False,94
4258,0.05093752999226075,False,94
4259,0.041042974358702966,False,94
4260,0.07273316491461825,False,94
4261,0.05435103137199834,False,94
4262,0.07219788893691208,False,94
4263,0.034873740994553606,False,94
4264,0.03863512788795284,False,94
4265,0.07658834387965116,False,94
4266,0.06546944367866925,False,94
4267,0.0544481952924044,False,94
4268,0.06014536060084009,False,94
4269,0.0481719815893566,False,94
4270,0.10516375598279265,False,94
4271,0.07577462960878173,False,94
4272,0.15592346354417005,False,94
4273,0.08316954594835964,False,94
4274,0.0713983711915472,False,94
4275,0.0726832561130761,False,94
4276,0.09245276439523697,False,94
4277,0.07155589104598145,False,94
4278,0.03469179062491666,False,94
4279,0.06712921927088299,False,94
4280,0.09948468697261328,False,94
4281,0.14517595777167738,False,94
4282,0.11145052779719851,False,94
4283,0.31594107427952195,True,94
4284,0.06306346728753347,False,94
4285,0.22200330972302923,False,94
4286,0.15932827453614204,False,94
4287,0.12023229994091503,False,94
4288,0.06415186879707342,False,94
4289,0.06325487932281208,False,94
4290,0.028061281923470627,False,94
4291,0.01747689518842797,False,94
4292,0.01361675617922862,False,94
4293,0.025668777249044362,False,94
4294,0.021005669803219988,False,94
4295,0.025445635534545954,False,94
4296,0.01904380780297767,False,94
4297,0.026801672720497896,False,94
4298,0.029853629538862794,False,94
4299,0.026278481977126768,False,94
4300,0.017371223723936385,False,94
4301,0.024316651809226597,False,94
4302,0.018247332453898365,False,94
4303,0.03268007236086701,False,94
4304,0.01948155308167933,False,94
4305,0.023023105927196034,False,94
4306,0.017277870976641435,False,94
4307,0.013865394642547815,False,94
4308,0.02787122600548501,False,94
4309,0.021097797379746156,False,94
4310,0.025848952064699025,False,94
4311,0.019839271507985465,False,94
4312,0.02439575412032216,False,94
4313,0.03445587511699949,False,94
4314,0.028136266468089925,False,94
4315,0.021910616010756737,False,94
4316,0.0279188742923797,False,94
4317,0.020786019275886445,False,94
4318,0.03145921729723886,False,94
4319,0.02121164207107475,False,94
4320,0.026889391621579568,False,94
4321,0.019226128249058647,False,94
4322,0.014866328836361178,False,94
4323,0.03357281768942313,False,94
4324,0.02489427763310061,False,94
4325,0.029555621720282532,False,94
4326,0.020979479204240724,False,94
4327,0.017662514714674123,False,94
4328,0.037981244998404017,False,94
4329,0.023811145866722495,False,94
4330,0.02628328023712784,False,94
4331,0.043771035075473745,False,94
4332,0.07273173738552449,False,94
4333,0.09609264155315478,False,94
4334,0.11925080824215892,False,94
4335,0.17816750794890893,False,94
4336,0.1307077355591395,False,94
4337,0.1324730150963641,False,94
4338,0.1340368287658509,False,94
4339,0.13350112125671412,False,94
4340,0.1258702584619553,False,94
4341,0.15849201878797828,False,94
4342,0.14428939980323152,False,94
4343,0.13826884992194916,False,94
4344,0.13724096745110795,False,94
4345,0.14848854760467703,False,94
4346,0.1667684481159628,False,94
4347,0.16126462297150584,False,94
4348,0.14345615390942643,False,94
4349,0.17163181593067706,False,94
4350,0.17035926637161844,False,94
4351,0.14179452068435908,False,94
4352,0.13287420046773435,False,94
4353,0.12906456886362128,False,94
4354,0.15786228785853912,False,94
4355,0.03068045545284959,False,94
4356,0.030439406723235196,False,94
4357,0.04737706477264713,False,94
4358,0.062119612531904025,False,94
4359,0.033418956781292926,False,94
4360,0.03611291426803278,False,94
4361,0.030404370192321187,False,94
4362,0.036229817866782,False,94
4363,0.057959474889331855,False,94
4364,0.03871877685645293,False,94
4365,0.02556195656644541,False,94
4366,0.03279409203915867,False,94
4367,0.02803365510226821,False,94
4368,0.022451417434405554,False,94
4369,0.023028882749670312,False,94
4370,0.019520466563739607,False,94
4371,0.023908547224677244,False,94
4372,0.03345369761961817,False,94
4373,0.032337056564930224,False,94
4374,0.02585568692205392,False,94
4375,0.02353534734152098,False,94
4376,0.025460638469124715,False,94
4377,0.029696893563617512,False,94
4378,0.024180916729786842,False,94
4379,0.02087594688034915,False,94
4380,0.02218309273662853,False,94
4381,0.02873093295303399,False,94
4382,0.03200064982137634,False,94
4383,0.03304529505733841,False,94
4384,0.025219796501750973,False,94
4385,0.022249283301637945,False,94
4386,0.024570751055005374,False,94
4387,0.029937654460091945,False,94
4388,0.024587836579621786,False,94
4389,0.019355869730784316,False,94
4390,0.020548078508308188,False,94
4391,0.02783353483537634,False,94
4392,0.025792864968470247,False,94
4393,0.01972813598498895,False,94
4394,0.019803599028287173,False,94
4395,0.015390614857689808,False,94
4396,0.01879425787342094,False,94
4397,0.024626445196685928,False,94
4398,0.019111448520721285,False,94
4399,0.020352576739100126,False,94
4400,0.018318120665061447,False,94
4401,0.02559476825273631,False,94
4402,0.038461790331579745,False,94
4403,0.03631726288668518,False,94
4404,0.025452386119904417,False,94
4405,0.026836713986104706,False,94
4406,0.026380204304039704,False,94
4407,0.036692748430309195,False,94
4408,0.030511410618052893,False,94
4409,0.02151082793579223,False,94
4410,0.022942110854939007,False,94
4411,0.030195196562012607,False,94
4412,0.025921203450586582,False,94
4413,0.020782311412907983,False,94
4414,0.021112279547483626,False,94
4415,0.016406360165029166,False,94
4416,0.022363695183177264,False,94
4417,0.022526761140648197,False,94
4418,0.01895298171732227,False,94
4419,0.019353904751524757,False,94
4420,0.016372342911647995,False,94
4421,0.020546761912035947,False,94
4422,0.021943243749316454,False,94
4423,0.016443044121365293,False,94
4424,0.018108644887515585,False,94
4425,0.013309213571383986,False,94
4426,0.01724079026918147,False,94
4427,0.022522569485359644,False,94
4428,0.015133041918128276,False,94
4429,0.01706552120827955,False,94
4430,0.013927561788800974,False,94
4431,0.018703263078620098,False,94
4432,0.036461018272039854,False,94
4433,0.06622673743433062,False,94
4434,0.10725620342311262,False,94
4435,0.2231914915606242,False,94
4436,0.13630989249988626,False,94
4437,0.15588528004084223,False,94
4438,0.15155359771224985,False,94
4439,0.24120368628709626,False,94
4440,0.2069101263518124,False,94
4441,0.2111438779234551,False,94
4442,0.23803790772170147,False,94
4443,0.2067193639246221,False,94
4444,0.21602388523208657,False,94
4445,0.22159207074100248,False,94
4446,0.2638865065251457,False,94
4447,0.2651849281667305,False,94
4448,0.24319882487126232,False,94
4449,0.22618018324174718,False,94
4450,0.2324271991456415,False,94
4451,0.23385804573780053,False,94
4452,0.3300417884950381,True,94
4453,0.3596322288884824,True,94
4454,0.3043755106565389,True,94
4455,0.022909429775644287,False,94
4456,0.023036548771646473,False,94
4457,0.02925584848220544,False,94
4458,0.02431497594534593,False,94
4459,0.021592919876405978,False,94
4460,0.02026464293500363,False,94
4461,0.02282151189163782,False,94
4462,0.041969676088804767,False,94
4463,0.013614658223343573,False,94
4464,0.014993267106709372,False,94
4465,0.033597482808221675,False,94
4466,0.02393368044207588,False,94
4467,0.02792476261001629,False,94
4468,0.09283142501461529,False,94
4469,0.10674741961715711,False,94
4470,0.04512770937096157,False,94
4471,0.04613758034632928,False,94
4472,0.025864697601023126,False,94
4473,0.03646118396245643,False,94
4474,0.07987488399637832,False,94
4475,0.05891799817478061,False,94
4476,0.030633360580347598,False,94
4477,0.019960771875272214,False,94
4478,0.02053870665618149,False,94
4479,0.014706476539635254,False,94
4480,0.022978399899022155,False,94
4481,0.024929758846355156,False,94
4482,0.03463680958840947,False,94
4483,0.028584351900067122,False,94
4484,0.043535759661929053,False,94
4485,0.057715984168651896,False,94
4486,0.05829851368419105,False,94
4487,0.05574582190748737,False,94
4488,0.04888817732185316,False,94
4489,0.03922488238284204,False,94
4490,0.02677689649004692,False,94
4491,0.046525582146859104,False,94
4492,0.04409055542501758,False,94
4493,0.03292905843641195,False,94
4494,0.02563923628515021,False,94
4495,0.025641802015729808,False,94
4496,0.05097212627766391,False,94
4497,0.026963780866395524,False,94
4498,0.021824488161771745,False,94
4499,0.03002291156708273,False,94
4500,0.029027761211236174,False,94
4501,0.02397289689019149,False,94
4502,0.020997916027285866,False,94
4503,0.020100511558633072,False,94
4504,0.030966366696495072,False,94
4505,0.0395554807277778,False,94
4506,0.025374585748562474,False,94
4507,0.021815952366479534,False,94
4508,0.022989138884792367,False,94
4509,0.040961699058791774,False,94
4510,0.028720912812208572,False,94
4511,0.02372839056083024,False,94
4512,0.024948015908453827,False,94
4513,0.03194226285447083,False,94
4514,0.023242638663541124,False,94
4515,0.022345582813194986,False,94
4516,0.020585103509117107,False,94
4517,0.025137578123512368,False,94
4518,0.02721546605820638,False,94
4519,0.023015331892370084,False,94
4520,0.019821420738733577,False,94
4521,0.021470330996422086,False,94
4522,0.030380802590935157,False,94
4523,0.03943646811633274,False,94
4524,0.026856429174708627,False,94
4525,0.02147424007776445,False,94
4526,0.021790497132706012,False,94
4527,0.040182550315041185,False,94
4528,0.028931693708021098,False,94
4529,0.024915053099094097,False,94
4530,0.022756945772114973,False,94
4531,0.03468385562866026,False,94
4532,0.030313051880353617,False,94
4533,0.0388063673691027,False,94
4534,0.05932733300874604,False,94
4535,0.10105945458477918,False,94
4536,0.21556474880646406,False,94
4537,0.18344597505335714,False,94
4538,0.2578435810443621,False,94
4539,0.17944278131987781,False,94
4540,0.22158609069091587,False,94
4541,0.22233366206881758,False,94
4542,0.2211941653510578,False,94
4543,0.26433636216280987,False,94
4544,0.24648779423996917,False,94
4545,0.2222134775815093,False,94
4546,0.18540088614498867,False,94
4547,0.17012949755243575,False,94
4548,0.16813482151203843,False,94
4549,0.16707884032707385,False,94
4550,0.1630572601046218,False,94
4551,0.2043076334571734,False,94
4552,0.21466420921386137,False,94
4553,0.16198212691663225,False,94
4554,0.028340281311580236,False,94
4555,0.02264817260098317,False,94
4556,0.03243994892995373,False,94
4557,0.03300045156272652,False,94
4558,0.028768481120689287,False,94
4559,0.021105843519852025,False,94
4560,0.019816892859302975,False,94
4561,0.029233798902455557,False,94
4562,0.03608547736306301,False,94
4563,0.019791876249108428,False,94
4564,0.019716351793569033,False,94
4565,0.024483134125593314,False,94
4566,0.042869389714199145,False,94
4567,0.025000442744734088,False,94
4568,0.02352665088493005,False,94
4569,0.032135779483202925,False,94
4570,0.03424498847632921,False,94
4571,0.026802396613562558,False,94
4572,0.02104557720114644,False,94
4573,0.01967746624933974,False,94
4574,0.0473759813989509,False,94
4575,0.036512133475976365,False,94
4576,0.03949263747695813,False,94
4577,0.03275727095832564,False,94
4578,0.02573491448104192,False,94
4579,0.041930490294327175,False,94
4580,0.03435632471295107,False,94
4581,0.02042431148063629,False,94
4582,0.01630525309931143,False,94
4583,0.020791923662841265,False,94
4584,0.061862107604189386,False,94
4585,0.02279120479672519,False,94
4586,0.01726482602746728,False,94
4587,0.02751786366143309,False,94
4588,0.02578201191639491,False,94
4589,0.022440383754918334,False,94
4590,0.015979693597177522,False,94
4591,0.016494128923115973,False,94
4592,0.03082200376353162,False,94
4593,0.03389497842600689,False,94
4594,0.018042866870831207,False,94
4595,0.016269896567978805,False,94
4596,0.022400243761500852,False,94
4597,0.04550929650182881,False,94
4598,0.02507012551807182,False,94
4599,0.02236483212308237,False,94
4600,0.027128610658452037,False,94
4601,0.03152413849999071,False,94
4602,0.022673777332677586,False,94
4603,0.015255418467504467,False,94
4604,0.015624342326943192,False,94
4605,0.028883943028089196,False,94
4606,0.030211438517068753,False,94
4607,0.02386746781838791,False,94
4608,0.01998103784312755,False,94
4609,0.01779072743465326,False,94
4610,0.034566735488329725,False,94
4611,0.030178998694081235,False,94
4612,0.017573015757521578,False,94
4613,0.014923163160851313,False,94
4614,0.020608927908940804,False,94
4615,0.04644495667948576,False,94
4616,0.020473019395144055,False,94
4617,0.018095846223460412,False,94
4618,0.017435127994871513,False,94
4619,0.023532805563373674,False,94
4620,0.01713687788703153,False,94
4621,0.016677323669229194,False,94
4622,0.02213666342930894,False,94
4623,0.0202967444065059,False,94
4624,0.026647125234184523,False,94
4625,0.02018001966245891,False,94
4626,0.02006718912441816,False,94
4627,0.027339649454338786,False,94
4628,0.02434721605795262,False,94
4629,0.032410351878383946,False,94
4630,0.023633236454651443,False,94
4631,0.27086716905564245,False,95
4632,0.43248756420021295,True,95
4633,0.1650001116384332,False,95
4634,0.17506475587079104,False,95
4635,0.221403092983352,False,95
4636,0.22353226277552776,False,95
4637,0.2075090648940026,False,95
4638,0.20727866304354522,False,95
4639,0.28633671178173087,True,95
4640,0.19866689128793366,False,95
4641,0.1546846233493466,False,95
4642,0.11550176427003063,False,95
4643,0.11279243580777522,False,95
4644,0.08569978717957911,False,95
4645,0.06531496144060131,False,95
4646,0.06194333302705427,False,95
4647,0.05727120614533571,False,95
4648,0.08487577991107671,False,95
4649,0.02078434176859353,False,95
4650,0.020480444018917656,False,95
4651,0.019772488816779125,False,95
4652,0.017973710091578794,False,95
4653,0.01570848098921316,False,95
4654,0.014432954074765338,False,95
4655,0.014283237300817864,False,95
4656,0.014718733222536707,False,95
4657,0.01497142969373679,False,95
4658,0.015130227935365038,False,95
4659,0.01521522011478559,False,95
4660,0.015135373881401978,False,95
4661,0.014392123398231394,False,95
4662,0.012004803708147669,False,95
4663,0.010932407710254579,False,95
4664,0.011380468009485917,False,95
4665,0.012353706098453534,False,95
4666,0.013152564931709116,False,95
4667,0.013669435825728802,False,95
4668,0.014119439093184907,False,95
4669,0.01408839936642853,False,95
4670,0.013096247048458598,False,95
4671,0.016074226272544376,False,95
4672,0.02240556640207652,False,95
4673,0.025401136691171455,False,95
4674,0.024755440560379923,False,95
4675,0.02334873812837381,False,95
4676,0.021634184289081176,False,95
4677,0.019377046955094727,False,95
4678,0.017209855299477744,False,95
4679,0.01394077303955987,False,95
4680,0.011260494484096948,False,95
4681,0.01112640402732966,False,95
4682,0.011219306598036069,False,95
4683,0.012244325344264171,False,95
4684,0.012833871557341732,False,95
4685,0.014563976574517449,False,95
4686,0.017396981632673683,False,95
4687,0.020961138707517212,False,95
4688,0.022664240952717084,False,95
4689,0.02911173395853393,False,95
4690,0.04912703071706342,False,95
4691,0.09728585767721304,False,95
4692,0.1156811147515729,False,95
4693,0.15182867313741272,False,95
4694,0.15435805421001733,False,95
4695,0.1430596766990999,False,95
4696,0.13427233353601392,False,95
4697,0.12409873687518237,False,95
4698,0.1145069129892852,False,95
4699,0.10287730338830726,False,95
4700,0.1009901396149507,False,95
4701,0.09977980305395755,False,95
4702,0.184506644163836,False,95
4703,0.0733185673760153,False,95
4704,0.050614615010182495,False,95
4705,0.04396546244320403,False,95
4706,0.040089574383972766,False,95
4707,0.03716472121686186,False,95
4708,0.034341970759391036,False,95
4709,0.03776977941726214,False,95
4710,0.0436521587254563,False,95
4711,0.06988294167279309,False,95
4712,0.09795325143635619,False,95
4713,0.09175167518077487,False,95
4714,0.08949187361454,False,95
4715,0.09511264291338767,False,95
4716,0.08284969784565767,False,95
4717,0.0664535218227342,False,95
4718,0.05563902686032797,False,95
4719,0.05581679222728909,False,95
4720,0.06579231007039933,False,95
4721,0.0677227318973609,False,95
4722,0.05685551884632067,False,95
4723,0.042843912291939366,False,95
4724,0.029061719006184702,False,95
4725,0.018199181258436985,False,95
4726,0.01304956829466355,False,95
4727,0.010099056197999235,False,95
4728,0.011779049373662445,False,95
4729,0.015267207110965884,False,95
4730,0.13829306002546474,False,95
4731,0.17532165576566974,False,95
4732,0.19305025762609068,False,95
4733,0.231595167139327,False,95
4734,0.28683626109608346,True,95
4735,0.31216522441868877,True,95
4736,0.2958919674305954,True,95
4737,0.3964588966834229,True,95
4738,0.35020348670250134,True,95
4739,0.36736847785286425,True,95
4740,0.6644630619493791,True,95
4741,0.23741349375544318,False,95
4742,0.22182550171497342,False,95
4743,0.263320007632511,False,95
4744,0.5824574032967355,True,95
4745,0.48927051873762184,True,95
4746,0.3905105385750134,True,95
4747,0.1700846715621759,False,95
4748,0.18595222695518307,False,95
4749,0.186329337110018,False,95
4750,0.17948049097589666,False,95
4751,0.16651676983897273,False,95
4752,0.2298019484845532,False,95
4753,0.3814438680582042,True,95
4754,0.1425406297430964,False,95
4755,0.15059803353646004,False,95
4756,0.16947767031943514,False,95
4757,0.1767664636872079,False,95
4758,0.17848781707385103,False,95
4759,0.17698162386550556,False,95
4760,0.16831935682279267,False,95
4761,0.19905907898240832,False,95
4762,0.2628837465772789,False,95
4763,0.15477699085088417,False,95
4764,0.17514225560481342,False,95
4765,0.16421368782355938,False,95
4766,0.1710535789334989,False,95
4767,0.16977117100933448,False,95
4768,0.16294356943779423,False,95
4769,0.1532387787505023,False,95
4770,0.16487564406967387,False,95
4771,0.18924166875482676,False,95
4772,0.10529550313357594,False,95
4773,0.10170608939334118,False,95
4774,0.1020329510163005,False,95
4775,0.10189462613833286,False,95
4776,0.10538894806235384,False,95
4777,0.10957884126085464,False,95
4778,0.11306197039265492,False,95
4779,0.11516260587958195,False,95
4780,0.11476868498089361,False,95
4781,0.10881669769149041,False,95
4782,0.1119727797518404,False,95
4783,0.12148772863164312,False,95
4784,0.13502109069739243,False,95
4785,0.14756531585122473,False,95
4786,0.15459896213930163,False,95
4787,0.152906899128164,False,95
4788,0.1327398980979763,False,95
4789,0.09865515683379741,False,95
4790,0.06447287875627462,False,95
4791,0.04496949742432551,False,95
4792,0.03384136446038418,False,95
4793,0.025923300242144728,False,95
4794,0.018270712673537113,False,95
4795,0.015813489530263836,False,95
4796,0.021436969010798623,False,95
4797,0.030512197721948617,False,95
4798,0.03660608819146113,False,95
4799,0.03761336377729729,False,95
4800,0.03494560624449767,False,95
4801,0.03236967056032265,False,95
4802,0.0320851981265343,False,95
4803,0.03402665937985198,False,95
4804,0.02995086174281695,False,95
4805,0.021540220279297823,False,95
4806,0.026145316826628,False,95
4807,0.033348137751464474,False,95
4808,0.030820040096197918,False,95
4809,0.02275097679243534,False,95
4810,0.022607242307986705,False,95
4811,0.01982837303606704,False,95
4812,0.023039758862519254,False,95
4813,0.02726092815855322,False,95
4814,0.02809841620187001,False,95
4815,0.026765243319133717,False,95
4816,0.02270114140592233,False,95
4817,0.01878098061720594,False,95
4818,0.019842960466108873,False,95
4819,0.022502387603788934,False,95
4820,0.017754184058571126,False,95
4821,0.011688751577246831,False,95
4822,0.01987241465043714,False,95
4823,0.01628576256995854,False,95
4824,0.019096263908096055,False,95
4825,0.02519179540962697,False,95
4826,0.031690852067653374,False,95
4827,0.03486595147008794,False,95
4828,0.03420965169328479,False,95
4829,0.032996199644585736,False,95
4830,0.03254524901241983,False,95
4831,0.05487507088901416,False,95
4832,0.06805097835932293,False,95
4833,0.061677329018461055,False,95
4834,0.05148201782752404,False,95
4835,0.05054452778314137,False,95
4836,0.0496979754980671,False,95
4837,0.045741782184278115,False,95
4838,0.039262114513974586,False,95
4839,0.02976908228476538,False,95
4840,0.019447436271715246,False,95
4841,0.01926231447099698,False,95
4842,0.017709981401074434,False,95
4843,0.01748839464621771,False,95
4844,0.017856739656672033,False,95
4845,0.03982559276548112,False,95
4846,0.03136195339260499,False,95
4847,0.027641114416190517,False,95
4848,0.024845777152957396,False,95
4849,0.020396093885966273,False,95
4850,0.016740213567422876,False,95
4851,0.014134195030335826,False,95
4852,0.015486119298123957,False,95
4853,0.022149691741042234,False,95
4854,0.029130819235473508,False,95
4855,0.031567231747816636,False,95
4856,0.01981548607419605,False,95
4857,0.013764284497813417,False,95
4858,0.010753981920360782,False,95
4859,0.010358412236121673,False,95
4860,0.009600066957379897,False,95
4861,0.009280549385306995,False,95
4862,0.008651950105121849,False,95
4863,0.007862742922798266,False,95
4864,0.007436531974846231,False,95
4865,0.007026166595587563,False,95
4866,0.007858413502543843,False,95
4867,0.009947524536271415,False,95
4868,0.01288438064751515,False,95
4869,0.01681722476510314,False,95
4870,0.01980537646870236,False,95
4871,0.020925927708898936,False,95
4872,0.030352049415183276,False,95
4873,0.01783269743115413,False,95
4874,0.01367609761799296,False,95
4875,0.011838314788519572,False,95
4876,0.011708147814391497,False,95
4877,0.011857579096473815,False,95
4878,0.013987294499383802,False,95
4879,0.017606429894679212,False,95
4880,0.024382670392217313,False,95
4881,0.09217565325967564,False,95
4882,0.19590743352792442,False,95
4883,0.08983436328169558,False,95
4884,0.0727079594113074,False,95
4885,0.07519098217498246,False,95
4886,0.0785242004160352,False,95
4887,0.08538388378156132,False,95
4888,0.08989686350647394,False,95
4889,0.05269407508756602,False,95
4890,0.021231412409277416,False,95
4891,0.07184432316282408,False,95
4892,0.023348858430040254,False,95
4893,0.01874660001128769,False,95
4894,0.01416038354656804,False,95
4895,0.010048101353944376,False,95
4896,0.011702189920947797,False,95
4897,0.014994429521800278,False,95
4898,0.015141044093801561,False,95
4899,0.04351408584669867,False,95
4900,0.023084190723523614,False,95
4901,0.015457491070097275,False,95
4902,0.012395882551802538,False,95
4903,0.00962843352313016,False,95
4904,0.009238910313363814,False,95
4905,0.009955623110606252,False,95
4906,0.012888955131726618,False,95
4907,0.04120840720176407,False,95
4908,0.030476146426188632,False,95
4909,0.015835266068375813,False,95
4910,0.011926800814778146,False,95
4911,0.01033193958432006,False,95
4912,0.010226999220100409,False,95
4913,0.010906799025442487,False,95
4914,0.013716953192891818,False,95
4915,0.02247543835666795,False,95
4916,0.026646268125466065,False,95
4917,0.021510476932755047,False,95
4918,0.016616093786113624,False,95
4919,0.012839426097392838,False,95
4920,0.010154282703777879,False,95
4921,0.009123971532089983,False,95
4922,0.007998158644043966,False,95
4923,0.007060807900742962,False,95
4924,0.0072930968083840045,False,95
4925,0.007850214045946562,False,95
4926,0.007994765036050525,False,95
4927,0.010384810691861047,False,95
4928,0.007548784222743835,False,95
4929,0.00601347491356496,False,95
4930,0.005345162080403537,False,95
4931,0.005094981796483264,False,95
4932,0.00529400793414539,False,95
4933,0.005600516363775552,False,95
4934,0.005849249317020737,False,95
4935,0.006161527842498572,False,95
4936,0.0061289633635118815,False,95
4937,0.005755153821515404,False,95
4938,0.005395692593434639,False,95
4939,0.004799726143262278,False,95
4940,0.004184829295028319,False,95
4941,0.003964542972613714,False,95
4942,0.003652128297373098,False,95
4943,0.0035726657329583334,False,95
4944,0.0035719998409605887,False,95
4945,0.003526956662583305,False,95
4946,0.00344505687897545,False,95
4947,0.0034483711391382317,False,95
4948,0.0034931827288642225,False,95
4949,0.003503244602321065,False,95
4950,0.0034846187563335462,False,95
4951,0.003469103286688135,False,95
4952,0.003459542104633974,False,95
4953,0.0034535077721914065,False,95
4954,0.0034463459879869288,False,95
4955,0.003562949067712151,False,95
4956,0.003725479595429115,False,95
4957,0.0036487887188818157,False,95
4958,0.003494489357348561,False,95
4959,0.003256513672686649,False,95
4960,0.0032641960952401548,False,95
4961,0.0032980324354055443,False,95
4962,0.0033286017949263787,False,95
4963,0.0034703881228987025,False,95
4964,0.0036617154634293746,False,95
4965,0.003924902112527643,False,95
4966,0.004070412336456872,False,95
4967,0.004100197689622882,False,95
4968,0.003859756649842889,False,95
4969,0.003507011266252591,False,95
4970,0.0033183042023811424,False,95
4971,0.0038106416032682466,False,95
4972,0.004840424934492122,False,95
4973,0.005969842838836443,False,95
4974,0.007118941365814743,False,95
4975,0.007948873174698052,False,95
4976,0.00852513789690456,False,95
4977,0.008804854757955644,False,95
4978,0.008877396280891988,False,95
4979,0.008630592984884352,False,95
4980,0.008032250810554826,False,95
4981,0.0072678723648086935,False,95
4982,0.006447067194355149,False,95
4983,0.00599515104815272,False,95
4984,0.0061170667618903884,False,95
4985,0.006278718210737645,False,95
4986,0.006478375870968186,False,95
4987,0.006462801773840043,False,95
4988,0.006135941192757039,False,95
4989,0.00566701493686494,False,95
4990,0.005390185610852481,False,95
4991,0.005769012103689151,False,95
4992,0.006428143096292495,False,95
4993,0.006302810515331784,False,95
4994,0.006059996472935071,False,95
4995,0.005611542393116316,False,95
4996,0.005247914578801245,False,95
4997,0.005041541368300926,False,95
4998,0.004751158155007544,False,95
4999,0.00454946279924765,False,95
5000,0.004737675531925847,False,95
5001,0.004556479608017496,False,95
5002,0.0044639862257652785,False,95
5003,0.004434946556426247,False,95
5004,0.004345522022877468,False,95
5005,0.0043137110301121485,False,95
5006,0.03191303920328858,False,95
5007,0.03312369202408893,False,95
5008,0.036865336409582235,False,95
5009,0.0329856614691667,False,95
5010,0.12767250144341777,False,95
5011,0.22340622276184638,False,95
5012,0.3113107496736858,True,95
5013,0.38006394205287486,True,95
5014,0.4033187216066667,True,95
5015,0.26135613991302914,False,95
5016,0.28590361645865187,True,95
5017,0.2943477847928858,True,95
5018,0.35925142081779854,True,95
5019,0.43406267291925776,True,95
5020,0.44514185346908874,True,95
5021,0.42844722497930954,True,95
5022,0.4070425880195004,True,95
5023,0.43563478523248084,True,95
5024,0.41345974907195476,True,95
5025,0.3829427642740475,True,95
5026,0.3503242691348234,True,95
5027,0.3477022447616681,True,95
5028,0.3685408756419231,True,95
5029,0.3740937754655623,True,95
5030,0.3625206170858428,True,95
5031,0.36224264741442785,True,95
5032,0.35955514192023,True,95
5033,0.3504939078016875,True,95
5034,0.33727757444115836,True,95
5035,0.3338676899558501,True,95
5036,0.3475039050210724,True,95
5037,0.36031879519839793,True,95
5038,0.34867945355149055,True,95
5039,0.32782448788239976,True,95
5040,0.31541537439992473,True,95
5041,0.33803196535036173,True,95
5042,0.35457797540900265,True,95
5043,0.37056837597077014,True,95
5044,0.37712789747805747,True,95
5045,0.3656172595271192,True,95
5046,0.4000899644441355,True,95
5047,0.35855707035733575,True,95
5048,0.36840688675586525,True,95
5049,0.3691175430074799,True,95
5050,0.39044116234604315,True,95
5051,0.41997967817957577,True,95
5052,0.33712524446122183,True,95
5053,0.3235193977352131,True,95
5054,0.34529765208385765,True,95
5055,0.3521461226208812,True,95
5056,0.35410971452072354,True,95
5057,0.3453278552416372,True,95
5058,0.34470744253042707,True,95
5059,0.37692060022611423,True,95
5060,0.38869932760049225,True,95
5061,0.38643173436383127,True,95
5062,0.3745953381596374,True,95
5063,0.37733754120974183,True,95
5064,0.3909374581434472,True,95
5065,0.39258873210314876,True,95
5066,0.40079836525711476,True,95
5067,0.37902065635908355,True,95
5068,0.3951396306451056,True,95
5069,0.42029049599981677,True,95
5070,0.40527525662099007,True,95
5071,0.4160938558816288,True,95
5072,0.4003392392637602,True,95
5073,0.4125762749002109,True,95
5074,0.42653139169493326,True,95
5075,0.3643761715828072,True,95
5076,0.3798080894836389,True,95
5077,0.35382357551810667,True,95
5078,0.3573163095855132,True,95
5079,0.3925631369221642,True,95
5080,0.3497710483020382,True,95
5081,0.3478736708065915,True,95
5082,0.31432774142537556,True,95
5083,0.36109973562275155,True,95
5084,0.35742367022374494,True,95
5085,0.3543672201063516,True,95
5086,0.3568009526122215,True,95
5087,0.39530562022909427,True,95
5088,0.20483814091249983,False,95
5089,0.2059039576112937,False,95
5090,0.17916208723974192,False,95
5091,0.24846700516025427,False,95
5092,0.4312004455545245,True,95
5093,0.5534953030576096,True,95
5094,0.4872136274407481,True,95
5095,0.4424546404516885,True,95
5096,0.3276993252580967,True,95
5097,0.2684141224162552,False,95
5098,0.21409921860825,False,95
5099,0.13686719315737633,False,95
5100,0.05615501894727946,False,95
5101,0.048349743295569625,False,95
5102,0.03603496643528013,False,95
5103,0.027391039238612063,False,95
5104,0.02533911327220031,False,95
5105,0.026409324384505307,False,95
5106,0.025167300438700906,False,95
5107,0.021333109108993477,False,95
5108,0.019102045716764604,False,95
5109,0.019665016392893055,False,95
5110,0.022191452322008254,False,95
5111,0.022410017522986353,False,95
5112,0.019446201834143143,False,95
5113,0.015854570647234167,False,95
5114,0.013733084685195105,False,95
5115,0.013708965795616842,False,95
5116,0.014158700319719606,False,95
5117,0.0134778808021574,False,95
5118,0.011659967360546322,False,95
5119,0.009893301353511871,False,95
5120,0.009675212225653231,False,95
5121,0.013187603176598981,False,95
5122,0.03147838256839905,False,95
5123,0.11687952952444068,False,95
5124,0.16208380528609903,False,95
5125,0.20461183865108395,False,95
5126,0.3542298050494928,True,95
5127,0.24363871199070633,False,95
5128,0.24080940824581712,False,95
5129,0.25539995468599275,False,95
5130,0.2801727478213216,True,95
5131,0.3081105408833823,True,95
5132,0.27198304758411285,False,95
5133,0.22669948840358697,False,95
5134,0.2957027701877574,True,95
5135,0.32543047510366185,True,95
5136,0.20721119138104616,False,95
5137,0.18624708189795836,False,95
5138,0.23969653063140217,False,95
5139,0.19234422327105521,False,95
5140,0.21017054832101073,False,95
5141,0.2545108250999999,False,95
5142,0.2452233249869179,False,95
5143,0.27667453420564314,True,95
5144,0.29425970939843643,True,95
5145,0.28873828753639763,True,95
5146,0.2070901661205564,False,95
5147,0.21535051739368566,False,95
5148,0.28041186185886335,True,95
5149,0.28535278300162337,True,95
5150,0.2801259061780515,True,95
5151,0.17542848627393084,False,95
5152,0.17127045307499347,False,95
5153,0.17673107707396724,False,95
5154,0.2887105160675631,True,95
5155,0.0665571223423763,False,95
5156,0.07619207564606574,False,95
5157,0.12483344568830838,False,95
5158,0.10368350616899365,False,95
5159,0.07451130308892742,False,95
5160,0.10601634368068183,False,95
5161,0.09232410561561546,False,95
5162,0.11501630256253352,False,95
5163,0.13410338526829513,False,95
5164,0.14125171774490855,False,95
5165,0.12681823551140373,False,95
5166,0.1260388239316059,False,95
5167,0.17803201193164025,False,95
5168,0.12639561313670283,False,95
5169,0.08124654218911252,False,95
5170,0.060846086664053674,False,95
5171,0.07412318691505318,False,95
5172,0.0571812991357954,False,95
5173,0.0914671334109336,False,95
5174,0.07620240528417697,False,95
5175,0.12619805866994718,False,95
5176,0.11371202510522496,False,95
5177,0.05594983143177375,False,95
5178,0.06686672773760441,False,95
5179,0.0821448176415428,False,95
5180,0.13324836144650679,False,95
5181,0.1271502397197725,False,95
5182,0.05424857065489671,False,95
5183,0.06293971798937238,False,95
5184,0.08649241942051862,False,95
5185,0.14000908057439446,False,95
5186,0.13803176796394837,False,95
5187,0.062275467519196125,False,95
5188,0.0536229879413541,False,95
5189,0.08243874287814901,False,95
5190,0.11506749527741249,False,95
5191,0.12688551577202856,False,95
5192,0.0518737348829715,False,95
5193,0.04894562280106152,False,95
5194,0.07221853083564453,False,95
5195,0.11771556554210214,False,95
5196,0.1105561156916044,False,95
5197,0.047607761463197264,False,95
5198,0.04241879700399819,False,95
5199,0.059212587785324046,False,95
5200,0.09528700759902727,False,95
5201,0.09081199645497982,False,95
5202,0.04052171602384134,False,95
5203,0.06184628556757984,False,95
5204,0.05518850120142645,False,95
5205,0.10140838942441482,False,95
5206,0.08478688250054756,False,95
5207,0.04738591908999128,False,95
5208,0.08160401454088469,False,95
5209,0.05475209647515687,False,95
5210,0.10557226564650804,False,95
5211,0.09872089168402595,False,95
5212,0.0676208568265603,False,95
5213,0.10628603082894458,False,95
5214,0.05786466676417741,False,95
5215,0.1153503029782694,False,95
5216,0.10701414079522187,False,95
5217,0.05756107520069561,False,95
5218,0.0792021163459479,False,95
5219,0.06120707016356885,False,95
5220,0.09253636040729601,False,95
5221,0.12665947160177918,False,95
5222,0.04853872577962695,False,95
5223,0.05985760083958655,False,95
5224,0.07132619248879797,False,95
5225,0.06111519219913235,False,95
5226,0.1354302219821637,False,95
5227,0.04825857728035945,False,95
5228,0.05054442300500702,False,95
5229,0.0732140311074796,False,95
5230,0.04993180044403281,False,95
5231,0.1256558890981728,False,95
5232,0.04589234302643743,False,95
5233,0.04272790531882494,False,95
5234,0.06711653979032513,False,95
5235,0.059590044884492016,False,95
5236,0.11006727125629455,False,95
5237,0.04211092519962758,False,95
5238,0.052818819825765195,False,95
5239,0.05977400660061424,False,95
5240,0.05814665559497017,False,95
5241,0.1060715776305312,False,95
5242,0.04162613733034059,False,95
5243,0.0477542029899008,False,95
5244,0.05937655412524735,False,95
5245,0.06024897026839714,False,95
5246,0.09827569730311556,False,95
5247,0.03768406510572495,False,95
5248,0.0495712379452877,False,95
5249,0.0566550477575389,False,95
5250,0.05587365708690344,False,95
5251,0.09964173551384602,False,95
5252,0.040576478979239834,False,95
5253,0.059422354924310965,False,95
5254,0.05789724977997311,False,95
5255,0.06591692446731856,False,95
5256,0.09578482081670663,False,95
5257,0.04083375301585025,False,95
5258,0.05321835113273303,False,95
5259,0.060572062598049724,False,95
5260,0.054797079534206906,False,95
5261,0.10130838053324191,False,95
5262,0.044875702698145295,False,95
5263,0.04726193313215343,False,95
5264,0.06292246921903971,False,95
5265,0.061657132701700604,False,95
5266,0.09483613946612894,False,95
5267,0.042452985795329884,False,95
5268,0.03992938811976708,False,95
5269,0.056393077405858444,False,95
5270,0.04605918240314844,False,95
5271,0.08917050426372422,False,95
5272,0.039399275344762126,False,95
5273,0.034470954287134134,False,95
5274,0.0532101981700498,False,95
5275,0.051204259326773374,False,95
5276,0.08352571844768614,False,95
5277,0.038907207630117985,False,95
5278,0.060640754269705735,False,95
5279,0.04963941070539843,False,95
5280,0.05248063720582459,False,95
5281,0.08799437464795083,False,95
5282,0.05214081117534171,False,95
5283,0.10850079793427128,False,95
5284,0.14794860096355086,False,95
5285,0.12076895245206602,False,95
5286,0.14422266812965795,False,95
5287,0.17872520495997612,False,95
5288,0.14650886307928865,False,95
5289,0.18509949087926386,False,95
5290,0.17748234527904536,False,95
5291,0.2029526752326191,False,95
5292,0.19005397370624752,False,95
5293,0.18143785039310611,False,95
5294,0.19726438010313607,False,95
5295,0.22208663184881153,False,95
5296,0.2644300190660576,False,95
5297,0.23844682094855507,False,95
5298,0.22742924762532624,False,95
5299,0.22319607748556283,False,95
5300,0.21114531832714048,False,95
5301,0.2147659177427274,False,95
5302,0.18205552259957672,False,95
5303,0.16654174461897314,False,95
5304,0.2639840372696836,False,95
5305,0.22968332677562212,False,95
5306,0.11260190142319412,False,95
5307,0.0789329350139944,False,95
5308,0.07227775258990927,False,95
5309,0.17148143711298475,False,95
5310,0.14262649180771256,False,95
5311,0.0956424883903502,False,95
5312,0.17736896089869064,False,95
5313,0.19204336710370748,False,95
5314,0.22515640968473052,False,95
5315,0.11023628650264267,False,95
5316,0.11804605960047562,False,95
5317,0.053908609792780955,False,95
5318,0.06622136102410577,False,95
5319,0.14213298469288757,False,95
5320,0.08561289462041151,False,95
5321,0.050024083760723204,False,95
5322,0.18370086275765032,False,95
5323,0.11068509822247588,False,95
5324,0.07937443574321536,False,95
5325,0.16215916254796978,False,95
5326,0.1145041322673923,False,95
5327,0.20511629703327264,False,95
5328,0.07619989370913911,False,95
5329,0.0539418733669463,False,95
5330,0.13081285954958471,False,95
5331,0.10538910725465013,False,95
5332,0.1479221193437065,False,95
5333,0.09864313803888859,False,95
5334,0.08796597624616369,False,95
5335,0.1744647443211912,False,95
5336,0.10142853284576356,False,95
5337,0.06797441696503612,False,95
5338,0.13827362868836393,False,95
5339,0.06235413339687899,False,95
5340,0.18224667076695164,False,95
5341,0.10464862801983572,False,95
5342,0.09716554014023508,False,95
5343,0.11709719512503958,False,95
5344,0.12658559238953943,False,95
5345,0.04886454488931085,False,95
5346,0.0890424302462562,False,95
5347,0.1685315412858813,False,95
5348,0.08352895023829358,False,95
5349,0.06598428127698837,False,95
5350,0.1854256584124712,False,95
5351,0.09749158342088284,False,95
5352,0.16628682968866587,False,95
5353,0.0963801602574992,False,95
5354,0.049774439334460116,False,95
5355,0.21115443886164786,False,95
5356,0.1267010009677733,False,95
5357,0.07436245258039081,False,95
5358,0.18498311421506422,False,95
5359,0.07546678859199196,False,95
5360,0.23746375102824488,False,95
5361,0.08174259478459245,False,95
5362,0.0643571984093994,False,95
5363,0.13087225186972395,False,95
5364,0.10686254526607875,False,95
5365,0.18059475233179598,False,95
5366,0.09052155258940908,False,95
5367,0.08173756836240972,False,95
5368,0.16896510569663822,False,95
5369,0.14211052851379685,False,95
5370,0.2561423063508409,False,95
5371,0.09077067151670445,False,95
5372,0.08824675137218854,False,95
5373,0.20437037602905953,False,95
5374,0.12663554329986193,False,95
5375,0.10089915550771786,False,95
5376,0.18187794057919515,False,95
5377,0.08442718920566614,False,95
5378,0.24405620268599876,False,95
5379,0.09114112630497302,False,95
5380,0.06716273731904919,False,95
5381,0.14272137542904373,False,95
5382,0.12875416195418843,False,95
5383,0.20506559512956787,False,95
5384,0.18541582333930048,False,95
5385,0.17609917287659108,False,95
5386,0.17128255548988233,False,95
5387,0.21636955038379183,False,95
5388,0.19205984461870385,False,95
5389,0.21167353421511872,False,95
5390,0.25299415161477956,False,95
5391,0.2877968936956984,True,95
5392,0.2471956428902048,False,95
5393,0.2408287674516397,False,95
5394,0.2435457790294972,False,95
5395,0.2534963786195143,False,95
5396,0.2876707366076768,True,95
5397,0.3060387526973045,True,95
5398,0.29457394977216356,True,95
5399,0.26090643033693817,False,95
5400,0.2136729122696738,False,95
5401,0.19468458184199766,False,95
5402,0.19980227330608366,False,95
5403,0.20845976057752347,False,95
5404,0.257352005491305,False,95
5405,0.26715995381504326,False,95
5406,0.27612552889869796,False,95
5407,0.2589966717012984,False,95
5408,0.10575410872369691,False,95
5409,0.09357900379142914,False,95
5410,0.17636575671914057,False,95
5411,0.0687530542008931,False,95
5412,0.051338213597814646,False,95
5413,0.1891076093287156,False,95
5414,0.11345904872871455,False,95
5415,0.30049423821897875,True,95
5416,0.09089066178713771,False,95
5417,0.09018800881917939,False,95
5418,0.19439980381377406,False,95
5419,0.08726685680111027,False,95
5420,0.06316832147635464,False,95
5421,0.21410574707863048,False,95
5422,0.12418582008546027,False,95
5423,0.37538068098731603,True,95
5424,0.0912505038508599,False,95
5425,0.25569265369960986,False,95
5426,0.23650388233393427,False,95
5427,0.26881996144804976,False,95
5428,0.4808321549312059,True,95
5429,0.3212250638552274,True,95
5430,0.243873663547724,False,95
5431,0.1493344568934896,False,95
5432,0.4823649015807054,True,95
5433,0.1429822901601212,False,95
5434,0.46939734276284945,True,95
5435,0.3050675763073402,True,95
5436,0.19140567537872713,False,95
5437,0.1441410432849031,False,95
5438,0.13144649766475866,False,95
5439,0.049890377341682154,False,95
5440,0.05514462562589835,False,95
5441,0.03528560891211076,False,95
5442,0.05010824727587054,False,95
5443,0.02360277014622989,False,95
5444,0.07751560200122125,False,95
5445,0.11927234343103983,False,95
5446,0.06822140562272416,False,95
5447,0.0762085408040009,False,95
5448,0.051926359834154646,False,95
5449,0.058680690698900306,False,95
5450,0.2074721250251886,False,95
5451,0.09305811020368204,False,95
5452,0.03445662518433399,False,95
5453,0.10961286129131702,False,95
5454,0.026114263422152367,False,95
5455,0.051030819761136895,False,95
5456,0.02575480726392096,False,95
5457,0.03148978530346504,False,95
5458,0.08779443065693078,False,95
5459,0.03903304818052537,False,95
5460,0.027149468101687425,False,95
5461,0.06623215271391923,False,95
5462,0.03299066570777663,False,95
5463,0.07481312395321894,False,95
5464,0.028617676856610888,False,95
5465,0.04491394523890559,False,95
5466,0.022947820489728318,False,95
5467,0.02239704969375275,False,95
5468,0.06814115067680881,False,95
5469,0.0338529683352364,False,95
5470,0.052565247973428035,False,95
5471,0.026701232854232128,False,95
5472,0.03380348512273997,False,95
5473,0.09628096537513102,False,95
5474,0.043697178306320326,False,95
5475,0.030479661652781185,False,95
5476,0.08272585440888597,False,95
5477,0.04174098974310392,False,95
5478,0.08200826087833493,False,95
5479,0.03627148715625383,False,95
5480,0.053803580883849,False,95
5481,0.05003512090682294,False,95
5482,0.06581767091969515,False,95
5483,0.13043978300265618,False,95
5484,0.13759118702659837,False,95
5485,0.2294114002153639,False,95
5486,0.22461512372882023,False,95
5487,0.213941116174024,False,95
5488,0.19503423493522484,False,95
5489,0.29834021092509166,True,95
5490,0.31681912796351475,True,95
5491,0.3205813994520339,True,95
5492,0.32924915637209856,True,95
5493,0.3147864974164855,True,95
5494,0.41283484549605276,True,95
5495,0.4577304501484891,True,95
5496,0.42951855355945795,True,95
5497,0.41667766593897526,True,95
5498,0.4018709871832853,True,95
5499,0.31344702322814627,True,95
5500,0.31987360793629316,True,95
5501,0.348491758984211,True,95
5502,0.39200061390442836,True,95
5503,0.43968070667431,True,95
5504,0.26392403684456717,False,95
5505,0.031105426077564533,False,95
5506,0.03531951348083389,False,95
5507,0.04173446415539009,False,95
5508,0.03382271938994658,False,95
5509,0.036056688566356916,False,95
5510,0.022140373698858143,False,95
5511,0.05053355374632738,False,95
5512,0.048108822002109315,False,95
5513,0.030665290168649106,False,95
5514,0.03969218354296949,False,95
5515,0.025611203744733666,False,95
5516,0.03382673175666393,False,95
5517,0.03472363464375932,False,95
5518,0.029590469024863824,False,95
5519,0.023167252527226553,False,95
5520,0.03526152530949746,False,95
5521,0.05467557432686632,False,95
5522,0.06868060032048114,False,95
5523,0.0210778171326835,False,95
5524,0.045612222296580004,False,95
5525,0.04112391721844676,False,95
5526,0.03235314498139145,False,95
5527,0.0366464406193831,False,95
5528,0.01699715100253288,False,95
5529,0.051553941909260964,False,95
5530,0.044329585156361186,False,95
5531,0.028416842054525198,False,95
5532,0.04554156003957766,False,95
5533,0.018129975617925974,False,95
5534,0.04217320505364553,False,95
5535,0.0529484103047317,False,95
5536,0.027369248633038037,False,95
5537,0.05020300812786278,False,95
5538,0.03023176440573196,False,95
5539,0.048765821820105006,False,95
5540,0.05952864684134766,False,95
5541,0.048109825037104856,False,95
5542,0.03384095433062144,False,95
5543,0.05823218100316837,False,95
5544,0.08349426938038589,False,95
5545,0.10490080696222258,False,95
5546,0.03501803076902836,False,95
5547,0.07600056593939113,False,95
5548,0.062380269505888236,False,95
5549,0.0495498111727141,False,95
5550,0.07789547708222028,False,95
5551,0.02880377293251346,False,95
5552,0.08659225045868915,False,95
5553,0.0605823122523436,False,95
5554,0.05473200442201964,False,95
5555,0.07486290121609508,False,95
5556,0.05657415296228727,False,95
5557,0.10884591252605298,False,95
5558,0.09264539500388663,False,95
5559,0.08541423787720286,False,95
5560,0.1702638603584186,False,95
5561,0.09261326356283703,False,95
5562,0.20407400298002248,False,95
5563,0.10973390054960773,False,95
5564,0.16224942872433046,False,95
5565,0.1368253015888419,False,95
5566,0.10865063570728015,False,95
5567,0.16718799405541107,False,95
5568,0.1271076356662905,False,95
5569,0.1317623751678836,False,95
5570,0.22475994934694107,False,95
5571,0.07160428698963364,False,95
5572,0.11795532375301261,False,95
5573,0.09742109399619882,False,95
5574,0.09014734879035795,False,95
5575,0.17884720459013,False,95
5576,0.08215512812283081,False,95
5577,0.13054090674850158,False,95
5578,0.12018714510395831,False,95
5579,0.08440794952774204,False,95
5580,0.15995281480346554,False,95
5581,0.1189168800113359,False,95
5582,0.10216868680113339,False,95
5583,0.1301037960737165,False,95
5584,0.2738374761583057,False,95
5585,0.3793889126507073,True,95
5586,0.5803162825690421,True,95
5587,0.35819014199096305,True,95
5588,0.6809482089224569,True,95
5589,0.7903118285467169,True,95
5590,0.8805817803532591,True,95
5591,0.8365417080078734,True,95
5592,0.8648546794725691,True,95
5593,1.0823314619806235,True,95
5594,1.2384853579713393,True,95
5595,1.2778076431771166,True,95
5596,1.4987247696940662,True,95
5597,1.335890084295109,True,95
5598,1.111250750431352,True,95
5599,1.053581621735198,True,95
5600,1.066680398962153,True,95
5601,1.2243741629381066,True,95
5602,1.301494948941002,True,95
5603,0.744254803604114,True,95
5604,0.6526165108105193,True,95
5605,0.6383089448412729,True,95
5606,0.10754305730387419,False,95
5607,0.16347618904611083,False,95
5608,0.08689760548855348,False,95
5609,0.14243658276421364,False,95
5610,0.2620849741595343,False,95
5611,0.17313109267278612,False,95
5612,0.07797152736799166,False,95
5613,0.1517781883382147,False,95
5614,0.09042446242467504,False,95
5615,0.14530680974795515,False,95
5616,0.07169054783328188,False,95
5617,0.1220089767657823,False,95
5618,0.26049142794299474,False,95
5619,0.14584216768912883,False,95
5620,0.16903128568144923,False,95
5621,0.22061188615021787,False,95
5622,0.09688427966006928,False,95
5623,0.17605631444692063,False,95
5624,0.0896040931854758,False,95
5625,0.11227644597678846,False,95
5626,0.29278721749650866,True,95
5627,0.16237853384400802,False,95
5628,0.0631993130530608,False,95
5629,0.09689426110518828,False,95
5630,0.09469312659803193,False,95
5631,0.17199001056339658,False,95
5632,0.23101952693941083,False,95
5633,0.19722363380222105,False,95
5634,0.1843659293074044,False,95
5635,0.20896897073355497,False,95
5636,0.26711688183728494,False,95
5637,0.20966765837269408,False,95
5638,0.7133976022927281,True,95
5639,0.5729642934355367,True,95
5640,0.6306732810846443,True,95
5641,0.7935457145730099,True,95
5642,0.6952818512165322,True,95
5643,0.6614698875057763,True,95
5644,0.5950607373078084,True,95
5645,0.5834485602166146,True,95
5646,0.9562059676790182,True,95
5647,0.9278591301032878,True,95
5648,0.5412242531516193,True,95
5649,0.7821523285530507,True,95
5650,0.6876049397738994,True,95
5651,0.957767133314374,True,95
5652,0.9321360833448775,True,95
5653,0.268242029442631,False,95
5654,0.2044021733282905,False,95
5655,0.49519600042160283,True,95
5656,0.511891437844255,True,95
5657,0.5643528024669103,True,95
5658,0.5634112131988538,True,95
5659,0.7630134097182634,True,95
5660,0.9413321607684034,True,95
5661,0.5589083920554057,True,95
5662,0.7763603607744115,True,95
5663,0.6905662911902942,True,95
5664,0.9480059503862113,True,95
5665,0.9499530893691867,True,95
5666,0.25262250479990617,False,95
5667,0.21253971932427426,False,95
5668,0.5185232507691835,True,95
5669,0.5048222435269896,True,95
5670,0.573258884512806,True,95
5671,0.5572003891914175,True,95
5672,0.7093770966650773,True,95
5673,0.8772040034211463,True,95
5674,0.5155108390578256,True,95
5675,0.7350793985774144,True,95
5676,0.6018410387270283,True,95
5677,0.8111363306590258,True,95
5678,1.0745698091856635,True,95
5679,0.5521761776147222,True,95
5680,0.8517576536460503,True,95
5681,0.702601457818229,True,95
5682,0.8693900318484296,True,95
5683,1.0348037914610575,True,95
5684,0.354433507571316,True,95
5685,0.4596190141476747,True,95
5686,1.0721984949990055,True,96
5687,1.1458423761316539,True,96
5688,0.9401750219705954,True,96
5689,0.6770071087136197,True,96
5690,0.6057528096414379,True,96
5691,0.4091171223455315,True,96
5692,0.29972049026354775,True,96
5693,0.17418181129692425,False,96
5694,0.12454555240007852,False,96
5695,0.045514395165365394,False,96
5696,0.044873755340421574,False,96
5697,0.04542110544802441,False,96
5698,0.03712510302611798,False,96
5699,0.032447913296223395,False,96
5700,0.025577758269942703,False,96
5701,0.02689469071333274,False,96
5702,0.026077839567490536,False,96
5703,0.022480208546418197,False,96
5704,0.02374185044993402,False,96
5705,0.0210070588935319,False,96
5706,0.016898620075532663,False,96
5707,0.016421245442121542,False,96
5708,0.012701912235385507,False,96
5709,0.015537960871400405,False,96
5710,0.012710707143876936,False,96
5711,0.011910408937546354,False,96
5712,0.011606015740459278,False,96
5713,0.011070441862562405,False,96
5714,0.00914371855701488,False,96
5715,0.00772705225384506,False,96
5716,0.007338980684241381,False,96
5717,0.007496282807408913,False,96
5718,0.007549984662701627,False,96
5719,0.007655819891492616,False,96
5720,0.007935079661052067,False,96
5721,0.007605830900310027,False,96
5722,0.006774798520416422,False,96
5723,0.006362423091147258,False,96
5724,0.006727542908520064,False,96
5725,0.007266902938964897,False,96
5726,0.014896096147886707,False,96
5727,0.022194573225864808,False,96
5728,0.02502172949202023,False,96
5729,0.026837752332620868,False,96
5730,0.024215748383349136,False,96
5731,0.021702875482677155,False,96
5732,0.019572868948707137,False,96
5733,0.01781407459607591,False,96
5734,0.016097206292656527,False,96
5735,0.012751948994965921,False,96
5736,0.012666242354925432,False,96
5737,0.01200267235952821,False,96
5738,0.010998972112215566,False,96
5739,0.010493591298384251,False,96
5740,0.010645651437124022,False,96
5741,0.011111176554149524,False,96
5742,0.011658308698595165,False,96
5743,0.01172747518525824,False,96
5744,0.010959656846459123,False,96
5745,0.010717827582175658,False,96
5746,0.012669704106624602,False,96
5747,0.016045158108864425,False,96
5748,0.01826006645581639,False,96
5749,0.019711972207691716,False,96
5750,0.021636280213705332,False,96
5751,0.023091399019764557,False,96
5752,0.023748810795634106,False,96
5753,0.02373204541889702,False,96
5754,0.022680250903227606,False,96
5755,0.02228077643794381,False,96
5756,0.022018392988783664,False,96
5757,0.021933083178008454,False,96
5758,0.020376087740227776,False,96
5759,0.02368382782624245,False,96
5760,0.03361477684335295,False,96
5761,0.06269281083447449,False,96
5762,0.07706079196201536,False,96
5763,0.1043939725573627,False,96
5764,0.10159917627713784,False,96
5765,0.08947367668203542,False,96
5766,0.11219666418473541,False,96
5767,0.14493470616473825,False,96
5768,0.188454332852573,False,96
5769,0.2518044360271893,False,96
5770,0.28594374714277837,True,96
5771,0.322156791408453,True,96
5772,0.20357866277555325,False,96
5773,0.08499749185471306,False,96
5774,0.0831187706174228,False,96
5775,0.07427250029789234,False,96
5776,0.11366000349477656,False,96
5777,0.10887112514009821,False,96
5778,0.09935018070860813,False,96
5779,0.08633193315840451,False,96
5780,0.07712357121744373,False,96
5781,0.06987887779062454,False,96
5782,0.07936941685706447,False,96
5783,0.10040409716731552,False,96
5784,0.09798278112802973,False,96
5785,0.12014457687564233,False,96
5786,0.1658609929853043,False,96
5787,0.12300279874591494,False,96
5788,0.06561656793497261,False,96
5789,0.047123115475915245,False,96
5790,0.04055153780490696,False,96
5791,0.03676225864503132,False,96
5792,0.0365873434641214,False,96
5793,0.04315374512037953,False,96
5794,0.04049336922425833,False,96
5795,0.021078910872339433,False,96
5796,0.01854748638488227,False,96
5797,0.015945162150647018,False,96
5798,0.013842550561733993,False,96
5799,0.011538982198019023,False,96
5800,0.010943061349943774,False,96
5801,0.011883289969567794,False,96
5802,0.011803618762357679,False,96
5803,0.013162860143927986,False,96
5804,0.014429013864374016,False,96
5805,0.015251936538633748,False,96
5806,0.04259667258033431,False,96
5807,0.018181880585418704,False,96
5808,0.014945409369985,False,96
5809,0.024501659233738017,False,96
5810,0.032629396727935835,False,96
5811,0.04074264253520743,False,96
5812,0.045076231272662755,False,96
5813,0.08760035700853877,False,96
5814,0.08419109938160421,False,96
5815,0.1643253904581701,False,96
5816,0.311804136192543,True,96
5817,0.10862089082729016,False,96
5818,0.08430036348076429,False,96
5819,0.10159514047691862,False,96
5820,0.22359157762936266,False,96
5821,0.2698290881747892,False,96
5822,0.21131910328078446,False,96
5823,0.09011196159311156,False,96
5824,0.10478741254464827,False,96
5825,0.07233181267092688,False,96
5826,0.058867155875953675,False,96
5827,0.05648614195124776,False,96
5828,0.05836403464603711,False,96
5829,0.05566132501412827,False,96
5830,0.05046958890644953,False,96
5831,0.04808642378990677,False,96
5832,0.03832986303153075,False,96
5833,0.039076166736676625,False,96
5834,0.03517995105718694,False,96
5835,0.03184696889393218,False,96
5836,0.03360160991158587,False,96
5837,0.03005716392572132,False,96
5838,0.027032130394208684,False,96
5839,0.024383297934113195,False,96
5840,0.04619659820856661,False,96
5841,0.041919617652113404,False,96
5842,0.03553482314263707,False,96
5843,0.02889358353266872,False,96
5844,0.02612035410157932,False,96
5845,0.02298913087179164,False,96
5846,0.021712214883149443,False,96
5847,0.021889325974695766,False,96
5848,0.023464925681238202,False,96
5849,0.03111598428320365,False,96
5850,0.030573043190575428,False,96
5851,0.018620212743370886,False,96
5852,0.01226165445769859,False,96
5853,0.010773561572679514,False,96
5854,0.010830988752752953,False,96
5855,0.011618961921852583,False,96
5856,0.010911899387037795,False,96
5857,0.010368996586763785,False,96
5858,0.009411764311731812,False,96
5859,0.007983193482757778,False,96
5860,0.007283916489266625,False,96
5861,0.006749242235634045,False,96
5862,0.006161243617214458,False,96
5863,0.005536688524558263,False,96
5864,0.005195538334079478,False,96
5865,0.005180246949073476,False,96
5866,0.005328795681523839,False,96
5867,0.0045702132800726275,False,96
5868,0.0036642370681375493,False,96
5869,0.003403238056245421,False,96
5870,0.00322986501767479,False,96
5871,0.0029913560493671563,False,96
5872,0.0027919731838424292,False,96
5873,0.0026862153280071766,False,96
5874,0.002525865736248728,False,96
5875,0.0027202557548567405,False,96
5876,0.002472443400301836,False,96
5877,0.002450638997941134,False,96
5878,0.0025234925309634997,False,96
5879,0.002553742325500405,False,96
5880,0.002602868309584297,False,96
5881,0.0025980336982018015,False,96
5882,0.002828844540591512,False,96
5883,0.0030171667760684226,False,96
5884,0.003147230105418807,False,96
5885,0.0031582301160125274,False,96
5886,0.021667580773246504,False,96
5887,0.029518845612141704,False,96
5888,0.031832914352101574,False,96
5889,0.032899357999487115,False,96
5890,0.032438659107653756,False,96
5891,0.0312767702158466,False,96
5892,0.029007477989851527,False,96
5893,0.024664158575705596,False,96
5894,0.0190655594166703,False,96
5895,0.006531736627583373,False,96
5896,0.006340807019998759,False,96
5897,0.0062419497227229935,False,96
5898,0.006022424076849338,False,96
5899,0.006124038391257504,False,96
5900,0.005990235234682653,False,96
5901,0.006088158559201911,False,96
5902,0.006402286282911593,False,96
5903,0.006500032874897253,False,96
5904,0.00663251113832114,False,96
5905,0.006423230205858034,False,96
5906,0.0064493768519224785,False,96
5907,0.006326672595765321,False,96
5908,0.006290647131967049,False,96
5909,0.00642670090293029,False,96
5910,0.006622670501315563,False,96
5911,0.006624292181689737,False,96
5912,0.006352764924789774,False,96
5913,0.006238133871729242,False,96
5914,0.006120084190160618,False,96
5915,0.005829094340748885,False,96
5916,0.00547628302828831,False,96
5917,0.005271057108317718,False,96
5918,0.005259246579109411,False,96
5919,0.005465955216068341,False,96
5920,0.005823447870559331,False,96
5921,0.006156892594361875,False,96
5922,0.00636951463869703,False,96
5923,0.00624198163640187,False,96
5924,0.006066952122535652,False,96
5925,0.005695141790897213,False,96
5926,0.00568709196997687,False,96
5927,0.005415967194311931,False,96
5928,0.005351081286425159,False,96
5929,0.005097530760221318,False,96
5930,0.004937285632219683,False,96
5931,0.004875089402184205,False,96
5932,0.0050445003267990856,False,96
5933,0.00559500364292352,False,96
5934,0.005851203750761448,False,96
5935,0.006541881835362641,False,96
5936,0.08620956956425718,False,96
5937,0.042584306171259835,False,96
5938,0.03118220018632445,False,96
5939,0.028483763980392082,False,96
5940,0.023670721461209035,False,96
5941,0.02128307347568229,False,96
5942,0.027478303541530847,False,96
5943,0.039885252021671896,False,96
5944,0.05096313734907524,False,96
5945,0.05766714593450821,False,96
5946,0.030911834280068426,False,96
5947,0.039301374154358186,False,96
5948,0.031120370502443085,False,96
5949,0.019619046303252632,False,96
5950,0.02344447713163389,False,96
5951,0.02413971024767131,False,96
5952,0.014018542014747865,False,96
5953,0.010230761126807241,False,96
5954,0.008841225012870105,False,96
5955,0.011530901309778784,False,96
5956,0.01948624706536062,False,96
5957,0.02345641402533942,False,96
5958,0.008660545709613996,False,96
5959,0.006004548594625241,False,96
5960,0.0066952515941027056,False,96
5961,0.007228390322929553,False,96
5962,0.007914631915824746,False,96
5963,0.008957084184536373,False,96
5964,0.008821526546895326,False,96
5965,0.01089000631858653,False,96
5966,0.01071069591086431,False,96
5967,0.010303395373418124,False,96
5968,0.010069064862168195,False,96
5969,0.00943401573954272,False,96
5970,0.008720316097907464,False,96
5971,0.00859462365324328,False,96
5972,0.007268826299181356,False,96
5973,0.00666643315615272,False,96
5974,0.006000967048313371,False,96
5975,0.005063528114900632,False,96
5976,0.0035906809631973927,False,96
5977,0.00245204133328765,False,96
5978,0.0019379702345121283,False,96
5979,0.001628031718199422,False,96
5980,0.0015189033518302065,False,96
5981,0.0014405892095771815,False,96
5982,0.0014844949397211308,False,96
5983,0.001554016008217831,False,96
5984,0.0016383377275266341,False,96
5985,0.0017539194160183953,False,96
5986,0.0020510038110303774,False,96
5987,0.002180219885782236,False,96
5988,0.0022170933828836656,False,96
5989,0.002134836202182784,False,96
5990,0.002079937802631731,False,96
5991,0.0020635476430071104,False,96
5992,0.001945555517144885,False,96
5993,0.001820646603953982,False,96
5994,0.0017600333846432893,False,96
5995,0.0019720320193298653,False,96
5996,0.0021410666902461463,False,96
5997,0.0022753156908373595,False,96
5998,0.0022613905250271297,False,96
5999,0.0021453549997015806,False,96
6000,0.001993167003644443,False,96
6001,0.001759603332764688,False,96
6002,0.0017854463276800792,False,96
6003,0.0018433225348627711,False,96
6004,0.0019275789131990683,False,96
6005,0.0021395395777843323,False,96
6006,0.0024850149296999544,False,96
6007,0.0028071624957648005,False,96
6008,0.0027415177969862922,False,96
6009,0.0025202251535444333,False,96
6010,0.00214326880907359,False,96
6011,0.00197978863236134,False,96
6012,0.0018295224531957675,False,96
6013,0.001657900663652714,False,96
6014,0.0015688838159319282,False,96
6015,0.0017188862012182532,False,96
6016,0.00192337826253732,False,96
6017,0.0021619483992331456,False,96
6018,0.0021815833000205336,False,96
6019,0.0020804532322103923,False,96
6020,0.0021492197185912433,False,96
6021,0.002165466819876324,False,96
6022,0.0019998140083478328,False,96
6023,0.0017656726740021599,False,96
6024,0.0017287277908366282,False,96
6025,0.0016923941223289888,False,96
6026,0.0018154022323156264,False,96
6027,0.0020423627426923137,False,96
6028,0.0021998230027333184,False,96
6029,0.002347253357130717,False,96
6030,0.002718205210263517,False,96
6031,0.0032399886754517163,False,96
6032,0.0035615361501722714,False,96
6033,0.0037878048901465425,False,96
6034,0.00396387786102094,False,96
6035,0.004323744130949295,False,96
6036,0.004566960736252258,False,96
6037,0.0049008490166973576,False,96
6038,0.004495519489736404,False,96
6039,0.0043128685348990375,False,96
6040,0.0036943487425480305,False,96
6041,0.002946416471047241,False,96
6042,0.0028607799747780416,False,96
6043,0.0026671087232967086,False,96
6044,0.0026573696266532793,False,96
6045,0.0027384813561975117,False,96
6046,0.002752651524910496,False,96
6047,0.0025917672276959793,False,96
6048,0.0027020614446694995,False,96
6049,0.0031345786028321764,False,96
6050,0.0033949417883806098,False,96
6051,0.0033519407883159415,False,96
6052,0.0028682649049011967,False,96
6053,0.002998358557260538,False,96
6054,0.0027421258894108854,False,96
6055,0.0029585600146511543,False,96
6056,0.0027540159490265065,False,96
6057,0.0026774008540149377,False,96
6058,0.002830392384024488,False,96
6059,0.0030967290696416066,False,96
6060,0.00415918262351355,False,96
6061,0.04041321880184577,False,96
6062,0.028618856013624322,False,96
6063,0.027058926013292784,False,96
6064,0.033644847304919456,False,96
6065,0.04325784048962581,False,96
6066,0.06517587355401908,False,96
6067,0.10192351662478923,False,96
6068,0.14670643191584032,False,96
6069,0.2348682630299036,False,96
6070,0.5744414681303285,True,96
6071,0.7717661026653106,True,96
6072,1.013867861867438,True,96
6073,1.3096368021676756,True,96
6074,1.6690808878590815,True,96
6075,2.080404079991427,True,96
6076,2.5423293061221988,True,96
6077,3.076780249266178,True,96
6078,3.6886373491319424,True,96
6079,4.40199484154469,True,96
6080,5.202882767070571,True,96
6081,6.0980750377276305,True,96
6082,7.075822918889571,True,96
6083,8.101413664386937,True,96
6084,9.159919570469466,True,96
6085,10.236190068351267,True,96
6086,10.862786914798372,True,96
6087,11.832242976574122,True,96
6088,12.188348401549032,True,96
6089,12.857250231695337,True,96
6090,13.63889985285773,True,96
6091,14.721680508446168,True,96
6092,15.24081225048131,True,96
6093,15.758037628612964,True,96
6094,14.96193282977617,True,96
6095,15.747184072155639,True,96
6096,16.08245699215139,True,96
6097,16.888913664487422,True,96
6098,18.83584426957436,True,96
6099,20.23217150670271,True,96
6100,20.844221366816956,True,96
6101,20.95244104217288,True,96
6102,20.398361255374706,True,96
6103,19.35036836131887,True,96
6104,19.334857429382836,True,96
6105,19.66327306938846,True,96
6106,20.408450731189,True,96
6107,22.56115615083365,True,96
6108,24.157368299582846,True,96
6109,24.77357755744012,True,96
6110,24.651218304972055,True,96
6111,23.610935594626635,True,96
6112,22.62604738738164,True,96
6113,22.631430816303876,True,96
6114,22.949707695472267,True,96
6115,23.430203267992333,True,96
6116,24.6397160906881,True,96
6117,27.00598430078475,True,96
6118,27.99995335706736,True,96
6119,27.87416960355585,True,96
6120,27.08804212614821,True,96
6121,26.56905361978806,True,96
6122,26.717365385746476,True,96
6123,27.12211476460737,True,96
6124,27.542545995115113,True,96
6125,28.265944009975232,True,96
6126,29.391705686031063,True,96
6127,30.32579392723793,True,96
6128,30.918515647844952,True,96
6129,30.571626839783818,True,96
6130,30.279698698439397,True,96
6131,30.37531589369554,True,96
6132,30.65896663091788,True,96
6133,31.056085639013723,True,96
6134,31.444934027400073,True,96
6135,31.753457826464214,True,96
6136,31.114791127578727,True,96
6137,31.4644687434214,True,96
6138,29.188590328848946,True,96
6139,28.26688306706403,True,96
6140,26.127377979140316,True,96
6141,24.179685015440526,True,96
6142,21.97661837877578,True,96
6143,19.468848814543463,True,96
6144,14.140355404875336,True,96
6145,7.9179475726014585,True,96
6146,9.402586081973402,True,96
6147,7.170372956633534,True,96
6148,5.439697152876996,True,96
6149,6.056948834456734,True,96
6150,2.155129222530528,True,96
6151,1.520754587567545,True,96
6152,1.1552074177457832,True,96
6153,0.8858853721416329,True,96
6154,0.6817629808195221,True,96
6155,0.489271801133594,True,96
6156,0.3346409080546868,True,96
6157,0.22995711206329775,False,96
6158,0.1465968197487607,False,96
6159,0.10898749306750732,False,96
6160,0.11423920638537997,False,96
6161,0.13905307841110864,False,96
6162,0.1317748151219275,False,96
6163,0.11725952819699036,False,96
6164,0.10159301097041187,False,96
6165,0.10202422923125846,False,96
6166,0.1136002093415942,False,96
6167,0.12589383197687665,False,96
6168,0.12925419587839682,False,96
6169,0.12596254303945037,False,96
6170,0.15101181648377543,False,96
6171,0.14908616431501884,False,96
6172,0.1396853395715893,False,96
6173,0.12934050408388117,False,96
6174,0.12498674345173634,False,96
6175,0.12386466302884312,False,96
6176,0.1616746891650695,False,96
6177,0.15653707340012077,False,96
6178,0.13747021195270187,False,96
6179,0.11751390423623305,False,96
6180,0.11186796594430257,False,96
6181,0.11245733151459851,False,96
6182,0.11231468895746426,False,96
6183,0.11355918554369455,False,96
6184,0.11847792656101702,False,96
6185,0.14381485986800502,False,96
6186,0.08817134685331822,False,96
6187,0.13743381198661367,False,96
6188,0.13888582564343185,False,96
6189,0.1333297795290169,False,96
6190,0.14003177259961974,False,96
6191,0.15050733345300707,False,96
6192,0.15998312713495122,False,96
6193,0.16665024105180617,False,96
6194,0.17783282724413074,False,96
6195,0.2126639466833972,False,96
6196,0.24043219432756238,False,96
6197,0.09713169830321983,False,96
6198,0.08962658745408345,False,96
6199,0.13090212525695444,False,96
6200,0.19573235277620207,False,96
6201,0.20171706541366494,False,96
6202,0.18966466552880448,False,96
6203,0.19065630680696083,False,96
6204,0.1961845534197132,False,96
6205,0.1987268062727425,False,96
6206,0.19593470445359695,False,96
6207,0.2048905822584793,False,96
6208,0.20636920830084854,False,96
6209,0.0859776211410758,False,96
6210,0.08162685095323137,False,96
6211,0.07159681585775461,False,96
6212,0.0952529005229015,False,96
6213,0.12083935340890213,False,96
6214,0.17700604411324267,False,96
6215,0.20990589071595692,False,96
6216,0.19816931921480055,False,96
6217,0.18819984940287354,False,96
6218,0.20674209484358905,False,96
6219,0.407546725905509,True,96
6220,0.24624516099237234,False,96
6221,0.19858955453476942,False,96
6222,0.104012570443151,False,96
6223,0.13162249093212058,False,96
6224,0.1378912251258611,False,96
6225,0.14598521339193177,False,96
6226,0.136179292737975,False,96
6227,0.15052488295557653,False,96
6228,0.15251015929098988,False,96
6229,0.14394028421595711,False,96
6230,0.10634881154672689,False,96
6231,0.037693503285212905,False,96
6232,0.056498000503812026,False,96
6233,0.09130966672493697,False,96
6234,0.09371931614259794,False,96
6235,0.09064764918147049,False,96
6236,0.09129985379289894,False,96
6237,0.08073529605789222,False,96
6238,0.09087032296408999,False,96
6239,0.09140840411520511,False,96
6240,0.08629794597370484,False,96
6241,0.06103028013712245,False,96
6242,0.02602106109004325,False,96
6243,0.024815042849061903,False,96
6244,0.02236740390593187,False,96
6245,0.0440698819852436,False,96
6246,0.05211830999028868,False,96
6247,0.05632388196931388,False,96
6248,0.051250678810182505,False,96
6249,0.060834031737999006,False,96
6250,0.0515842353301125,False,96
6251,0.05642128691041453,False,96
6252,0.054760656168512285,False,96
6253,0.04895524547603706,False,96
6254,0.03173694002029299,False,96
6255,0.013533791205195923,False,96
6256,0.01330739373717251,False,96
6257,0.012512465784663217,False,96
6258,0.01320023623175038,False,96
6259,0.014331453558982783,False,96
6260,0.015427247396443272,False,96
6261,0.032198308374026624,False,96
6262,0.03880785750355927,False,96
6263,0.04199237558870872,False,96
6264,0.037686903503960756,False,96
6265,0.042919109897823396,False,96
6266,0.03984844017304362,False,96
6267,0.04074920264025442,False,96
6268,0.04197420794502887,False,96
6269,0.0374313311609508,False,96
6270,0.022836550011896713,False,96
6271,0.011732334334039434,False,96
6272,0.009598538358895285,False,96
6273,0.008008543707620417,False,96
6274,0.007247814480776617,False,96
6275,0.007733412315721473,False,96
6276,0.009221059174382326,False,96
6277,0.010284437974422403,False,96
6278,0.010041362935312928,False,96
6279,0.015437863098564989,False,96
6280,0.015576964367661214,False,96
6281,0.01689418186440303,False,96
6282,0.01821869852600161,False,96
6283,0.018915454747343352,False,96
6284,0.019543257609513462,False,96
6285,0.021244742983890025,False,96
6286,0.021222448679839294,False,96
6287,0.020335013342489317,False,96
6288,0.010663734761587076,False,96
6289,0.007607486760684173,False,96
6290,0.006940681848893778,False,96
6291,0.006878637846153307,False,96
6292,0.00742584180206677,False,96
6293,0.00830851900224153,False,96
6294,0.009259426603111643,False,96
6295,0.009907778449815247,False,96
6296,0.009775289382019221,False,96
6297,0.00913799322499425,False,96
6298,0.009430357434125533,False,96
6299,0.009869915237159575,False,96
6300,0.011360251102498234,False,96
6301,0.0132382832577903,False,96
6302,0.015029824315078771,False,96
6303,0.016492833340756605,False,96
6304,0.01794934191920259,False,96
6305,0.01823310185475907,False,96
6306,0.01852416250068402,False,96
6307,0.018242924384029253,False,96
6308,0.018014594697828037,False,96
6309,0.018248514385012245,False,96
6310,0.018378208857058348,False,96
6311,0.01812728381496662,False,96
6312,0.01763430033156925,False,96
6313,0.017255306312897824,False,96
6314,0.016367587855519762,False,96
6315,0.015613378553066685,False,96
6316,0.014922365300149933,False,96
6317,0.014449718842169381,False,96
6318,0.014294601023392861,False,96
6319,0.013950134298059809,False,96
6320,0.013906489000656974,False,96
6321,0.014075399003284365,False,96
6322,0.014264669482417894,False,96
6323,0.014605461819598384,False,96
6324,0.015167280856929283,False,96
6325,0.015776800538225798,False,96
6326,0.016416664495020473,False,96
6327,0.017111153252039945,False,96
6328,0.017714723403427193,False,96
6329,0.018213876373434967,False,96
6330,0.018490300670473282,False,96
6331,0.018210284347220065,False,96
6332,0.01824725048396956,False,96
6333,0.01773605154958125,False,96
6334,0.017197032405415116,False,96
6335,0.016662928520969938,False,96
6336,0.01786392356998073,False,96
6337,0.02301438330391579,False,96
6338,0.04615873074024621,False,96
6339,0.05272903297547789,False,96
6340,0.05559729377440924,False,96
6341,0.04854470670254148,False,96
6342,0.041112208321953315,False,96
6343,0.04211155966039985,False,96
6344,0.04806685430583971,False,96
6345,0.05031456595917056,False,96
6346,0.04498727270219757,False,96
6347,0.047682205767763094,False,96
6348,0.04798077223071675,False,96
6349,0.05170715973596722,False,96
6350,0.048848892112385786,False,96
6351,0.04308108949621779,False,96
6352,0.03762873596893571,False,96
6353,0.032419664519689105,False,96
6354,0.08835816029556247,False,96
6355,0.08085489038770037,False,96
6356,0.11623557749828091,False,96
6357,0.1147731986136018,False,96
6358,0.09146405053948906,False,96
6359,0.07625372317667334,False,96
6360,0.059796213458351184,False,96
6361,0.0729783776639134,False,96
6362,0.08044497892547788,False,96
6363,0.04018901480212675,False,96
6364,0.02709391567903084,False,96
6365,0.032040974536633175,False,96
6366,0.06885387531458494,False,96
6367,0.05051116492000392,False,96
6368,0.08837005544265117,False,96
6369,0.07311369362616689,False,96
6370,0.057468722998403915,False,96
6371,0.06530362352825743,False,96
6372,0.05364610505171543,False,96
6373,0.06824149685409922,False,96
6374,0.09535053705423617,False,96
6375,0.04205496536777449,False,96
6376,0.048437411200518796,False,96
6377,0.03780978730906169,False,96
6378,0.02576164800162164,False,96
6379,0.02367331052495297,False,96
6380,0.025817495444569755,False,96
6381,0.0245372131604301,False,96
6382,0.026429652705042342,False,96
6383,0.014134312314977132,False,96
6384,0.013413814608457579,False,96
6385,0.014738169952655686,False,96
6386,0.013060446364490877,False,96
6387,0.010654294396486977,False,96
6388,0.01190114749125676,False,96
6389,0.007017172309799288,False,96
6390,0.007296841502405027,False,96
6391,0.007283663794087566,False,96
6392,0.006154522339805524,False,96
6393,0.0070123179933980545,False,96
6394,0.00544474976863181,False,96
6395,0.005854952417876241,False,96
6396,0.005895075770346301,False,96
6397,0.00657988132854997,False,96
6398,0.00791047244198328,False,96
6399,0.007263736623720276,False,96
6400,0.0068358828220386365,False,96
6401,0.008016527287522382,False,96
6402,0.006554075654141529,False,96
6403,0.007932786735173088,False,96
6404,0.007953333980316056,False,96
6405,0.007898966698507977,False,96
6406,0.009152611045740546,False,96
6407,0.007372718980076685,False,96
6408,0.00868495141829097,False,96
6409,0.008790472093493021,False,96
6410,0.009623369704521312,False,96
6411,0.012164514724477484,False,96
6412,0.007032978939769118,False,96
6413,0.007550715714942905,False,96
6414,0.015049672393024158,False,96
6415,0.01294901126092914,False,96
6416,0.019385095922288605,False,96
6417,0.010163544674431388,False,96
6418,0.008330148008266943,False,96
6419,0.007560624676293338,False,96
6420,0.006598880573433732,False,96
6421,0.016693474731943457,False,96
6422,0.013937068334252319,False,96
6423,0.024446504042352313,False,96
6424,0.008510761314855004,False,96
6425,0.004872319473835165,False,96
6426,0.012436294686102805,False,96
6427,0.00714285742054704,False,96
6428,0.02160665785003784,False,96
6429,0.01631910913445203,False,96
6430,0.01035133286012617,False,96
6431,0.011695185043225179,False,96
6432,0.0052218246576080495,False,96
6433,0.01795599961210566,False,96
6434,0.009950395570577962,False,96
6435,0.028707222072670773,False,96
6436,0.039082231945105295,False,96
6437,0.03682498758386732,False,96
6438,0.055954092305713285,False,96
6439,0.07163191415539862,False,96
6440,0.06882084362732323,False,96
6441,0.08564316784109183,False,96
6442,0.11024969653493764,False,96
6443,0.07891975987633365,False,96
6444,0.07150457004516507,False,96
6445,0.06383452667807434,False,96
6446,0.05425588631932309,False,96
6447,0.049867902832806864,False,96
6448,0.03767850150531696,False,96
6449,0.029271500899799095,False,96
6450,0.024617456650090203,False,96
6451,0.03588485515555143,False,96
6452,0.021760430463160285,False,96
6453,0.01801293289925943,False,96
6454,0.03196903053100645,False,96
6455,0.02544262609638459,False,96
6456,0.024369663455934346,False,96
6457,0.026039879721250443,False,96
6458,0.03230652358658039,False,96
6459,0.03555928058425271,False,96
6460,0.03305480017488439,False,96
6461,0.023321761427885848,False,96
6462,0.02632731342454426,False,96
6463,0.025898012761289328,False,96
6464,0.05071206259134581,False,96
6465,0.03437181546682998,False,96
6466,0.02289345750315792,False,96
6467,0.01570821797730522,False,96
6468,0.016484595016046245,False,96
6469,0.015435229785749861,False,96
6470,0.014304808155602165,False,96
6471,0.011472435765027114,False,96
6472,0.03717437327178064,False,96
6473,0.016634553210163588,False,96
6474,0.01267755573729143,False,96
6475,0.012855208495448193,False,96
6476,0.01156938209198392,False,96
6477,0.03392729852656229,False,96
6478,0.0138249141698564,False,96
6479,0.011189537321834947,False,96
6480,0.012221600181963388,False,96
6481,0.010380995260821839,False,96
6482,0.0403950246186438,False,96
6483,0.017307450350202355,False,96
6484,0.014373424624106306,False,96
6485,0.01197222361413768,False,96
6486,0.06845016136553844,False,96
6487,0.1266223532151091,False,96
6488,0.11800188036412101,False,96
6489,0.08433239345261263,False,96
6490,0.1264983691588325,False,96
6491,0.0916219517307339,False,96
6492,0.17778791380944173,False,96
6493,0.2066097788023483,False,96
6494,0.0627922166221444,False,96
6495,0.008528938801621257,False,96
6496,0.011712390307847577,False,96
6497,0.009011796879877632,False,96
6498,0.01204525128241357,False,96
6499,0.01010108702933488,False,96
6500,0.007692667156528367,False,96
6501,0.008824264821484127,False,96
6502,0.006666020324923476,False,96
6503,0.009085276808429906,False,96
6504,0.008283850307272215,False,96
6505,0.010453323193370235,False,96
6506,0.010248898988208691,False,96
6507,0.00805289318761864,False,96
6508,0.008727034711771857,False,96
6509,0.027758101262388306,False,96
6510,0.017797382074480818,False,96
6511,0.015195436150451705,False,96
6512,0.028232201463001545,False,96
6513,0.012309851204915857,False,96
6514,0.034718656954695316,False,96
6515,0.050987900905283164,False,96
6516,0.02792288970659956,False,96
6517,0.03176014238633121,False,96
6518,0.023031637094940677,False,96
6519,0.029330901564166227,False,96
6520,0.012289781891601462,False,96
6521,0.02258274401492509,False,96
6522,0.01715948758909044,False,96
6523,0.01573429530856655,False,96
6524,0.05245312937287425,False,96
6525,0.05327817691228132,False,96
6526,0.04417223158988336,False,96
6527,0.060863938665477894,False,96
6528,0.03520137667962752,False,96
6529,0.054475645904235634,False,96
6530,0.07204495884254684,False,96
6531,0.048705904737978575,False,96
6532,0.011816558347448543,False,96
6533,0.00961319939473884,False,96
6534,0.011276385317525417,False,96
6535,0.011878062718941455,False,96
6536,0.027493668365397524,False,96
6537,0.049565185485935734,False,96
6538,0.060428883220511716,False,96
6539,0.07748658909895627,False,96
6540,0.0930669194312761,False,96
6541,0.10419500595061486,False,96
6542,0.10496849416906492,False,96
6543,0.09437107761712303,False,96
6544,0.07764330506831829,False,96
6545,0.058910926489476684,False,96
6546,0.0642823283947532,False,96
6547,0.05887120419394802,False,96
6548,0.05967935729843504,False,96
6549,0.04527641920889382,False,96
6550,0.04341949904432074,False,96
6551,0.04321748231879596,False,96
6552,0.023991966736644534,False,96
6553,0.012405387619362218,False,96
6554,0.009328084456066452,False,96
6555,0.008290702692772857,False,96
6556,0.015167038010485459,False,96
6557,0.005036792844177455,False,96
6558,0.006726109066351663,False,96
6559,0.008915150596783133,False,96
6560,0.008928376760755669,False,96
6561,0.015465085385281916,False,96
6562,0.012909799439003658,False,96
6563,0.009619204468510943,False,96
6564,0.007996670742324899,False,96
6565,0.007897897081810499,False,96
6566,0.010929056526178819,False,96
6567,0.010172575134277695,False,96
6568,0.018811622241558055,False,96
6569,0.018108799777744402,False,96
6570,0.01240831039483028,False,96
6571,0.00952610598710193,False,96
6572,0.011305417418276112,False,96
6573,0.013563081937114104,False,96
6574,0.014183586703822651,False,96
6575,0.01740431251542257,False,96
6576,0.018227585075861155,False,96
6577,0.013096739096293374,False,96
6578,0.012274619303240534,False,96
6579,0.011924798507982046,False,96
6580,0.014354686856682404,False,96
6581,0.015400242056375881,False,96
6582,0.023798899977718144,False,96
6583,0.02406890018238838,False,96
6584,0.017106800904032216,False,96
6585,0.012353844862475628,False,96
6586,0.016661590174537905,False,96
6587,0.018862150545878,False,96
6588,0.019298682657167974,False,96
6589,0.020177981896925604,False,96
6590,0.018452988004227806,False,96
6591,0.012179621891027446,False,96
6592,0.010002449430072665,False,96
6593,0.012073049158924095,False,96
6594,0.01563296519711686,False,96
6595,0.01949087407493642,False,96
6596,0.02336499477994261,False,96
6597,0.023239028640505883,False,96
6598,0.018802721276116187,False,96
6599,0.014686225602679442,False,96
6600,0.030831152819871938,False,96
6601,0.02250196016975909,False,96
6602,0.016338771768515337,False,96
6603,0.023066815373255358,False,96
6604,0.014637100754717336,False,96
6605,0.02143817271048128,False,96
6606,0.01739395412357568,False,96
6607,0.016927448961181986,False,96
6608,0.021061698282717086,False,96
6609,0.01907135515576699,False,96
6610,0.04536570271177574,False,96
6611,0.03111489263990741,False,96
6612,0.02153082372910228,False,96
6613,0.020980661322968847,False,96
6614,0.020917712802559336,False,96
6615,0.03698677411013195,False,96
6616,0.02736635986906139,False,96
6617,0.029906425636795905,False,96
6618,0.04007952541487192,False,96
6619,0.05040122939008656,False,96
6620,0.04068542988401049,False,96
6621,0.036057551960119984,False,96
6622,0.039411803758169696,False,96
6623,0.02765627454901742,False,96
6624,0.023174049752985,False,96
6625,0.05096565618692043,False,96
6626,0.05554363824882546,False,96
6627,0.040472442721575894,False,96
6628,0.042886537032935726,False,96
6629,0.0672181211010407,False,96
6630,0.1559432604471614,False,96
6631,0.3475387027814907,True,96
6632,0.13576868787319996,False,96
6633,0.126805251800919,False,96
6634,0.1748712198229197,False,96
6635,0.1487641737164247,False,96
6636,0.1661625130679457,False,96
6637,0.1956279830189794,False,96
6638,0.21219626843258085,False,96
6639,0.33838292786515156,True,96
6640,0.587470993032886,True,96
6641,0.8474433179858895,True,96
6642,0.7172069965794426,True,96
6643,0.16323632622447676,False,96
6644,0.18362847157345055,False,96
6645,0.1996903066166057,False,96
6646,0.1726259936409635,False,96
6647,0.1287789135394791,False,96
6648,0.12594612507243033,False,96
6649,0.12733830999891235,False,96
6650,0.152668053821849,False,96
6651,0.15862152578706246,False,96
6652,0.16669043957940147,False,96
6653,0.19836227337765686,False,96
6654,0.16304417681040584,False,96
6655,0.18714098203879936,False,96
6656,0.20744413350205396,False,96
6657,0.20228493036789993,False,96
6658,0.2098382491012547,False,96
6659,0.21067198316860353,False,96
6660,0.2125854717593543,False,96
6661,0.24014686374617242,False,96
6662,0.2126913769304772,False,96
6663,0.02104797791167792,False,96
6664,0.01930780330966371,False,96
6665,0.031060612137975584,False,96
6666,0.03321009789548342,False,96
6667,0.020490708492959822,False,96
6668,0.0213571015755616,False,96
6669,0.022572710208747602,False,96
6670,0.026857480818842212,False,96
6671,0.01353009182703939,False,96
6672,0.014262368957573221,False,96
6673,0.020168462572120623,False,96
6674,0.012681391000501262,False,96
6675,0.013071452830552525,False,96
6676,0.013612830553115967,False,96
6677,0.015079039836567484,False,96
6678,0.025674788337908365,False,96
6679,0.01765874131775511,False,96
6680,0.017750296516365095,False,96
6681,0.01918974517207939,False,96
6682,0.01913066593999281,False,96
6683,0.029817844174272252,False,96
6684,0.02112046521345194,False,96
6685,0.02035501972207873,False,96
6686,0.0292829200083014,False,96
6687,0.027230615543475407,False,96
6688,0.03752143179417053,False,96
6689,0.03626068038842526,False,96
6690,0.03578476277557562,False,96
6691,0.1250931226051376,False,96
6692,0.08960821881850015,False,96
6693,0.12986491876466824,False,96
6694,0.03952873145883561,False,96
6695,0.015545723759879393,False,96
6696,0.022502003027951842,False,96
6697,0.05224841175768732,False,96
6698,0.031637906381266,False,96
6699,0.007840795732378137,False,96
6700,0.006707457444113232,False,96
6701,0.008644259745946788,False,96
6702,0.006452318559131077,False,96
6703,0.005191893284353742,False,96
6704,0.005046662106615973,False,96
6705,0.004458936694144073,False,96
6706,0.011440158846200605,False,96
6707,0.0061561729059003934,False,96
6708,0.00503410337571741,False,96
6709,0.005840098914832536,False,96
6710,0.0054372535133282865,False,96
6711,0.01234998375521929,False,96
6712,0.007896545495356807,False,96
6713,0.006487651332631321,False,96
6714,0.007822189734788825,False,96
6715,0.0072549224829658926,False,96
6716,0.017852430560594795,False,96
6717,0.013987059394690407,False,96
6718,0.011137696135936393,False,96
6719,0.01487929083212914,False,96
6720,0.013435596370270513,False,96
6721,0.02415126913041307,False,96
6722,0.0194585907823253,False,96
6723,0.015603602501453371,False,96
6724,0.01063156697575801,False,96
6725,0.011861002748116243,False,96
6726,0.02867169016779786,False,96
6727,0.017713244582605557,False,96
6728,0.020853395135142203,False,96
6729,0.03847722513537827,False,96
6730,0.045106178738792226,False,96
6731,0.023256311114889634,False,96
6732,0.013869237167511895,False,96
6733,0.01471082214477671,False,96
6734,0.0184778102658676,False,96
6735,0.044391328498595194,False,96
6736,0.03027400165409837,False,96
6737,0.014010279414153578,False,96
6738,0.03284436224535646,False,96
6739,0.09010644322212188,False,96
6740,0.2177112918073811,False,96
6741,0.10636479847945901,False,96
6742,0.11899677334515446,False,96
6743,0.11738924208498569,False,96
6744,0.14178115112781403,False,96
6745,0.1503715008445027,False,96
6746,0.14346197232699595,False,96
6747,0.1624803946695915,False,96
6748,0.1329875571313103,False,96
6749,0.1298204004286312,False,96
6750,0.13907789423518416,False,96
6751,0.1419939358853205,False,96
6752,0.15666697348942893,False,96
6753,0.16144387141568142,False,96
6754,0.11939471264540436,False,96
6755,0.11491646745207633,False,96
6756,0.11134957679027345,False,96
6757,0.15199395743285135,False,96
6758,0.15296814234218414,False,96
6759,0.1498333962460338,False,96
6760,0.19268706215197196,False,96
6761,0.021879690454930507,False,96
6762,0.022637239254364026,False,96
6763,0.02277733687023024,False,96
6764,0.016936564045649354,False,96
6765,0.017857846519400287,False,96
6766,0.01573325892263109,False,96
6767,0.024673327931262597,False,96
6768,0.010077526875914811,False,96
6769,0.010366696486001411,False,96
6770,0.017540782264251303,False,96
6771,0.012988535669056887,False,96
6772,0.010943417047025322,False,96
6773,0.01390238501994742,False,96
6774,0.012428073793159054,False,96
6775,0.021432036655716944,False,96
6776,0.025957974454197397,False,96
6777,0.015263348398426189,False,96
6778,0.017114972716812612,False,96
6779,0.014768157489947432,False,96
6780,0.02235241347869241,False,96
6781,0.011759272387454226,False,96
6782,0.013685628557619834,False,96
6783,0.02496749351262716,False,96
6784,0.021333853914853387,False,96
6785,0.02187828729362555,False,96
6786,0.04917642972907106,False,96
6787,0.06543102024136131,False,96
6788,0.025973556727892023,False,96
6789,0.01929271091030004,False,96
6790,0.018439696182039503,False,96
6791,0.02684676794788904,False,96
6792,0.049166807080208055,False,96
6793,0.035549380310871716,False,96
6794,0.01528748540908177,False,96
6795,0.01591348108018458,False,96
6796,0.022293490011368673,False,96
6797,0.021431754238841416,False,96
6798,0.016744815278112026,False,96
6799,0.018546850383743874,False,96
6800,0.01665092139841406,False,96
6801,0.024041807032649572,False,96
6802,0.025670469951568717,False,96
6803,0.0188759050104048,False,96
6804,0.018049679980680494,False,96
6805,0.020022371377753555,False,96
6806,0.02309127829872345,False,96
6807,0.021698527540878837,False,96
6808,0.008809411313956685,False,96
6809,0.009931226842450586,False,96
6810,0.010820639634389482,False,96
6811,0.013461688899780347,False,96
6812,0.011603270941268309,False,96
6813,0.00957933843558484,False,96
6814,0.010917210306473914,False,96
6815,0.010083031874291805,False,96
6816,0.016382890025943737,False,96
6817,0.01602135521612763,False,96
6818,0.012649537130853287,False,96
6819,0.015216600051942,False,96
6820,0.009771065161485437,False,96
6821,0.015646801530760462,False,96
6822,0.008217197623834289,False,96
6823,0.007903324219603951,False,96
6824,0.013124732390531515,False,96
6825,0.009818179387202492,False,96
6826,0.009297448070083916,False,96
6827,0.009831402738483753,False,96
6828,0.00916090597214865,False,96
6829,0.01390997900019947,False,96
6830,0.014508052757618312,False,96
6831,0.01298057622667099,False,96
6832,0.013725827876132869,False,96
6833,0.017503479421267152,False,96
6834,0.017120145021793837,False,96
6835,0.016572503301004435,False,96
6836,0.2218968749886899,False,97
6837,0.2084674966601479,False,97
6838,0.19480569339890869,False,97
6839,0.2750164154194268,False,97
6840,0.16296382201921353,False,97
6841,0.20362680676701958,False,97
6842,0.15323768623452436,False,97
6843,0.17216929451692042,False,97
6844,0.17331448391119966,False,97
6845,0.15287312550824675,False,97
6846,0.09780515882286327,False,97
6847,0.08897379275056423,False,97
6848,0.05769845755982586,False,97
6849,0.043534217173765065,False,97
6850,0.03142088963418399,False,97
6851,0.03690023342399514,False,97
6852,0.02893753999790286,False,97
6853,0.024157475266726066,False,97
6854,0.024959899650517616,False,97
6855,0.020944619722996403,False,97
6856,0.019946290243843322,False,97
6857,0.01572923926574691,False,97
6858,0.013843068063523657,False,97
6859,0.012584070000757583,False,97
6860,0.011713900618136298,False,97
6861,0.010741371168593743,False,97
6862,0.008116610741765503,False,97
6863,0.00750312263917629,False,97
6864,0.006679071044672972,False,97
6865,0.005988797177432159,False,97
6866,0.0058373436709328215,False,97
6867,0.0061342049504365895,False,97
6868,0.006119185924983266,False,97
6869,0.0052705953428230775,False,97
6870,0.004758022171426668,False,97
6871,0.004705144630443397,False,97
6872,0.005239843805332345,False,97
6873,0.0061205200912018,False,97
6874,0.007261669306855564,False,97
6875,0.008760752436348022,False,97
6876,0.014934491133322401,False,97
6877,0.0203249489866761,False,97
6878,0.023247747846313425,False,97
6879,0.023893532583971887,False,97
6880,0.024103865331734694,False,97
6881,0.02415222327178531,False,97
6882,0.024136676435102696,False,97
6883,0.024133400028759796,False,97
6884,0.01959417761655862,False,97
6885,0.010859196193873162,False,97
6886,0.01108373590558229,False,97
6887,0.01097875194072656,False,97
6888,0.010875222470942924,False,97
6889,0.01119504467718924,False,97
6890,0.012511048887196884,False,97
6891,0.014360460890468931,False,97
6892,0.017231191033137253,False,97
6893,0.01950427383295998,False,97
6894,0.020208045642301553,False,97
6895,0.028330639649600534,False,97
6896,0.0336030102134968,False,97
6897,0.038430918316436205,False,97
6898,0.046190195874109455,False,97
6899,0.05747101650582435,False,97
6900,0.06521547908245671,False,97
6901,0.07271463711268382,False,97
6902,0.07280947543669986,False,97
6903,0.08179007199760477,False,97
6904,0.10489193277784188,False,97
6905,0.11756304728402418,False,97
6906,0.1184136690469024,False,97
6907,0.07975641868285546,False,97
6908,0.046311814782491176,False,97
6909,0.05192928243089165,False,97
6910,0.048582708095402945,False,97
6911,0.041593907842503115,False,97
6912,0.03890408884550614,False,97
6913,0.04281398096898549,False,97
6914,0.049819249620932024,False,97
6915,0.04813058205302462,False,97
6916,0.05033001301303746,False,97
6917,0.05220393073425075,False,97
6918,0.05501379142729446,False,97
6919,0.0564497791155111,False,97
6920,0.05419900583318445,False,97
6921,0.050176523137606045,False,97
6922,0.047847006231288694,False,97
6923,0.04579167673313983,False,97
6924,0.040408813614161126,False,97
6925,0.02061533833529811,False,97
6926,0.018038489069962055,False,97
6927,0.01658970892375842,False,97
6928,0.014834603496246147,False,97
6929,0.013326184621638084,False,97
6930,0.012163590353575926,False,97
6931,0.011858091634469655,False,97
6932,0.011356923006214612,False,97
6933,0.01087559738649977,False,97
6934,0.010857584454210275,False,97
6935,0.1369907025861224,False,97
6936,0.181808121802556,False,97
6937,0.21258609412564067,False,97
6938,0.22257239904691842,False,97
6939,0.24519378637628922,False,97
6940,0.25272989849425187,False,97
6941,0.31230515139259885,True,97
6942,0.2998831588084654,True,97
6943,0.2914575434047685,True,97
6944,0.3552997911865531,True,97
6945,0.4657302268192903,True,97
6946,0.19069133988465703,False,97
6947,0.23460573226390227,False,97
6948,0.22932844288426293,False,97
6949,0.2662869011338513,False,97
6950,0.24853192617628314,False,97
6951,0.1491697111896255,False,97
6952,0.1427915611436134,False,97
6953,0.13610529091689894,False,97
6954,0.12823115846411856,False,97
6955,0.1338299986156357,False,97
6956,0.15130262196611827,False,97
6957,0.1097781039784959,False,97
6958,0.11704402063385669,False,97
6959,0.13556337353547473,False,97
6960,0.1465230488820161,False,97
6961,0.15021863660188664,False,97
6962,0.14134576728858875,False,97
6963,0.13202366526807868,False,97
6964,0.13085698443715002,False,97
6965,0.14144231375024421,False,97
6966,0.16470643129020213,False,97
6967,0.11927546200381975,False,97
6968,0.11302687946840995,False,97
6969,0.11730299091488006,False,97
6970,0.10560969012190018,False,97
6971,0.10429629801182295,False,97
6972,0.1037115589977749,False,97
6973,0.10306508550598138,False,97
6974,0.10625506793366572,False,97
6975,0.11157411342642848,False,97
6976,0.11777224379629371,False,97
6977,0.12273312909449567,False,97
6978,0.12481678151319672,False,97
6979,0.12282557547885006,False,97
6980,0.11987027036318858,False,97
6981,0.11830205950361417,False,97
6982,0.11619010810642043,False,97
6983,0.11359035156522787,False,97
6984,0.10815376295765632,False,97
6985,0.10618035117489279,False,97
6986,0.10491213381493601,False,97
6987,0.11817683487486003,False,97
6988,0.1320858070128721,False,97
6989,0.1386866941082429,False,97
6990,0.13909992563442772,False,97
6991,0.13331387873462494,False,97
6992,0.12296338881326278,False,97
6993,0.10334991458790742,False,97
6994,0.07493528466583983,False,97
6995,0.046606346314364125,False,97
6996,0.03192765985423623,False,97
6997,0.02135025797420152,False,97
6998,0.016097927579970476,False,97
6999,0.01415930754997209,False,97
7000,0.015586635205556082,False,97
7001,0.01936787304134742,False,97
7002,0.02358146843218759,False,97
7003,0.027134002319566957,False,97
7004,0.02911416905328175,False,97
7005,0.028304020317359953,False,97
7006,0.024867821972304856,False,97
7007,0.019642746149697573,False,97
7008,0.01429623768592086,False,97
7009,0.010672575097783927,False,97
7010,0.009288026216737334,False,97
7011,0.010068105116752636,False,97
7012,0.012439490544973888,False,97
7013,0.015734936062524924,False,97
7014,0.018399351503974128,False,97
7015,0.020524893018986256,False,97
7016,0.02226570738968194,False,97
7017,0.025050089595425422,False,97
7018,0.029806124610585627,False,97
7019,0.04024893403355927,False,97
7020,0.05197845251320867,False,97
7021,0.05178707096760896,False,97
7022,0.0723599093715107,False,97
7023,0.0959751782033059,False,97
7024,0.12046527902102022,False,97
7025,0.1374290929961668,False,97
7026,0.13793601820001475,False,97
7027,0.12632263987210005,False,97
7028,0.13092607534917358,False,97
7029,0.17903192928324374,False,97
7030,0.19937566218749403,False,97
7031,0.15411920781583457,False,97
7032,0.14433438367608684,False,97
7033,0.12697767921720127,False,97
7034,0.10490565924928845,False,97
7035,0.10784813065310996,False,97
7036,0.12338860272191654,False,97
7037,0.10174001185462951,False,97
7038,0.08775697242060447,False,97
7039,0.07954764223582737,False,97
7040,0.07289588066765337,False,97
7041,0.06743301290168283,False,97
7042,0.062430217544952704,False,97
7043,0.05592895829476539,False,97
7044,0.05018302896447209,False,97
7045,0.036152553227289656,False,97
7046,0.03377311761561785,False,97
7047,0.03124161488516767,False,97
7048,0.030722567976310833,False,97
7049,0.0341976917892511,False,97
7050,0.040747742165339905,False,97
7051,0.04718664265073446,False,97
7052,0.05111877879935191,False,97
7053,0.049574979427546885,False,97
7054,0.04491155813323514,False,97
7055,0.039851635458952664,False,97
7056,0.034090311355301876,False,97
7057,0.03019857404048567,False,97
7058,0.027877668651319385,False,97
7059,0.025844680223129135,False,97
7060,0.0247305293463261,False,97
7061,0.025273292658385058,False,97
7062,0.026590964408251823,False,97
7063,0.028212226911464706,False,97
7064,0.028143795842422124,False,97
7065,0.025000442504995935,False,97
7066,0.02369235793945647,False,97
7067,0.02343246877364251,False,97
7068,0.023939823893829093,False,97
7069,0.024928500272535986,False,97
7070,0.026701609387987397,False,97
7071,0.027836918009627228,False,97
7072,0.027386944284840245,False,97
7073,0.02573370546682082,False,97
7074,0.02364876530176818,False,97
7075,0.02237490886926746,False,97
7076,0.043015784042391605,False,97
7077,0.04649674199839607,False,97
7078,0.04914243043271531,False,97
7079,0.0505857540727717,False,97
7080,0.048593529478221396,False,97
7081,0.05247077577939109,False,97
7082,0.05651547719360555,False,97
7083,0.06081151460349949,False,97
7084,0.07042182970346048,False,97
7085,0.0861327611645188,False,97
7086,0.17169563498671225,False,97
7087,0.2411871885918996,False,97
7088,0.125194343609205,False,97
7089,0.09950430203448139,False,97
7090,0.08148848720638645,False,97
7091,0.07947648504099568,False,97
7092,0.08214128758994804,False,97
7093,0.09287606028106958,False,97
7094,0.10697428204597048,False,97
7095,0.08751220872368895,False,97
7096,0.12236951517469957,False,97
7097,0.05368184179431086,False,97
7098,0.03050487738815627,False,97
7099,0.03247323811235953,False,97
7100,0.03751173495692144,False,97
7101,0.05353071322263886,False,97
7102,0.03480957693654151,False,97
7103,0.030551906449754532,False,97
7104,0.026288336645276016,False,97
7105,0.029536629224755417,False,97
7106,0.026917853956350123,False,97
7107,0.02412378172866649,False,97
7108,0.021539242134964918,False,97
7109,0.019227364216848508,False,97
7110,0.01756902076579533,False,97
7111,0.0158791315750146,False,97
7112,0.014147337576722643,False,97
7113,0.012289732835662804,False,97
7114,0.010659122027735512,False,97
7115,0.009114486081574882,False,97
7116,0.00866360066971778,False,97
7117,0.009259890112730965,False,97
7118,0.009608205298292313,False,97
7119,0.009992306886459683,False,97
7120,0.01036018021428249,False,97
7121,0.010644811224232434,False,97
7122,0.011000554640513869,False,97
7123,0.01122824431741814,False,97
7124,0.011146041629222012,False,97
7125,0.011094376410613324,False,97
7126,0.011808030073398444,False,97
7127,0.01249598248155997,False,97
7128,0.013312226977868909,False,97
7129,0.014053745105996277,False,97
7130,0.014253248626621222,False,97
7131,0.013797984730015925,False,97
7132,0.012517778845424755,False,97
7133,0.011057478222225728,False,97
7134,0.00992446656217563,False,97
7135,0.00928069738986003,False,97
7136,0.009615990068058912,False,97
7137,0.01071067043607015,False,97
7138,0.01201715421325447,False,97
7139,0.013683527262180615,False,97
7140,0.01521849052338308,False,97
7141,0.01656053316972058,False,97
7142,0.017119807401412057,False,97
7143,0.01651683052734745,False,97
7144,0.015084463091240995,False,97
7145,0.01293067938729045,False,97
7146,0.011008106533288523,False,97
7147,0.009790994595279278,False,97
7148,0.009538588031694899,False,97
7149,0.009980097704866795,False,97
7150,0.01099629546418234,False,97
7151,0.011935719553227985,False,97
7152,0.012550482681501043,False,97
7153,0.01267553421125134,False,97
7154,0.011970898869686244,False,97
7155,0.01108789259904627,False,97
7156,0.010382799144528916,False,97
7157,0.010453991861413948,False,97
7158,0.011470929266925231,False,97
7159,0.0135749111392457,False,97
7160,0.01655539023490219,False,97
7161,0.019847042580625678,False,97
7162,0.022943983419410705,False,97
7163,0.025161557144770638,False,97
7164,0.025953794014724738,False,97
7165,0.02452674189387661,False,97
7166,0.02139560650495718,False,97
7167,0.017374998077170918,False,97
7168,0.013696940686990738,False,97
7169,0.011414193670812459,False,97
7170,0.01049581141566175,False,97
7171,0.010812069705840005,False,97
7172,0.011140622001681044,False,97
7173,0.011028190340644959,False,97
7174,0.010204297895654373,False,97
7175,0.008695077866154408,False,97
7176,0.007690195372404026,False,97
7177,0.007858537955214686,False,97
7178,0.008811710180994881,False,97
7179,0.010174840338442391,False,97
7180,0.011689579983538886,False,97
7181,0.013035734162619836,False,97
7182,0.013746956021106897,False,97
7183,0.013443226406796807,False,97
7184,0.012335981406240011,False,97
7185,0.010499872526348819,False,97
7186,0.008715600374632653,False,97
7187,0.007158947502357381,False,97
7188,0.0060179369410922915,False,97
7189,0.00556999748106378,False,97
7190,0.005446818715644135,False,97
7191,0.0054887161380259425,False,97
7192,0.00574494714132052,False,97
7193,0.005718530639890242,False,97
7194,0.005479877144094603,False,97
7195,0.005117552337621414,False,97
7196,0.00514945033294676,False,97
7197,0.005403538664490403,False,97
7198,0.0052011957039373715,False,97
7199,0.005333673805070757,False,97
7200,0.00540852926066359,False,97
7201,0.005168191213177851,False,97
7202,0.0049572752342822435,False,97
7203,0.004644448808675624,False,97
7204,0.00463760440945279,False,97
7205,0.004389867575463895,False,97
7206,0.004328349567688489,False,97
7207,0.004112318768424112,False,97
7208,0.0038874412710374917,False,97
7209,0.003777723243006811,False,97
7210,0.003906715411799649,False,97
7211,0.021362020823292287,False,97
7212,0.03816086100447093,False,97
7213,0.043456100986082144,False,97
7214,0.04154144465829667,False,97
7215,0.1284208923404528,False,97
7216,0.22140315028058277,False,97
7217,0.33786665861384396,True,97
7218,0.390156392446596,True,97
7219,0.4037739912745881,True,97
7220,0.3135248738376619,True,97
7221,0.3357907323837175,True,97
7222,0.333045830616392,True,97
7223,0.3616678018211563,True,97
7224,0.37550944899138516,True,97
7225,0.3666716961071848,True,97
7226,0.34820406909617185,True,97
7227,0.3426951766609809,True,97
7228,0.3257758555745786,True,97
7229,0.335980642302232,True,97
7230,0.38295804803831446,True,97
7231,0.3573687607329538,True,97
7232,0.3354863686321616,True,97
7233,0.30364360950533814,True,97
7234,0.31155371401214843,True,97
7235,0.29662278157765537,True,97
7236,0.2811021684959509,True,97
7237,0.2941537571473521,True,97
7238,0.30619966178604624,True,97
7239,0.3139418822338254,True,97
7240,0.349765110475049,True,97
7241,0.3664103777237885,True,97
7242,0.3933557833814661,True,97
7243,0.3613006832807642,True,97
7244,0.32822557421138704,True,97
7245,0.32860377024706877,True,97
7246,0.32060788570919474,True,97
7247,0.38250292163016275,True,97
7248,0.3293291763724424,True,97
7249,0.3115380526664656,True,97
7250,0.3530330309156495,True,97
7251,0.318449590330306,True,97
7252,0.3159130177447881,True,97
7253,0.32698441019491103,True,97
7254,0.3427178449713436,True,97
7255,0.3926674114406437,True,97
7256,0.348540502714131,True,97
7257,0.33608979644599873,True,97
7258,0.31556818954160726,True,97
7259,0.3244245620980601,True,97
7260,0.3460373046234254,True,97
7261,0.35396780667400213,True,97
7262,0.3075532472136728,True,97
7263,0.3123564675497888,True,97
7264,0.32498392872196374,True,97
7265,0.3592910266947937,True,97
7266,0.3200994403588546,True,97
7267,0.3190834785163341,True,97
7268,0.31557538557594383,True,97
7269,0.32563982200171326,True,97
7270,0.3508976198961467,True,97
7271,0.3364385576599133,True,97
7272,0.3848557602779434,True,97
7273,0.31117658886243654,True,97
7274,0.32460461245016253,True,97
7275,0.3558912916662633,True,97
7276,0.30879459451487673,True,97
7277,0.31919162194431633,True,97
7278,0.31867856764861163,True,97
7279,0.326641255684646,True,97
7280,0.3612524426505864,True,97
7281,0.3158857156857004,True,97
7282,0.3177406208753772,True,97
7283,0.3110685267411217,True,97
7284,0.31896543358236673,True,97
7285,0.346620027781903,True,97
7286,0.3302765649984222,True,97
7287,0.3319639674956766,True,97
7288,0.33368266015852877,True,97
7289,0.33170725883670144,True,97
7290,0.3661813910029854,True,97
7291,0.3104174451398203,True,97
7292,0.3113683226374498,True,97
7293,0.28022411102530165,True,97
7294,0.1577822209830515,False,97
7295,0.15931124652797818,False,97
7296,0.1684949617803214,False,97
7297,0.5263116270633897,True,97
7298,0.5502845399723402,True,97
7299,0.5782676127727407,True,97
7300,0.479383136814629,True,97
7301,0.4115694057609118,True,97
7302,0.3413250807591284,True,97
7303,0.2565209027086566,False,97
7304,0.16037091447881258,False,97
7305,0.08142224493396803,False,97
7306,0.06630750435930659,False,97
7307,0.060268459264686935,False,97
7308,0.0460885856795841,False,97
7309,0.032743622604975355,False,97
7310,0.029347780206816734,False,97
7311,0.032886891821341406,False,97
7312,0.036310981110258087,False,97
7313,0.037045637044118146,False,97
7314,0.034536817517377756,False,97
7315,0.031104565177264527,False,97
7316,0.030222267823897614,False,97
7317,0.0326306656001795,False,97
7318,0.034974130239227665,False,97
7319,0.03339672185175367,False,97
7320,0.027973272676153085,False,97
7321,0.022327453957586365,False,97
7322,0.01926073169174531,False,97
7323,0.018597483955844776,False,97
7324,0.019756076667021488,False,97
7325,0.019858149647738108,False,97
7326,0.018469114217407608,False,97
7327,0.016637886001353717,False,97
7328,0.01466738818662445,False,97
7329,0.013528219959987707,False,97
7330,0.014013739667610403,False,97
7331,0.053782450365896926,False,97
7332,0.07559132743241861,False,97
7333,0.08600349599881389,False,97
7334,0.10403095493154171,False,97
7335,0.11253310429383523,False,97
7336,0.12433640132273206,False,97
7337,0.14671338496013872,False,97
7338,0.25949423289640006,False,97
7339,0.13060904191043862,False,97
7340,0.12926535226367306,False,97
7341,0.07846202128739806,False,97
7342,0.0735055593513074,False,97
7343,0.060863338157625256,False,97
7344,0.05643169901583144,False,97
7345,0.065663247305597,False,97
7346,0.08651364111312776,False,97
7347,0.10046499487015616,False,97
7348,0.09597854277864795,False,97
7349,0.1634354292072362,False,97
7350,0.1771313640952247,False,97
7351,0.1904113650061814,False,97
7352,0.186142618588864,False,97
7353,0.18065850193468688,False,97
7354,0.17767398336468326,False,97
7355,0.1604359017882079,False,97
7356,0.13486742244896469,False,97
7357,0.10083470968387712,False,97
7358,0.08537453177678243,False,97
7359,0.035577097959189403,False,97
7360,0.03828665238367356,False,97
7361,0.038707494444280566,False,97
7362,0.03686951556445988,False,97
7363,0.03521773375463316,False,97
7364,0.035706155873493496,False,97
7365,0.036582600532978314,False,97
7366,0.03487915460930441,False,97
7367,0.029993883074498098,False,97
7368,0.023389881184323114,False,97
7369,0.017572014880249974,False,97
7370,0.014047527138978794,False,97
7371,0.012786781249338396,False,97
7372,0.01389879655386013,False,97
7373,0.01599947145756623,False,97
7374,0.018499709464958467,False,97
7375,0.02127865443084008,False,97
7376,0.02352806350522335,False,97
7377,0.02440389089903279,False,97
7378,0.025246332424744944,False,97
7379,0.026584546747773437,False,97
7380,0.028639166460160608,False,97
7381,0.030096921701119536,False,97
7382,0.029359434002171645,False,97
7383,0.025798958314641705,False,97
7384,0.021258244346297937,False,97
7385,0.01857894717329485,False,97
7386,0.01875561577129906,False,97
7387,0.020933062076247417,False,97
7388,0.022126515551900795,False,97
7389,0.021876980550025207,False,97
7390,0.02057328264447268,False,97
7391,0.019795324520331586,False,97
7392,0.02010223416966777,False,97
7393,0.020653055420457464,False,97
7394,0.020544621103020338,False,97
7395,0.018540076250075855,False,97
7396,0.015621727504034871,False,97
7397,0.013300363432691103,False,97
7398,0.012862591102959888,False,97
7399,0.01399225645878084,False,97
7400,0.015802755356815933,False,97
7401,0.018425880849395407,False,97
7402,0.021698873799700497,False,97
7403,0.025141701497411788,False,97
7404,0.02787832215479011,False,97
7405,0.02901290797717047,False,97
7406,0.0285678233414876,False,97
7407,0.0262909655383774,False,97
7408,0.022849104650821832,False,97
7409,0.019948789060612284,False,97
7410,0.018317403846111552,False,97
7411,0.018618653979908535,False,97
7412,0.02044218636149388,False,97
7413,0.02211761968972549,False,97
7414,0.022387066693808882,False,97
7415,0.02183356805890504,False,97
7416,0.020982454338359106,False,97
7417,0.0199397134382753,False,97
7418,0.018153842289598203,False,97
7419,0.015639142207279837,False,97
7420,0.0133654021602252,False,97
7421,0.012168371884037688,False,97
7422,0.011892701468740443,False,97
7423,0.012644576835008022,False,97
7424,0.013895619153671875,False,97
7425,0.014393628546268892,False,97
7426,0.01469328723782351,False,97
7427,0.014690688161671713,False,97
7428,0.014511009393050247,False,97
7429,0.01427344626800095,False,97
7430,0.013648042288457191,False,97
7431,0.013106171184640417,False,97
7432,0.01308471550763318,False,97
7433,0.014238883525658498,False,97
7434,0.016347078774051418,False,97
7435,0.01820427200732719,False,97
7436,0.01955985141498356,False,97
7437,0.02027573598240247,False,97
7438,0.02105144160036929,False,97
7439,0.020552989199405975,False,97
7440,0.020081755514655887,False,97
7441,0.019812439555814874,False,97
7442,0.019327349108009383,False,97
7443,0.01969450342358112,False,97
7444,0.019995536408837042,False,97
7445,0.02092112737599015,False,97
7446,0.021855668431644933,False,97
7447,0.022380803643950658,False,97
7448,0.02311020758074549,False,97
7449,0.022721297271311697,False,97
7450,0.022412572444130932,False,97
7451,0.021608994394871583,False,97
7452,0.02058029407679198,False,97
7453,0.02063390388133194,False,97
7454,0.021645171740518485,False,97
7455,0.023769775220790143,False,97
7456,0.026409292559183655,False,97
7457,0.028936820811656182,False,97
7458,0.030653626470895708,False,97
7459,0.07486494844135223,False,97
7460,0.1103158378381869,False,97
7461,0.11924379020102681,False,97
7462,0.13541913142574097,False,97
7463,0.1394533770367435,False,97
7464,0.13789284942711932,False,97
7465,0.1428851828547261,False,97
7466,0.13617746024733346,False,97
7467,0.11781142915429556,False,97
7468,0.08255198885836124,False,97
7469,0.028969077493513344,False,97
7470,0.028818517475819316,False,97
7471,0.02567758827268151,False,97
7472,0.024046780119145846,False,97
7473,0.022731227024889247,False,97
7474,0.02242055238028538,False,97
7475,0.05551394517846628,False,97
7476,0.08760805643827754,False,97
7477,0.09447748479911126,False,97
7478,0.0996414703210119,False,97
7479,0.1089905504227778,False,97
7480,0.0949746930771045,False,97
7481,0.10321515213478333,False,97
7482,0.10100264427507695,False,97
7483,0.09372028626780372,False,97
7484,0.06625298537828679,False,97
7485,0.02775589725357958,False,97
7486,0.05668703797371465,False,97
7487,0.06862169703353842,False,97
7488,0.0771023519780337,False,97
7489,0.08764810995921149,False,97
7490,0.10719308756654693,False,97
7491,0.08951417714272213,False,97
7492,0.08069622991942921,False,97
7493,0.08086505497129172,False,97
7494,0.08005609234829496,False,97
7495,0.06592221976783164,False,97
7496,0.04201191755056903,False,97
7497,0.03195850064407269,False,97
7498,0.025577232125045844,False,97
7499,0.030834591077701142,False,97
7500,0.031653170939390046,False,97
7501,0.024826534544698322,False,97
7502,0.01773924089424157,False,97
7503,0.014526386670416697,False,97
7504,0.011600036362686528,False,97
7505,0.008694311805809618,False,97
7506,0.01005886212837493,False,97
7507,0.01286252198553951,False,97
7508,0.013930783857293271,False,97
7509,0.01281784643239986,False,97
7510,0.010829545990700191,False,97
7511,0.00968104361174441,False,97
7512,0.009407603633629384,False,97
7513,0.009648591267837086,False,97
7514,0.00972065339829764,False,97
7515,0.00884741874574514,False,97
7516,0.007823105736858306,False,97
7517,0.007817297067331586,False,97
7518,0.008750325647152252,False,97
7519,0.008983020509008722,False,97
7520,0.008641913150915365,False,97
7521,0.007852857600056273,False,97
7522,0.007703516967498796,False,97
7523,0.007873240338526277,False,97
7524,0.00812222294487179,False,97
7525,0.008133011165872518,False,97
7526,0.008042524223730951,False,97
7527,0.007995257390023894,False,97
7528,0.007627688596451781,False,97
7529,0.007562147122097945,False,97
7530,0.0072108602239886925,False,97
7531,0.007277481969561521,False,97
7532,0.007296009585701567,False,97
7533,0.006962511481897693,False,97
7534,0.006608155417512702,False,97
7535,0.0062778529829921005,False,97
7536,0.006119637635126292,False,97
7537,0.005967354052393703,False,97
7538,0.005886049246102899,False,97
7539,0.0059225396225375225,False,97
7540,0.005917343440970501,False,97
7541,0.006407508618120077,False,97
7542,0.007005708550618894,False,97
7543,0.007794157130570611,False,97
7544,0.008390981479434489,False,97
7545,0.0081721622969689,False,97
7546,0.008197578750401805,False,97
7547,0.008112851171183835,False,97
7548,0.008481618440908658,False,97
7549,0.008591698287601627,False,97
7550,0.00904885416542313,False,97
7551,0.009240225219572391,False,97
7552,0.00958693437981496,False,97
7553,0.009299184747803656,False,97
7554,0.00903706704627616,False,97
7555,0.008624416166040939,False,97
7556,0.00827784984471499,False,97
7557,0.007980649017438094,False,97
7558,0.007773835026682138,False,97
7559,0.007892756933632967,False,97
7560,0.00791589549455128,False,97
7561,0.007998251966365706,False,97
7562,0.007965674003091538,False,97
7563,0.007576183489338322,False,97
7564,0.006888206732578523,False,97
7565,0.006190110536375398,False,97
7566,0.005528565418194141,False,97
7567,0.0051082759752133985,False,97
7568,0.00490666367930205,False,97
7569,0.004967472126944315,False,97
7570,0.005017866977499377,False,97
7571,0.004982081229994291,False,97
7572,0.004908219965461239,False,97
7573,0.004885711911878342,False,97
7574,0.004595598907745712,False,97
7575,0.004774815106703645,False,97
7576,0.004839844307495703,False,97
7577,0.005002237077686977,False,97
7578,0.004754101734629395,False,97
7579,0.00467401354012099,False,97
7580,0.004871279680689562,False,97
7581,0.005245697197670193,False,97
7582,0.0058005385776930445,False,97
7583,0.005992024858558168,False,97
7584,0.005830243885622884,False,97
7585,0.005518921834260376,False,97
7586,0.01928013997233191,False,97
7587,0.0357916079291123,False,97
7588,0.06197968277481153,False,97
7589,0.07109312776109532,False,97
7590,0.07197882520037135,False,97
7591,0.06731714974189498,False,97
7592,0.061266821408360365,False,97
7593,0.05672746314404031,False,97
7594,0.05682419603931464,False,97
7595,0.06660053427657807,False,97
7596,0.08124950032732803,False,97
7597,0.09439821639229895,False,97
7598,0.10407242780053903,False,97
7599,0.11381449693682341,False,97
7600,0.103350709484524,False,97
7601,0.07865019391064469,False,97
7602,0.061375100677966934,False,97
7603,0.059960040557913125,False,97
7604,0.06697143798375238,False,97
7605,0.07857417674123238,False,97
7606,0.08972057470319972,False,97
7607,0.08789216662117506,False,97
7608,0.07392912394948149,False,97
7609,0.05649340968863635,False,97
7610,0.04276576477656457,False,97
7611,0.035094830695475754,False,97
7612,0.033688385857648905,False,97
7613,0.03649330123221405,False,97
7614,0.04073478379593643,False,97
7615,0.04552978518334865,False,97
7616,0.05197561989259875,False,97
7617,0.05630415992661077,False,97
7618,0.055594718289740455,False,97
7619,0.049707370111950554,False,97
7620,0.04273965513775144,False,97
7621,0.03800561728642552,False,97
7622,0.037324670526509646,False,97
7623,0.04093932963486049,False,97
7624,0.045855353953382645,False,97
7625,0.051627151451317056,False,97
7626,0.05700852100644791,False,97
7627,0.06066812071884663,False,97
7628,0.06001811928660883,False,97
7629,0.05497915645542518,False,97
7630,0.04705054012483472,False,97
7631,0.04099124608448329,False,97
7632,0.038459468273718184,False,97
7633,0.03947570231283667,False,97
7634,0.04066963475054006,False,97
7635,0.04161886346015233,False,97
7636,0.10358666062573733,False,97
7637,0.13145253440991256,False,97
7638,0.18991262870474937,False,97
7639,0.1788695335019958,False,97
7640,0.14474161938702335,False,97
7641,0.1500573514260215,False,97
7642,0.20432027488574397,False,97
7643,0.1962737464091092,False,97
7644,0.09935133926153658,False,97
7645,0.0266034136413122,False,97
7646,0.028489893833470555,False,97
7647,0.02960360720674788,False,97
7648,0.04207198915136215,False,97
7649,0.027997992582119383,False,97
7650,0.028658492314385768,False,97
7651,0.020278561685942206,False,97
7652,0.021503597508045605,False,97
7653,0.016669878765717336,False,97
7654,0.011929649411428867,False,97
7655,0.012838849724856277,False,97
7656,0.010180042064644592,False,97
7657,0.014290099370123389,False,97
7658,0.009038445426471836,False,97
7659,0.014098896292491496,False,97
7660,0.012734694941016525,False,97
7661,0.009433514558841777,False,97
7662,0.011038884382424332,False,97
7663,0.0070799683323989416,False,97
7664,0.009767041726266776,False,97
7665,0.009793653213451523,False,97
7666,0.007326994143997041,False,97
7667,0.008660337608410357,False,97
7668,0.006335479126553114,False,97
7669,0.008784907981429666,False,97
7670,0.007156278623558795,False,97
7671,0.011742602622663577,False,97
7672,0.012537206270696896,False,97
7673,0.008759917058904772,False,97
7674,0.011677701029889428,False,97
7675,0.006686357712122675,False,97
7676,0.00891074829006696,False,97
7677,0.009625972662295193,False,97
7678,0.007999589727039798,False,97
7679,0.008980793775546874,False,97
7680,0.008063262329040546,False,97
7681,0.009362539172250885,False,97
7682,0.007532641121942409,False,97
7683,0.009839279752051676,False,97
7684,0.008790568261956353,False,97
7685,0.007609213047152151,False,97
7686,0.031877133525839464,False,97
7687,0.07192854357818063,False,97
7688,0.15585746191336042,False,97
7689,0.11108674780798,False,97
7690,0.1263676264580679,False,97
7691,0.1626014999401512,False,97
7692,0.16826442793116034,False,97
7693,0.18813023382281382,False,97
7694,0.17281682627867856,False,97
7695,0.20346517047035212,False,97
7696,0.2101946613943518,False,97
7697,0.21912259349740443,False,97
7698,0.22500534562939709,False,97
7699,0.21036764560013677,False,97
7700,0.20466041213738415,False,97
7701,0.2068530598203258,False,97
7702,0.23979156961097037,False,97
7703,0.13934444717124908,False,97
7704,0.1524991770964182,False,97
7705,0.11084042750807617,False,97
7706,0.10418557398922017,False,97
7707,0.09441147712679392,False,97
7708,0.09680797256443037,False,97
7709,0.09152472421062191,False,97
7710,0.10419560630458796,False,97
7711,0.14395497237087287,False,97
7712,0.01944464904988383,False,97
7713,0.014349038063993343,False,97
7714,0.011815890393047195,False,97
7715,0.015451287129596685,False,97
7716,0.0109792123701737,False,97
7717,0.01516454380095845,False,97
7718,0.011203215758257477,False,97
7719,0.017132398732283317,False,97
7720,0.013400379436078353,False,97
7721,0.0140818713035996,False,97
7722,0.013010848661588418,False,97
7723,0.012042466383394974,False,97
7724,0.01600611686493971,False,97
7725,0.011775076234017821,False,97
7726,0.013286352330704417,False,97
7727,0.011367092075798443,False,97
7728,0.012163837958615894,False,97
7729,0.01660247323411625,False,97
7730,0.00996903839080509,False,97
7731,0.009623154944316587,False,97
7732,0.008589858941381947,False,97
7733,0.009492995959624504,False,97
7734,0.012673757631965802,False,97
7735,0.00731187001278287,False,97
7736,0.008582019403618439,False,97
7737,0.00720564828151687,False,97
7738,0.007154755418536469,False,97
7739,0.009491498824951886,False,97
7740,0.005207939557095192,False,97
7741,0.008308998775752046,False,97
7742,0.006260057978249448,False,97
7743,0.0075728715714052704,False,97
7744,0.009592105640332369,False,97
7745,0.006009303102267641,False,97
7746,0.00756429148051247,False,97
7747,0.006169377620400554,False,97
7748,0.007938801576025209,False,97
7749,0.012076571297817803,False,97
7750,0.010834544341878536,False,97
7751,0.01204840211443508,False,97
7752,0.027015782175305758,False,97
7753,0.038922516403904726,False,97
7754,0.01536693226793347,False,97
7755,0.014886584789430399,False,97
7756,0.01493405995332589,False,97
7757,0.019847821902421625,False,97
7758,0.030111740666624507,False,97
7759,0.017167698296454047,False,97
7760,0.007859577163666413,False,97
7761,0.005189068387719639,False,97
7762,0.007679688756250115,False,97
7763,0.004793178800753563,False,97
7764,0.0072789917216605155,False,97
7765,0.004915524200187672,False,97
7766,0.0057451852016101555,False,97
7767,0.007968828802834366,False,97
7768,0.005814215867097987,False,97
7769,0.0067753273367903,False,97
7770,0.006029209316138466,False,97
7771,0.007182073634548687,False,97
7772,0.01085476205166765,False,97
7773,0.009082630813866503,False,97
7774,0.009459673105686153,False,97
7775,0.009014434629215605,False,97
7776,0.008580472242613707,False,97
7777,0.01417576948734183,False,97
7778,0.013216607862890098,False,97
7779,0.011445413285543462,False,97
7780,0.0108200979993598,False,97
7781,0.014093085455537762,False,97
7782,0.015134972841788396,False,97
7783,0.016538677706533233,False,97
7784,0.007413411707269188,False,97
7785,0.010835849407590902,False,97
7786,0.01174655927819647,False,97
7787,0.019395957911607142,False,97
7788,0.03725598923406227,False,97
7789,0.09578509139564717,False,97
7790,0.24937594839753266,False,97
7791,0.0830386761161481,False,97
7792,0.11132636744900894,False,97
7793,0.11601159470412126,False,97
7794,0.09421125122826637,False,97
7795,0.08737742339482146,False,97
7796,0.09037906951608078,False,97
7797,0.0914020943634565,False,97
7798,0.07952096536043048,False,97
7799,0.08204050617895509,False,97
7800,0.0816919171022264,False,97
7801,0.08816579657458715,False,97
7802,0.09277878115801068,False,97
7803,0.0927595127081078,False,97
7804,0.12596730311796364,False,97
7805,0.13814345488022986,False,97
7806,0.13477962369868754,False,97
7807,0.12915911335427024,False,97
7808,0.1291536329028303,False,97
7809,0.1400983862845145,False,97
7810,0.02154150259560858,False,97
7811,0.018616568464239026,False,97
7812,0.021569357346361638,False,97
7813,0.0440167228797946,False,97
7814,0.026871165164064643,False,97
7815,0.01397150318582423,False,97
7816,0.014449002366065144,False,97
7817,0.01695518945600417,False,97
7818,0.0167372672117224,False,97
7819,0.014219678831092774,False,97
7820,0.013352169736882571,False,97
7821,0.012644391638997622,False,97
7822,0.01613743905283747,False,97
7823,0.013111969460932864,False,97
7824,0.00964816537014314,False,97
7825,0.013158867258057597,False,97
7826,0.01444481202813697,False,97
7827,0.015639737671281358,False,97
7828,0.01619205396081531,False,97
7829,0.01419152451153275,False,97
7830,0.01345105199914721,False,97
7831,0.012722694184601074,False,97
7832,0.014785124338220466,False,97
7833,0.013246452731004334,False,97
7834,0.010526011722093807,False,97
7835,0.050480314919369,False,97
7836,0.07863475013567119,False,97
7837,0.14503649007564598,False,97
7838,0.1616509604020465,False,97
7839,0.11942636282928557,False,97
7840,0.13870057187983237,False,97
7841,0.16715745445564636,False,97
7842,0.10141286585497526,False,97
7843,0.11235031298277731,False,97
7844,0.035840091308261435,False,97
7845,0.02822169161881807,False,97
7846,0.03373507840812232,False,97
7847,0.053139336030913344,False,97
7848,0.055075661566417154,False,97
7849,0.025583463655755524,False,97
7850,0.026942300371924747,False,97
7851,0.05882593808843223,False,97
7852,0.036544748954224715,False,97
7853,0.023487175368245582,False,97
7854,0.0200713920769507,False,97
7855,0.02117360283474108,False,97
7856,0.021064228006124244,False,97
7857,0.01856503121024258,False,97
7858,0.02471288018956284,False,97
7859,0.021719119188329156,False,97
7860,0.04984021025847677,False,97
7861,0.04930827472631338,False,97
7862,0.025863674170389504,False,97
7863,0.029278821145316287,False,97
7864,0.051133112419685545,False,97
7865,0.02041290644909569,False,97
7866,0.04911642933846157,False,97
7867,0.02240285010743536,False,97
7868,0.03069025264806937,False,97
7869,0.03503451359976664,False,97
7870,0.026163537690563832,False,97
7871,0.024530462540598576,False,97
7872,0.022831947431815925,False,97
7873,0.03982367471731587,False,97
7874,0.047016381028857,False,97
7875,0.04202799167133565,False,97
7876,0.04584696093012823,False,97
7877,0.031796978976217895,False,97
7878,0.04436607736307072,False,97
7879,0.07257741451128284,False,97
7880,0.04138745511493438,False,97
7881,0.026794566276033768,False,97
7882,0.08456686283324899,False,97
7883,0.02269829523585484,False,97
7884,0.020065304061641726,False,97
7885,0.024146335308506937,False,97
7886,0.020634508216081447,False,97
7887,0.021702857514335372,False,97
7888,0.03311042776685545,False,97
7889,0.05201478328294172,False,97
7890,0.12185060974674942,False,97
7891,0.22608631915641203,False,97
7892,0.1251210980150713,False,97
7893,0.10842150351060943,False,97
7894,0.28491869512101176,True,97
7895,0.13183912840073372,False,97
7896,0.11247468113167344,False,97
7897,0.12946224162848985,False,97
7898,0.13488933933795733,False,97
7899,0.14379560972620273,False,97
7900,0.18703456460386367,False,97
7901,0.1854305323179264,False,97
7902,0.18313604440934367,False,97
7903,0.19979829767952662,False,97
7904,0.19559976383727035,False,97
7905,0.1989977714204723,False,97
7906,0.21603026483357865,False,97
7907,0.23870426179290233,False,97
7908,0.258834404271081,False,97
7909,0.3211002964909717,True,97
7910,0.15500600492879574,False,97
7911,0.1110395335759478,False,97
7912,0.1081742702136715,False,97
7913,0.08428657018630344,False,97
7914,0.05616994423085649,False,97
7915,0.014183687060208556,False,97
7916,0.016883383134108133,False,97
7917,0.015483985888125959,False,97
7918,0.023034898883109958,False,97
7919,0.021943810937613675,False,97
7920,0.01748763355843231,False,97
7921,0.015728038897584666,False,97
7922,0.012531114024611443,False,97
7923,0.017015007555663555,False,97
7924,0.009558111795991002,False,97
7925,0.006484734653704201,False,97
7926,0.014919140124636767,False,97
7927,0.014228112993574385,False,97
7928,0.011601029095856157,False,97
7929,0.0313608415848713,False,97
7930,0.04180360043330228,False,97
7931,0.012699951643572243,False,97
7932,0.013564619705513823,False,97
7933,0.011057708449819015,False,97
7934,0.018389846077761347,False,97
7935,0.03624724624399686,False,97
7936,0.022181691670527175,False,97
7937,0.010450515101757143,False,97
7938,0.014235155226892072,False,97
7939,0.013792763218359242,False,97
7940,0.012095292396333062,False,97
7941,0.010376268935174385,False,97
7942,0.01034166873519518,False,97
7943,0.006841975755540489,False,97
7944,0.010370393779797331,False,97
7945,0.005958365087539,False,97
7946,0.005265032096715824,False,97
7947,0.012595601118442944,False,97
7948,0.012052092006227233,False,97
7949,0.012771285906437693,False,97
7950,0.02827968382838081,False,97
7951,0.04481215210607669,False,97
7952,0.011346771818814114,False,97
7953,0.019899713055246463,False,97
7954,0.012888645293944097,False,97
7955,0.016094451318105454,False,97
7956,0.07057962938356625,False,97
7957,0.023276332634581596,False,97
7958,0.012439891147022642,False,97
7959,0.009428395791983952,False,97
7960,0.008463590657669913,False,97
7961,0.379160983503087,True,98
7962,0.2655055391405788,False,98
7963,0.15825092114610007,False,98
7964,0.09638436593376833,False,98
7965,0.09754742683195486,False,98
7966,0.08086459244183604,False,98
7967,0.06849838916569914,False,98
7968,0.07302071464721498,False,98
7969,0.04835144740684808,False,98
7970,0.05108716864261456,False,98
7971,0.0436874226407397,False,98
7972,0.0423634408698705,False,98
7973,0.043494896596861135,False,98
7974,0.04074921524041562,False,98
7975,0.030773771704411448,False,98
7976,0.03754271540525904,False,98
7977,0.0336154150649552,False,98
7978,0.029357177279497368,False,98
7979,0.028899709538110992,False,98
7980,0.025245677321227473,False,98
7981,0.021493963570882187,False,98
7982,0.019274205438362647,False,98
7983,0.017976192172749286,False,98
7984,0.018492149366368674,False,98
7985,0.01574322635899447,False,98
7986,0.015009190971941888,False,98
7987,0.010873801532776199,False,98
7988,0.011660632532319136,False,98
7989,0.009675902070186912,False,98
7990,0.010736872065584836,False,98
7991,0.010530345103598331,False,98
7992,0.010713536347968268,False,98
7993,0.010386436874525918,False,98
7994,0.009072111350776789,False,98
7995,0.007774034967080154,False,98
7996,0.007508504866596317,False,98
7997,0.008017730780006643,False,98
7998,0.008368386969799822,False,98
7999,0.0086833797917797,False,98
8000,0.00928215397587004,False,98
8001,0.016697524377426907,False,98
8002,0.023828272157831325,False,98
8003,0.028434160348519293,False,98
8004,0.03295265601612604,False,98
8005,0.03611001070455883,False,98
8006,0.03757134916459748,False,98
8007,0.036561081052355164,False,98
8008,0.035594789634829725,False,98
8009,0.026142578574005145,False,98
8010,0.018081764257112998,False,98
8011,0.01708353640196882,False,98
8012,0.016006976879564195,False,98
8013,0.014564097559927184,False,98
8014,0.013367093672579555,False,98
8015,0.013019063392320155,False,98
8016,0.012882244146563047,False,98
8017,0.012401110637211782,False,98
8018,0.01181092825030536,False,98
8019,0.011294962679584764,False,98
8020,0.010720311128706795,False,98
8021,0.010327141176518707,False,98
8022,0.01069514707454344,False,98
8023,0.014383749776123254,False,98
8024,0.0173576273366812,False,98
8025,0.019758212725980072,False,98
8026,0.02179669713219408,False,98
8027,0.021306620758962055,False,98
8028,0.019681925017350128,False,98
8029,0.01887813887150837,False,98
8030,0.019647570553820014,False,98
8031,0.01985001131895797,False,98
8032,0.02037082583451317,False,98
8033,0.020722654925273813,False,98
8034,0.02056306363719978,False,98
8035,0.020654247398917056,False,98
8036,0.020196831240655713,False,98
8037,0.019448656698813366,False,98
8038,0.019199469510881972,False,98
8039,0.019791148807026936,False,98
8040,0.021503073198477864,False,98
8041,0.044314047988945636,False,98
8042,0.04396627092727529,False,98
8043,0.05824478444682751,False,98
8044,0.058091819618263256,False,98
8045,0.0640874235080593,False,98
8046,0.06858301555175789,False,98
8047,0.06925942566399186,False,98
8048,0.060270317608056345,False,98
8049,0.043389028282825697,False,98
8050,0.023211970862970433,False,98
8051,0.017558912951925288,False,98
8052,0.02012335088916894,False,98
8053,0.02831150150529,False,98
8054,0.03615294104412096,False,98
8055,0.04141017201398159,False,98
8056,0.04218664871290668,False,98
8057,0.03739868831819571,False,98
8058,0.03368026308057825,False,98
8059,0.031387495394106874,False,98
8060,0.03228793702882256,False,98
8061,0.06489216409465766,False,98
8062,0.05324996045562766,False,98
8063,0.049884399187883,False,98
8064,0.045028539378777856,False,98
8065,0.04337758476525978,False,98
8066,0.04359960789893097,False,98
8067,0.04469967548462596,False,98
8068,0.04029783543062908,False,98
8069,0.036127030084674515,False,98
8070,0.020168293102552165,False,98
8071,0.01710915315872742,False,98
8072,0.016496901693164968,False,98
8073,0.017982348239794877,False,98
8074,0.01571090872747186,False,98
8075,0.01380446354164197,False,98
8076,0.0156289737754713,False,98
8077,0.016157825900608675,False,98
8078,0.022916482343894363,False,98
8079,0.024553964655782707,False,98
8080,0.028344427876326832,False,98
8081,0.032855124784600426,False,98
8082,0.06714678196806347,False,98
8083,0.07112234901276178,False,98
8084,0.08600318652662255,False,98
8085,0.07537217083242498,False,98
8086,0.07215783113645678,False,98
8087,0.07221120633999888,False,98
8088,0.08857429300712971,False,98
8089,0.14407967384529127,False,98
8090,0.16513832564793732,False,98
8091,0.1460784225483018,False,98
8092,0.13192985200736285,False,98
8093,0.09715422673969208,False,98
8094,0.09178179408706852,False,98
8095,0.08866094533866362,False,98
8096,0.11449817811067786,False,98
8097,0.16076435613211087,False,98
8098,0.07562228079066725,False,98
8099,0.07334539860332046,False,98
8100,0.0688195509081045,False,98
8101,0.061157458986941506,False,98
8102,0.05376418938770718,False,98
8103,0.05632264086219497,False,98
8104,0.05188381855519946,False,98
8105,0.042838976685055104,False,98
8106,0.03515691548687739,False,98
8107,0.037512966550651845,False,98
8108,0.04452469959276597,False,98
8109,0.048842412489809674,False,98
8110,0.050910670438064756,False,98
8111,0.06117682810370158,False,98
8112,0.058600660457874806,False,98
8113,0.056891767466303325,False,98
8114,0.0536600819116088,False,98
8115,0.04679904145668978,False,98
8116,0.036702720952895444,False,98
8117,0.03319712757387446,False,98
8118,0.031711406705341665,False,98
8119,0.03271186908227276,False,98
8120,0.06681908530448247,False,98
8121,0.04694106915182187,False,98
8122,0.02543858117293512,False,98
8123,0.01862281458395782,False,98
8124,0.0173184664151539,False,98
8125,0.016602373686353058,False,98
8126,0.01646034369206333,False,98
8127,0.017955720869664685,False,98
8128,0.02035071686185547,False,98
8129,0.020662355974954683,False,98
8130,0.017547054125831307,False,98
8131,0.016167336926391884,False,98
8132,0.018093499381074813,False,98
8133,0.01354276304820884,False,98
8134,0.011164332018569804,False,98
8135,0.012311543477803694,False,98
8136,0.013003940561425842,False,98
8137,0.011836576385038535,False,98
8138,0.01074383226682038,False,98
8139,0.01235147280652272,False,98
8140,0.015064563241862672,False,98
8141,0.017686332332522686,False,98
8142,0.014212039635357368,False,98
8143,0.010692127485726118,False,98
8144,0.01200427431112705,False,98
8145,0.01079939528935192,False,98
8146,0.007874485678147441,False,98
8147,0.005475593409753755,False,98
8148,0.004273342526768305,False,98
8149,0.004146024851667023,False,98
8150,0.003951237432865365,False,98
8151,0.0037572013858811633,False,98
8152,0.0034576651017770924,False,98
8153,0.0035471483841895126,False,98
8154,0.003240185200846902,False,98
8155,0.003237991050032598,False,98
8156,0.0033601384562761683,False,98
8157,0.003536762663626096,False,98
8158,0.00363549271500933,False,98
8159,0.0037833081734166456,False,98
8160,0.0039950648250621276,False,98
8161,0.022102075749499978,False,98
8162,0.03001623622622225,False,98
8163,0.033299414956178316,False,98
8164,0.03423648131636857,False,98
8165,0.034645866985312294,False,98
8166,0.03309369981373727,False,98
8167,0.03007791522908115,False,98
8168,0.024720518446597006,False,98
8169,0.016898444648879924,False,98
8170,0.005148399969368865,False,98
8171,0.004774926260546324,False,98
8172,0.004916348439533719,False,98
8173,0.005483743978202824,False,98
8174,0.0059573892440795565,False,98
8175,0.005988881399277754,False,98
8176,0.006062720285622145,False,98
8177,0.006197960975988093,False,98
8178,0.006212640617479559,False,98
8179,0.005704751678094199,False,98
8180,0.005530976312003027,False,98
8181,0.005511259210121376,False,98
8182,0.005829603934985437,False,98
8183,0.006218904934175639,False,98
8184,0.006387276986327245,False,98
8185,0.006353184919544988,False,98
8186,0.006153459192830576,False,98
8187,0.005707160601913529,False,98
8188,0.005837940036242185,False,98
8189,0.005526475769317104,False,98
8190,0.004661517163219456,False,98
8191,0.003891867838218734,False,98
8192,0.0032902232757858157,False,98
8193,0.0029042177117095387,False,98
8194,0.0031539449977965577,False,98
8195,0.0034262391866495124,False,98
8196,0.0036902669606982542,False,98
8197,0.0039472692099723925,False,98
8198,0.0040172944715762,False,98
8199,0.004002655768560075,False,98
8200,0.0041044022636072906,False,98
8201,0.004568305964431598,False,98
8202,0.0046085243079370605,False,98
8203,0.003841811566169591,False,98
8204,0.0036801671562194335,False,98
8205,0.003824190361026571,False,98
8206,0.004536777760509633,False,98
8207,0.006008904088204622,False,98
8208,0.007581781556893558,False,98
8209,0.007994920968557315,False,98
8210,0.006952405144669877,False,98
8211,0.09263271535567202,False,98
8212,0.18379262393284235,False,98
8213,0.08435851284502231,False,98
8214,0.07521963845302729,False,98
8215,0.06881097035369466,False,98
8216,0.0644459025122598,False,98
8217,0.0624469801462323,False,98
8218,0.0584289969785276,False,98
8219,0.043603664807984936,False,98
8220,0.0138370535461378,False,98
8221,0.0524873077736708,False,98
8222,0.014642977355802222,False,98
8223,0.022033746442987022,False,98
8224,0.018773475002029437,False,98
8225,0.015566128107546305,False,98
8226,0.016559788052990947,False,98
8227,0.018715487740204245,False,98
8228,0.016922910409775373,False,98
8229,0.01832843764581477,False,98
8230,0.012138477243628376,False,98
8231,0.02279265368670892,False,98
8232,0.02104702962663545,False,98
8233,0.017187518573420033,False,98
8234,0.015279321882927343,False,98
8235,0.016024224139451534,False,98
8236,0.01626170068192433,False,98
8237,0.01723682640488752,False,98
8238,0.017428156519956706,False,98
8239,0.022008065513891128,False,98
8240,0.016588976959664225,False,98
8241,0.022165600019153017,False,98
8242,0.016088943496498503,False,98
8243,0.015486565484017929,False,98
8244,0.0171002161734768,False,98
8245,0.02485439833133682,False,98
8246,0.025673388756211963,False,98
8247,0.02562104899223407,False,98
8248,0.030284465473128432,False,98
8249,0.03310163327957835,False,98
8250,0.031887346845902026,False,98
8251,0.02983323006135399,False,98
8252,0.031330478711337366,False,98
8253,0.02601217393264019,False,98
8254,0.027154861127095333,False,98
8255,0.01838872414811456,False,98
8256,0.012335350316752614,False,98
8257,0.010370732018992796,False,98
8258,0.020102913057237742,False,98
8259,0.020907048418286125,False,98
8260,0.013879100719377178,False,98
8261,0.010838037767251407,False,98
8262,0.010515225034870207,False,98
8263,0.009944961831172527,False,98
8264,0.009723798683920742,False,98
8265,0.010433473124493416,False,98
8266,0.015551426971635607,False,98
8267,0.0340437799338172,False,98
8268,0.019685479741588408,False,98
8269,0.010097189030138906,False,98
8270,0.007346060948744972,False,98
8271,0.007110290002066685,False,98
8272,0.008067028240247406,False,98
8273,0.009737740551441694,False,98
8274,0.016999499993963305,False,98
8275,0.019000133276700512,False,98
8276,0.028070855552103605,False,98
8277,0.007540803346515376,False,98
8278,0.006169592553773988,False,98
8279,0.0051245375368610836,False,98
8280,0.005339576434102357,False,98
8281,0.007337851131053274,False,98
8282,0.009041753996429147,False,98
8283,0.009688234866253151,False,98
8284,0.015478994787561635,False,98
8285,0.012570743204141444,False,98
8286,0.00979562462561576,False,98
8287,0.00858502989702734,False,98
8288,0.007669248921808993,False,98
8289,0.007017412149872102,False,98
8290,0.006403471738314805,False,98
8291,0.010106978694427957,False,98
8292,0.010906149167617514,False,98
8293,0.006609773416370283,False,98
8294,0.0042940618351361365,False,98
8295,0.0029712245988683136,False,98
8296,0.002269177302618053,False,98
8297,0.0018724429908149288,False,98
8298,0.0019060928286879363,False,98
8299,0.002113489618601092,False,98
8300,0.002341843182364898,False,98
8301,0.002629659068120149,False,98
8302,0.0028718604077291616,False,98
8303,0.002958501928547251,False,98
8304,0.0030263667810499187,False,98
8305,0.00290460260092551,False,98
8306,0.002594559010528623,False,98
8307,0.0022912770524050738,False,98
8308,0.001978836686329653,False,98
8309,0.0017933150287950427,False,98
8310,0.0017928745190897524,False,98
8311,0.0019360962409700898,False,98
8312,0.002046612935021577,False,98
8313,0.0021624111102826714,False,98
8314,0.0021565406633968355,False,98
8315,0.0023303461220510802,False,98
8316,0.002644099162878435,False,98
8317,0.003073033514767383,False,98
8318,0.003587278169152834,False,98
8319,0.004326528670030116,False,98
8320,0.0050111091098845525,False,98
8321,0.005960544847417376,False,98
8322,0.006616415834710489,False,98
8323,0.00706865585342609,False,98
8324,0.00723576836503497,False,98
8325,0.007127097206574231,False,98
8326,0.006869619727449654,False,98
8327,0.006359213141574648,False,98
8328,0.005595428615062163,False,98
8329,0.005097620917362048,False,98
8330,0.004572809814413454,False,98
8331,0.004720794412092781,False,98
8332,0.004900103947640314,False,98
8333,0.0050927190592292195,False,98
8334,0.005362469469975874,False,98
8335,0.005591032915437164,False,98
8336,0.0582188197475114,False,98
8337,0.03381464761013093,False,98
8338,0.028446593560545026,False,98
8339,0.0319696052271263,False,98
8340,0.038433003522697885,False,98
8341,0.03930185565272384,False,98
8342,0.04890807729690995,False,98
8343,0.05129204413923424,False,98
8344,0.05421280850214572,False,98
8345,0.03804527556135965,False,98
8346,0.0280997676388022,False,98
8347,0.025787381422726057,False,98
8348,0.023705279273862026,False,98
8349,0.0218670648234832,False,98
8350,0.021787917696919516,False,98
8351,0.023603647235984723,False,98
8352,0.02432458500760375,False,98
8353,0.024309828601828676,False,98
8354,0.02402300850191391,False,98
8355,0.023773263933789597,False,98
8356,0.05762792937093906,False,98
8357,0.04814427813526996,False,98
8358,0.044446522691123126,False,98
8359,0.04277932387602608,False,98
8360,0.07359582135919905,False,98
8361,0.12450639697362403,False,98
8362,0.19243904156987326,False,98
8363,0.2915608023568835,True,98
8364,0.41819220670339674,True,98
8365,0.5934547034197042,True,98
8366,0.9660863391810348,True,98
8367,1.1968205171544601,True,98
8368,1.5970791116238883,True,98
8369,1.887542737068214,True,98
8370,2.1338259662316497,True,98
8371,2.5025160190796645,True,98
8372,2.984255962952959,True,98
8373,3.4441873785028365,True,98
8374,3.8777727405746303,True,98
8375,4.295058543018465,True,98
8376,4.80149458122212,True,98
8377,5.328441764507421,True,98
8378,5.685084784033342,True,98
8379,6.0764220620563165,True,98
8380,6.420076599232795,True,98
8381,5.988201986295841,True,98
8382,5.003886658442546,True,98
8383,4.199836880442409,True,98
8384,3.3075496401088884,True,98
8385,2.8227234810001174,True,98
8386,1.8764225790927336,True,98
8387,1.5809508592390304,True,98
8388,1.2308252284042984,True,98
8389,0.8166608305332607,True,98
8390,0.3017670224415427,True,98
8391,0.3016928995176391,True,98
8392,0.2756082928184786,False,98
8393,0.25415792038043955,False,98
8394,0.23019292610464015,False,98
8395,0.13716484549094604,False,98
8396,0.17046802318971085,False,98
8397,0.2093406412131548,False,98
8398,0.24014767413662708,False,98
8399,0.26055241797510537,False,98
8400,0.28182267122078325,True,98
8401,0.32649750851488224,True,98
8402,0.36349222642571605,True,98
8403,0.32204332626680393,True,98
8404,0.29599824146642034,True,98
8405,0.2380600039096661,False,98
8406,0.19843210667164202,False,98
8407,0.15011149944035668,False,98
8408,0.06634171014230583,False,98
8409,0.05763465270801205,False,98
8410,0.04649946752004717,False,98
8411,0.050291868673895825,False,98
8412,0.06208070563503064,False,98
8413,0.07462116598041146,False,98
8414,0.07148500853626012,False,98
8415,0.055857479607488165,False,98
8416,0.04590901016292624,False,98
8417,0.04110170877063872,False,98
8418,0.030955133726831903,False,98
8419,0.03473757929484779,False,98
8420,0.029797649383066043,False,98
8421,0.03274185633153435,False,98
8422,0.03173790463978902,False,98
8423,0.027852672535857083,False,98
8424,0.02470904580396675,False,98
8425,0.024215459184185866,False,98
8426,0.02565205994832845,False,98
8427,0.02731644251876616,False,98
8428,0.02494068473584889,False,98
8429,0.011307118123372224,False,98
8430,0.008592488737295413,False,98
8431,0.007706560005491912,False,98
8432,0.008007489268835186,False,98
8433,0.00817362826893787,False,98
8434,0.00747835408368404,False,98
8435,0.006911319155551452,False,98
8436,0.006922679021976227,False,98
8437,0.006920035626109301,False,98
8438,0.006429914023183168,False,98
8439,0.005335437385680959,False,98
8440,0.005088133296076698,False,98
8441,0.005593197879580485,False,98
8442,0.00613920524188439,False,98
8443,0.006510703017767586,False,98
8444,0.006622480654380132,False,98
8445,0.006745789538811446,False,98
8446,0.007074529648220608,False,98
8447,0.0071835910333653,False,98
8448,0.006787815460456188,False,98
8449,0.006150780715674553,False,98
8450,0.0058249863563188745,False,98
8451,0.0063070892782532305,False,98
8452,0.007270581082145289,False,98
8453,0.007682908767515468,False,98
8454,0.007613726990848404,False,98
8455,0.00748190040252658,False,98
8456,0.007475656747645508,False,98
8457,0.007622286722907028,False,98
8458,0.00782506371918534,False,98
8459,0.008106357571659915,False,98
8460,0.008383895544521985,False,98
8461,0.01440289986128475,False,98
8462,0.019977577670998028,False,98
8463,0.024376699102360566,False,98
8464,0.02607694234981625,False,98
8465,0.02546888166853321,False,98
8466,0.023797562475266147,False,98
8467,0.02310891124527508,False,98
8468,0.022757756166071973,False,98
8469,0.02138089337548856,False,98
8470,0.0193038881904439,False,98
8471,0.018867170169305857,False,98
8472,0.01829034603257588,False,98
8473,0.021188744660680787,False,98
8474,0.024436355740587945,False,98
8475,0.02222425821443365,False,98
8476,0.016417816489621255,False,98
8477,0.0116413580345276,False,98
8478,0.009958028329425965,False,98
8479,0.010687855826414345,False,98
8480,0.014500805825481982,False,98
8481,0.018527329432134636,False,98
8482,0.016952570047284777,False,98
8483,0.010119105527471084,False,98
8484,0.005302819308005066,False,98
8485,0.005505321502861605,False,98
8486,0.007788899530531797,False,98
8487,0.008542196143549686,False,98
8488,0.006934028017546385,False,98
8489,0.005348411430703386,False,98
8490,0.005892117375131199,False,98
8491,0.00709183597161375,False,98
8492,0.0064762916436763174,False,98
8493,0.004636518123549568,False,98
8494,0.0032174347546475436,False,98
8495,0.0032161597635508867,False,98
8496,0.0035814579156568994,False,98
8497,0.003339014079416292,False,98
8498,0.0028322102845383446,False,98
8499,0.0029786557956502533,False,98
8500,0.004076393400688153,False,98
8501,0.00494073418963797,False,98
8502,0.0048324805492522506,False,98
8503,0.0039631883171645475,False,98
8504,0.0032880737469303404,False,98
8505,0.00353458218402686,False,98
8506,0.004564760758238235,False,98
8507,0.005552184261057805,False,98
8508,0.005928649288716226,False,98
8509,0.006246931339987568,False,98
8510,0.0070688340566237955,False,98
8511,0.00754356245616192,False,98
8512,0.00676136587922003,False,98
8513,0.004957693763541814,False,98
8514,0.0038025640255490226,False,98
8515,0.004135617248219846,False,98
8516,0.004526680636566046,False,98
8517,0.004023118721633534,False,98
8518,0.003363240322562246,False,98
8519,0.003203971883563525,False,98
8520,0.0033896607291250057,False,98
8521,0.0035784028286867616,False,98
8522,0.003543677100743266,False,98
8523,0.0035803687761418513,False,98
8524,0.00375890884918918,False,98
8525,0.0038061041328892598,False,98
8526,0.0036241869185799232,False,98
8527,0.003329946555854818,False,98
8528,0.004752511041045063,False,98
8529,0.00550763121998778,False,98
8530,0.0050794641543761435,False,98
8531,0.0053119101945550695,False,98
8532,0.004444362804561121,False,98
8533,0.004868298746769676,False,98
8534,0.0069362509210126495,False,98
8535,0.005413818927142697,False,98
8536,0.005960202926171559,False,98
8537,0.0037437395107806954,False,98
8538,0.003584830223308403,False,98
8539,0.004442452833215038,False,98
8540,0.005859516819608974,False,98
8541,0.005076890487930615,False,98
8542,0.006367714676556302,False,98
8543,0.004894200888882242,False,98
8544,0.006748343062174238,False,98
8545,0.008957494798672465,False,98
8546,0.006319727441300791,False,98
8547,0.008231109722979957,False,98
8548,0.005826202292293155,False,98
8549,0.006053582255929725,False,98
8550,0.0080896896260549,False,98
8551,0.0061256781777959506,False,98
8552,0.007093732366390728,False,98
8553,0.003929817714899153,False,98
8554,0.0032372403329868687,False,98
8555,0.004263842175970014,False,98
8556,0.00599277320090141,False,98
8557,0.004462137070634177,False,98
8558,0.005572610524827812,False,98
8559,0.004371811547874777,False,98
8560,0.005637129868951961,False,98
8561,0.007934681961619394,False,98
8562,0.006064798163172397,False,98
8563,0.008136893367532316,False,98
8564,0.005767159002717476,False,98
8565,0.007963116786941558,False,98
8566,0.010524129487077727,False,98
8567,0.007297007340566253,False,98
8568,0.007572870648579577,False,98
8569,0.0061333082380867765,False,98
8570,0.0068716110787252005,False,98
8571,0.00879808936187282,False,98
8572,0.007921292422157325,False,98
8573,0.008206829497986626,False,98
8574,0.008257762150691433,False,98
8575,0.00824846833361783,False,98
8576,0.009326879820838876,False,98
8577,0.012616304224382553,False,98
8578,0.010993972790723453,False,98
8579,0.011340947659139422,False,98
8580,0.008394170927089193,False,98
8581,0.012753716076777333,False,98
8582,0.0068016878029687955,False,98
8583,0.009789146044671659,False,98
8584,0.011852059440026139,False,98
8585,0.012056127213821892,False,98
8586,0.011072300698201712,False,98
8587,0.011368568880215913,False,98
8588,0.012314744332893124,False,98
8589,0.012776715768324252,False,98
8590,0.01419190040793035,False,98
8591,0.011011452577747551,False,98
8592,0.0077350494305975515,False,98
8593,0.010879867477205787,False,98
8594,0.00982414054075394,False,98
8595,0.011471104801424693,False,98
8596,0.015128031139376226,False,98
8597,0.010597470766683098,False,98
8598,0.009811644256322662,False,98
8599,0.011441784568075458,False,98
8600,0.0146478644559822,False,98
8601,0.01343701250743686,False,98
8602,0.011773656311265377,False,98
8603,0.009657446252572338,False,98
8604,0.00844338218036078,False,98
8605,0.007160873673960996,False,98
8606,0.01329723111431047,False,98
8607,0.01015060582532398,False,98
8608,0.009897722220313978,False,98
8609,0.012755326660144051,False,98
8610,0.013368980014161331,False,98
8611,0.015330691225620302,False,98
8612,0.021297955560681824,False,98
8613,0.023284317083308442,False,98
8614,0.023612016737748112,False,98
8615,0.029669691411207077,False,98
8616,0.028389200368928766,False,98
8617,0.03786270334207289,False,98
8618,0.030019149336493203,False,98
8619,0.03507344463020942,False,98
8620,0.04469499490834134,False,98
8621,0.03390595491355395,False,98
8622,0.036052919308028016,False,98
8623,0.017813437094921857,False,98
8624,0.017445750069921977,False,98
8625,0.01795570478891097,False,98
8626,0.017201471697638207,False,98
8627,0.013946632733248912,False,98
8628,0.008896667143921814,False,98
8629,0.008337732857905546,False,98
8630,0.01096151323003622,False,98
8631,0.009323952962312868,False,98
8632,0.010550604718806377,False,98
8633,0.009807433571102931,False,98
8634,0.01202756500298058,False,98
8635,0.011275741069192343,False,98
8636,0.011099606651840621,False,98
8637,0.010533993474509666,False,98
8638,0.010678349808393795,False,98
8639,0.006863431044734865,False,98
8640,0.008224981545199534,False,98
8641,0.014046127154309982,False,98
8642,0.012188091402894721,False,98
8643,0.018474836741737517,False,98
8644,0.013892170795832959,False,98
8645,0.010784821201983166,False,98
8646,0.012481441080113367,False,98
8647,0.014754737395418736,False,98
8648,0.01472304006747191,False,98
8649,0.01233327848642224,False,98
8650,0.01762383977987549,False,98
8651,0.008142005708295858,False,98
8652,0.009126176067790112,False,98
8653,0.02586152448534368,False,98
8654,0.020263663009250296,False,98
8655,0.02594191756526251,False,98
8656,0.02541869108751697,False,98
8657,0.021644106467427354,False,98
8658,0.04288656718530005,False,98
8659,0.04547495413198865,False,98
8660,0.05719485008816615,False,98
8661,0.09428359129680446,False,98
8662,0.12319896915439982,False,98
8663,0.16045150303084568,False,98
8664,0.23172611009677024,False,98
8665,0.46083600368675104,True,98
8666,0.45104136926965593,True,98
8667,0.7513737113751867,True,98
8668,0.7296526461939489,True,98
8669,1.0246588253792248,True,98
8670,1.2614575298619783,True,98
8671,1.5311674977191942,True,98
8672,1.7130335241804813,True,98
8673,1.9539156518665237,True,98
8674,2.334419462625558,True,98
8675,1.933319463306911,True,98
8676,2.3764714808831564,True,98
8677,2.780157174927806,True,98
8678,2.1878779251752936,True,98
8679,2.4816763001574293,True,98
8680,2.3369748392710368,True,98
8681,2.4218398483094985,True,98
8682,2.353757549726201,True,98
8683,2.392263438142925,True,98
8684,2.4422093672043443,True,98
8685,2.556633059779024,True,98
8686,2.6168448397279365,True,98
8687,2.5914876428201192,True,98
8688,2.5993269707487694,True,98
8689,2.580548559121255,True,98
8690,2.665672050706798,True,98
8691,2.688671794471794,True,98
8692,2.7944288062691287,True,98
8693,2.7670230917387877,True,98
8694,2.6782448906374117,True,98
8695,2.935524033974418,True,98
8696,2.819785989183404,True,98
8697,3.167274422715477,True,98
8698,2.9407140757250105,True,98
8699,3.312547527712225,True,98
8700,2.9436739531710354,True,98
8701,3.4171952577895586,True,98
8702,3.101043585977834,True,98
8703,3.401140814446085,True,98
8704,3.03112007298897,True,98
8705,3.3501528544967285,True,98
8706,2.8297187256650904,True,98
8707,3.261340047765103,True,98
8708,3.1297184050864093,True,98
8709,3.514534223465062,True,98
8710,3.484935112292077,True,98
8711,3.4540448507606665,True,98
8712,3.997998134207628,True,98
8713,3.5756121826804272,True,98
8714,4.5422075292897945,True,98
8715,3.4933506332424247,True,98
8716,3.5390412280864876,True,98
8717,3.6985671392078383,True,98
8718,3.6007378699561796,True,98
8719,3.598051683343952,True,98
8720,3.617582844322329,True,98
8721,3.4541802885717883,True,98
8722,3.702470361600186,True,98
8723,3.516138127733053,True,98
8724,3.514469543209491,True,98
8725,3.663443983557862,True,98
8726,3.5767783965292566,True,98
8727,3.6662388902656824,True,98
8728,3.622886891961405,True,98
8729,3.4492399358836803,True,98
8730,3.7128791010867075,True,98
8731,3.550786187562354,True,98
8732,3.4986352451877467,True,98
8733,3.6523614489643825,True,98
8734,3.5307666863929,True,98
8735,3.848251852869642,True,98
8736,3.68428480727664,True,98
8737,3.600786246325256,True,98
8738,3.7887156762523726,True,98
8739,3.6444581872988144,True,98
8740,4.074005611443432,True,98
8741,3.834782825217078,True,98
8742,3.7863414815283614,True,98
8743,4.019726509412344,True,98
8744,3.8230882574746294,True,98
8745,4.046875217361227,True,98
8746,3.9575137217222536,True,98
8747,3.717598756760946,True,98
8748,4.082008812160103,True,98
8749,3.8905052852409825,True,98
8750,3.849344637538974,True,98
8751,3.955263312833208,True,98
8752,3.746828831810172,True,98
8753,4.290946185976142,True,98
8754,3.98844901042317,True,98
8755,3.9519202105268474,True,98
8756,4.0561988201795804,True,98
8757,3.877944372709885,True,98
8758,4.1917874901181404,True,98
8759,4.137698638438909,True,98
8760,3.970985037504372,True,98
8761,3.4616081260938634,True,98
8762,3.4146246967251703,True,98
8763,2.3163217061799974,True,98
8764,2.1554241949914554,True,98
8765,1.5300934740418821,True,98
8766,1.516654815953756,True,98
8767,1.5655024440599496,True,98
8768,1.2348869557954807,True,98
8769,1.1346211762500509,True,98
8770,0.519946031697608,True,98
8771,0.5379112595312837,True,98
8772,0.6267517482935249,True,98
8773,0.6478229551908147,True,98
8774,0.7849853812989884,True,98
8775,0.7309114107323672,True,98
8776,0.5859914989199849,True,98
8777,0.6090855588370663,True,98
8778,0.4599305871593647,True,98
8779,0.5599134570940892,True,98
8780,0.36136026047857184,True,98
8781,0.4127373929857178,True,98
8782,0.4117301872706379,True,98
8783,0.4460321233179643,True,98
8784,0.6339476933644045,True,98
8785,0.587051336329124,True,98
8786,0.5442449265982674,True,98
8787,0.4633548216299164,True,98
8788,0.37267031063042355,True,98
8789,0.2939050321700934,True,98
8790,0.2199752877708233,False,98
8791,0.19840374936205002,False,98
8792,0.18999435730269135,False,98
8793,0.08249800196843038,False,98
8794,0.06978151709371949,False,98
8795,0.06449183580929194,False,98
8796,0.05333518867080389,False,98
8797,0.05526820376857905,False,98
8798,0.05327102824274657,False,98
8799,0.04962084036133139,False,98
8800,0.04605766851537095,False,98
8801,0.05375345801330961,False,98
8802,0.07196608233309229,False,98
8803,0.07999089341449704,False,98
8804,0.06438424865078503,False,98
8805,0.0680024655885656,False,98
8806,0.06236418791353928,False,98
8807,0.06936114922984124,False,98
8808,0.07968343818553995,False,98
8809,0.045594363721009785,False,98
8810,0.021675984419115706,False,98
8811,0.08005032208395689,False,98
8812,0.05574566919536107,False,98
8813,0.06988821620123642,False,98
8814,0.1379860793782741,False,98
8815,0.19098256944654882,False,98
8816,0.160842296080798,False,98
8817,0.2922656923549746,True,98
8818,0.11393468786847072,False,98
8819,0.13282470260473453,False,98
8820,0.11721473004446924,False,98
8821,0.08519354555017186,False,98
8822,0.04613940457202278,False,98
8823,0.04119903170767323,False,98
8824,0.03643555219733875,False,98
8825,0.030667690431315592,False,98
8826,0.024606618906514013,False,98
8827,0.03433745333240292,False,98
8828,0.017808998909869134,False,98
8829,0.01786866556293598,False,98
8830,0.01858224331735246,False,98
8831,0.014686535739811433,False,98
8832,0.009578832106756108,False,98
8833,0.007848696698853127,False,98
8834,0.006967555585468715,False,98
8835,0.00977936282765589,False,98
8836,0.00709601529789791,False,98
8837,0.016853772517678212,False,98
8838,0.0070124750569207734,False,98
8839,0.0046292658989853476,False,98
8840,0.005349660995508589,False,98
8841,0.005240354137264629,False,98
8842,0.013242018453605509,False,98
8843,0.006009955692941918,False,98
8844,0.006091058487806706,False,98
8845,0.00725866574892197,False,98
8846,0.0075488279410149605,False,98
8847,0.01743061535582012,False,98
8848,0.010533755924706937,False,98
8849,0.010459222544234932,False,98
8850,0.008832685972824047,False,98
8851,0.010552290810579706,False,98
8852,0.01639837278130794,False,98
8853,0.00941921333889699,False,98
8854,0.008139290582006912,False,98
8855,0.00822381501269449,False,98
8856,0.008894742452920816,False,98
8857,0.014067114939003452,False,98
8858,0.007622091756024553,False,98
8859,0.008904792712685957,False,98
8860,0.009257835199554,False,98
8861,0.009038716552903165,False,98
8862,0.016036441658084603,False,98
8863,0.008062589647741796,False,98
8864,0.00833290738808586,False,98
8865,0.007484017875136525,False,98
8866,0.009357218467704645,False,98
8867,0.014089871351523042,False,98
8868,0.00851995526164203,False,98
8869,0.010317034802714306,False,98
8870,0.01152047048789886,False,98
8871,0.01211391336310909,False,98
8872,0.018656249668394086,False,98
8873,0.011235058514317988,False,98
8874,0.01195088161773627,False,98
8875,0.009938806876252121,False,98
8876,0.010689154017285544,False,98
8877,0.01419744592422285,False,98
8878,0.008428278062843141,False,98
8879,0.008653263301856102,False,98
8880,0.008813044186734106,False,98
8881,0.009800761397360094,False,98
8882,0.016880542278841174,False,98
8883,0.010822331530767846,False,98
8884,0.01041261366696351,False,98
8885,0.010295996327585736,False,98
8886,0.011773668254808745,False,98
8887,0.017673858004020927,False,98
8888,0.012504201933485157,False,98
8889,0.010982340679486818,False,98
8890,0.01293327789211506,False,98
8891,0.012109526007409086,False,98
8892,0.019945776194023265,False,98
8893,0.014289147257140367,False,98
8894,0.012005021682595055,False,98
8895,0.012299137333344284,False,98
8896,0.012607011109381056,False,98
8897,0.019336122006438382,False,98
8898,0.013310302114972214,False,98
8899,0.010886339317851523,False,98
8900,0.012173118298508132,False,98
8901,0.011386189656122335,False,98
8902,0.016356764386211323,False,98
8903,0.012077286549448441,False,98
8904,0.011464015016174162,False,98
8905,0.012325820110383825,False,98
8906,0.013254539060806904,False,98
8907,0.015111202769961784,False,98
8908,0.014961987498616445,False,98
8909,0.013738162091650677,False,98
8910,0.014167328128165534,False,98
8911,0.015516345133274516,False,98
8912,0.020327803006902206,False,98
8913,0.027244739131075023,False,98
8914,0.03131424336913665,False,98
8915,0.036188392893322936,False,98
8916,0.04094140534886127,False,98
8917,0.04655009770187248,False,98
8918,0.043292981534155825,False,98
8919,0.04650241406954916,False,98
8920,0.049752145148269554,False,98
8921,0.04522350643028059,False,98
8922,0.038720847918876054,False,98
8923,0.03368638367814164,False,98
8924,0.033484630643689006,False,98
8925,0.03430516220091565,False,98
8926,0.0377343688576193,False,98
8927,0.030792698288151055,False,98
8928,0.029387390488053545,False,98
8929,0.02948373376586477,False,98
8930,0.031867996886125065,False,98
8931,0.036397960248101276,False,98
8932,0.032429256309792355,False,98
8933,0.029836056619265364,False,98
8934,0.030809829712760927,False,98
8935,0.030718881518127843,False,98
8936,0.04010612954614674,False,98
8937,0.03157930606821984,False,98
8938,0.028623841167092313,False,98
8939,0.025768337589104608,False,98
8940,0.0272980636879787,False,98
8941,0.03189096929244191,False,98
8942,0.024747221228454932,False,98
8943,0.021132396199796656,False,98
8944,0.022317378925949743,False,98
8945,0.022045263186680743,False,98
8946,0.03139438258628978,False,98
8947,0.0229819732172525,False,98
8948,0.01940913249939719,False,98
8949,0.019293098572593544,False,98
8950,0.01980467828753885,False,98
8951,0.026636017089347538,False,98
8952,0.019583875847026238,False,98
8953,0.016930146285842763,False,98
8954,0.018210543085170894,False,98
8955,0.018867901672792613,False,98
8956,0.027715077034647657,False,98
8957,0.018997956875415112,False,98
8958,0.017781518203994588,False,98
8959,0.019234512994111615,False,98
8960,0.02194246784237391,False,98
8961,0.02842328247494219,False,98
8962,0.02468949796171848,False,98
8963,0.03076450236013197,False,98
8964,0.028516685274548977,False,98
8965,0.03691032189024901,False,98
8966,0.04852339047716022,False,98
8967,0.03460777940967784,False,98
8968,0.024265305763225938,False,98
8969,0.012940491952252497,False,98
8970,0.004845285102175217,False,98
8971,0.005549008957208312,False,98
8972,0.007236322352418821,False,98
8973,0.021941260519596113,False,98
8974,0.006046869629058091,False,98
8975,0.006002860867827769,False,98
8976,0.007143495421886728,False,98
8977,0.009351919174151202,False,98
8978,0.019700622533382957,False,98
8979,0.006904279211433457,False,98
8980,0.00951096228956184,False,98
8981,0.009459713618761748,False,98
8982,0.010888958984861558,False,98
8983,0.018004828067656187,False,98
8984,0.007315573767164126,False,98
8985,0.008857535767057396,False,98
8986,0.008095699313645621,False,98
8987,0.0090931914685523,False,98
8988,0.01791544731080142,False,98
8989,0.00846167801344062,False,98
8990,0.00794770386285651,False,98
8991,0.008399044610387034,False,98
8992,0.008024671849805988,False,98
8993,0.01926532467975746,False,98
8994,0.010149496491091179,False,98
8995,0.006985955707180686,False,98
8996,0.008928274434712799,False,98
8997,0.007695194098132577,False,98
8998,0.02369521421633524,False,98
8999,0.02585981419709814,False,98
9000,0.013158975380768396,False,98
9001,0.016408884647359002,False,98
9002,0.019863477268055985,False,98
9003,0.02263196452778204,False,98
9004,0.014328371053808407,False,98
9005,0.009785469386489729,False,98
9006,0.009731644130718007,False,98
9007,0.011448087239776566,False,98
9008,0.011479441381943812,False,98
9009,0.009642324329610938,False,98
9010,0.014058267064717338,False,98
9011,0.012130899826798894,False,98
9012,0.018155973035158434,False,98
9013,0.023179104083511776,False,98
9014,0.02657622962688346,False,98
9015,0.027410627030880364,False,98
9016,0.03183809039587968,False,98
9017,0.03880165923379275,False,98
9018,0.039800195165526915,False,98
9019,0.034985192732278556,False,98
9020,0.037591442032974785,False,98
9021,0.029421706204431856,False,98
9022,0.030092914629245106,False,98
9023,0.0303400260891567,False,98
9024,0.04064925612440476,False,98
9025,0.02837692302255188,False,98
9026,0.02302953348461772,False,98
9027,0.02732886373266553,False,98
9028,0.029153332845852694,False,98
9029,0.028778005373317667,False,98
9030,0.026889886030352084,False,98
9031,0.02336433929545392,False,98
9032,0.0230420120399519,False,98
9033,0.02088182218058778,False,98
9034,0.026520222344475285,False,98
9035,0.019433158423375434,False,98
9036,0.01871789930329162,False,98
9037,0.016677471937229724,False,98
9038,0.019461953410430225,False,98
9039,0.025151210919503696,False,98
9040,0.01935052903760573,False,98
9041,0.01866435061694753,False,98
9042,0.048073835542736136,False,98
9043,0.06428504243031201,False,98
9044,0.03832864632270155,False,98
9045,0.026325185810410007,False,98
9046,0.023301909024955117,False,98
9047,0.033119758506789485,False,98
9048,0.054429262570745894,False,98
9049,0.036494426183288076,False,98
9050,0.014144390005578877,False,98
9051,0.014167719196388573,False,98
9052,0.014703694889146255,False,98
9053,0.012874904284565909,False,98
9054,0.011801643573295722,False,98
9055,0.011106766363607868,False,98
9056,0.012841306446822196,False,98
9057,0.018056625652879358,False,98
9058,0.011522621854984424,False,98
9059,0.011082213535477723,False,98
9060,0.010964324827127956,False,98
9061,0.01514188975621838,False,98
9062,0.020319830155031186,False,98
9063,0.011781539126706913,False,98
9064,0.010428941074257257,False,98
9065,0.009673058087176724,False,98
9066,0.01156583182029584,False,98
9067,0.018152567061450874,False,98
9068,0.009054965745746853,False,98
9069,0.007506052461119775,False,98
9070,0.007526757636528163,False,98
9071,0.009103441995657149,False,98
9072,0.01762507677806414,False,98
9073,0.008435334866350572,False,98
9074,0.0075594824399201985,False,98
9075,0.008480094972302923,False,98
9076,0.009678017133971695,False,98
9077,0.01813145916594335,False,98
9078,0.008695176930078766,False,98
9079,0.01048381600434934,False,98
9080,0.010177677942365777,False,98
9081,0.012864810574594251,False,98
9082,0.017493151823263702,False,98
9083,0.009605146770791741,False,98
9084,0.01257395669391996,False,98
9085,0.012474077350434369,False,98
9086,0.015065935709994257,False,98
9087,0.020249107922741632,False,98
9088,0.012134941820762435,False,98
9089,0.015424259772723372,False,98
9090,0.01510449674052601,False,98
9091,0.017412958292906493,False,98
9092,0.02099909657020221,False,98
9093,0.013337710826370119,False,98
9094,0.02413781370331252,False,98
9095,0.019144147874877455,False,98
9096,0.03737854825932865,False,98
9097,0.06678203625408641,False,98
9098,0.07300875932430217,False,98
9099,0.07263064078937093,False,98
9100,0.03970697624962727,False,98
9101,0.03833395514512412,False,98
9102,0.06430083070388748,False,98
9103,0.07132377310639748,False,98
9104,0.056892721602681336,False,98
9105,0.018069207670308656,False,98
9106,0.016059472630408272,False,98
9107,0.020724278223324986,False,98
9108,0.017206608987993154,False,98
9109,0.017584593248778844,False,98
9110,0.013268331876611833,False,98
9111,0.29004818495930496,True,99
9112,0.29319452359805587,True,99
9113,0.12589086233033786,False,99
9114,0.1294558531701864,False,99
9115,0.12998971638586335,False,99
9116,0.1223143390122656,False,99
9117,0.10871309705372739,False,99
9118,0.14240321099191539,False,99
9119,0.10737333417085534,False,99
9120,0.08232691000543431,False,99
9121,0.08214846481929737,False,99
9122,0.06350089815576554,False,99
9123,0.058224082951964906,False,99
9124,0.029787274389756504,False,99
9125,0.028479789462023664,False,99
9126,0.03646889358049718,False,99
9127,0.03516692174704214,False,99
9128,0.027226569624335287,False,99
9129,0.024562540188644278,False,99
9130,0.02085204084767526,False,99
9131,0.017940909197607668,False,99
9132,0.01677163506500904,False,99
9133,0.01808734576526355,False,99
9134,0.01883153780245241,False,99
9135,0.013923338641917467,False,99
9136,0.013279404203546535,False,99
9137,0.011638581179343457,False,99
9138,0.009624588175263704,False,99
9139,0.00888574441597835,False,99
9140,0.009448336076053079,False,99
9141,0.010341356707047063,False,99
9142,0.010865302915860539,False,99
9143,0.01117223179102266,False,99
9144,0.010720601822120895,False,99
9145,0.010961380680717989,False,99
9146,0.013035222387558092,False,99
9147,0.016739477696943506,False,99
9148,0.021470211317341163,False,99
9149,0.027460659307723956,False,99
9150,0.03439801165998463,False,99
9151,0.03938835183858988,False,99
9152,0.04776880026805542,False,99
9153,0.040171621633229106,False,99
9154,0.046160195678169084,False,99
9155,0.04164889861829135,False,99
9156,0.04273406439995516,False,99
9157,0.03741389368817776,False,99
9158,0.03229276366821166,False,99
9159,0.025494369608047653,False,99
9160,0.018580605425329487,False,99
9161,0.017380420664936988,False,99
9162,0.017517161782162467,False,99
9163,0.019798891606684146,False,99
9164,0.02250513612785647,False,99
9165,0.028124091058597374,False,99
9166,0.032395290798763146,False,99
9167,0.04001034721518282,False,99
9168,0.04324907416932737,False,99
9169,0.04748117420516974,False,99
9170,0.048796026248547016,False,99
9171,0.07735032681393367,False,99
9172,0.10900346768080224,False,99
9173,0.0837033332248185,False,99
9174,0.07614090071293617,False,99
9175,0.06926839240506777,False,99
9176,0.06254440584171493,False,99
9177,0.055067478468717936,False,99
9178,0.05019762266014673,False,99
9179,0.0605543099740239,False,99
9180,0.08440090423525438,False,99
9181,0.10994797160560695,False,99
9182,0.0646492578807528,False,99
9183,0.049058908331984515,False,99
9184,0.04116654966901018,False,99
9185,0.03185627618248391,False,99
9186,0.02584454383994541,False,99
9187,0.028728427647823653,False,99
9188,0.036133683021894854,False,99
9189,0.042918894585738915,False,99
9190,0.04271396552193319,False,99
9191,0.0635562943045312,False,99
9192,0.076410991836238,False,99
9193,0.07796059317259382,False,99
9194,0.07531579187974514,False,99
9195,0.06947058786338922,False,99
9196,0.061365567889088826,False,99
9197,0.057207967257252614,False,99
9198,0.05993343096147391,False,99
9199,0.06495499738579583,False,99
9200,0.0687924059184252,False,99
9201,0.05758184489339548,False,99
9202,0.047811037700065805,False,99
9203,0.03566135120310272,False,99
9204,0.027204629462425987,False,99
9205,0.025622024527209058,False,99
9206,0.026259945028498863,False,99
9207,0.030126167120330775,False,99
9208,0.033905090703009205,False,99
9209,0.03408897730807661,False,99
9210,0.08315861830530158,False,99
9211,0.2535616789620934,False,99
9212,0.32976689106793566,True,99
9213,0.39322822265466034,True,99
9214,0.5109101545646403,True,99
9215,0.6868181502349237,True,99
9216,0.7882049258268224,True,99
9217,0.8715956636156473,True,99
9218,0.9325598252789783,True,99
9219,1.000368600808405,True,99
9220,1.366994832803157,True,99
9221,1.5246132076390118,True,99
9222,1.5356284782516463,True,99
9223,1.4546283094174448,True,99
9224,1.3509726259187793,True,99
9225,1.238550128989477,True,99
9226,1.2080401768493947,True,99
9227,1.164640620742705,True,99
9228,1.1319839109543468,True,99
9229,1.0827162829959978,True,99
9230,1.0631981676277922,True,99
9231,0.9240095765682261,True,99
9232,1.058508510826176,True,99
9233,0.8260105596283296,True,99
9234,0.718082573419523,True,99
9235,0.6576249418519352,True,99
9236,0.5313779721235189,True,99
9237,0.43292865434396105,True,99
9238,0.40984949415676414,True,99
9239,0.40919541318118696,True,99
9240,0.31144769790864096,True,99
9241,0.3040811433364666,True,99
9242,0.29505380743017867,True,99
9243,0.19114124177463487,False,99
9244,0.1808166330263757,False,99
9245,0.20199918181995752,False,99
9246,0.22582030694271957,False,99
9247,0.2162442502954588,False,99
9248,0.13535529234184862,False,99
9249,0.12780494562464584,False,99
9250,0.06660699133894517,False,99
9251,0.045647778651512434,False,99
9252,0.04297598073477989,False,99
9253,0.04033587081552603,False,99
9254,0.042128590186475606,False,99
9255,0.04647449853595379,False,99
9256,0.04697555394345328,False,99
9257,0.0685101917638905,False,99
9258,0.06221698059101323,False,99
9259,0.03563939492295409,False,99
9260,0.03016257888569253,False,99
9261,0.03500213278668967,False,99
9262,0.04203038115887893,False,99
9263,0.046149322429757784,False,99
9264,0.04986851473888994,False,99
9265,0.053660279491969935,False,99
9266,0.05772573576480874,False,99
9267,0.06810867479192219,False,99
9268,0.05725994868158313,False,99
9269,0.04224090670014781,False,99
9270,0.036932702009931796,False,99
9271,0.034149583787291334,False,99
9272,0.02514466035551153,False,99
9273,0.021537674179306313,False,99
9274,0.023107859223722143,False,99
9275,0.026150210062947002,False,99
9276,0.026191773429286205,False,99
9277,0.025967894324187384,False,99
9278,0.0240558657544978,False,99
9279,0.024534590637651173,False,99
9280,0.026430666982100143,False,99
9281,0.027965342340942688,False,99
9282,0.016017389201859817,False,99
9283,0.010031192259440805,False,99
9284,0.009934022616549939,False,99
9285,0.012742686885292615,False,99
9286,0.015138992125180122,False,99
9287,0.017001875368796035,False,99
9288,0.016245001287613026,False,99
9289,0.016362325151359013,False,99
9290,0.01733809343423282,False,99
9291,0.018018607338500164,False,99
9292,0.017970767981566164,False,99
9293,0.01693125385545489,False,99
9294,0.01702684143700083,False,99
9295,0.018517828094655835,False,99
9296,0.02213671903331985,False,99
9297,0.02325820554398641,False,99
9298,0.040766636481312186,False,99
9299,0.03412571330547147,False,99
9300,0.027918345995292818,False,99
9301,0.02301607285391855,False,99
9302,0.02115375221402228,False,99
9303,0.018209436437187327,False,99
9304,0.015293030378137442,False,99
9305,0.01585822726656677,False,99
9306,0.01677310421475577,False,99
9307,0.020653737589352593,False,99
9308,0.01904879310313732,False,99
9309,0.012436873210052329,False,99
9310,0.009696642230299412,False,99
9311,0.059419556818124,False,99
9312,0.05663041309110079,False,99
9313,0.05458792145604905,False,99
9314,0.05638016445914049,False,99
9315,0.0567119363241739,False,99
9316,0.053379897244242636,False,99
9317,0.04814963749442275,False,99
9318,0.04460349687022712,False,99
9319,0.04015984123012021,False,99
9320,0.02908705419519082,False,99
9321,0.0390311230486821,False,99
9322,0.02595997711203112,False,99
9323,0.018738012112524096,False,99
9324,0.012738769496086735,False,99
9325,0.008384315094959136,False,99
9326,0.00659247580987625,False,99
9327,0.007385397820712315,False,99
9328,0.007424147691619943,False,99
9329,0.006926473987969203,False,99
9330,0.007136358850434808,False,99
9331,0.007136133132351975,False,99
9332,0.007730779750044532,False,99
9333,0.0090264498524777,False,99
9334,0.010215530258287104,False,99
9335,0.010757893243156014,False,99
9336,0.010504719281359669,False,99
9337,0.009360054695381348,False,99
9338,0.009139316532066694,False,99
9339,0.007993633675694842,False,99
9340,0.006716498099049777,False,99
9341,0.007284791475147438,False,99
9342,0.024555601640972646,False,99
9343,0.01764362124205043,False,99
9344,0.020306063239426585,False,99
9345,0.020663198664100088,False,99
9346,0.018012027040889635,False,99
9347,0.015915629577727353,False,99
9348,0.014208699112908023,False,99
9349,0.016398205807436568,False,99
9350,0.02235204378447663,False,99
9351,0.02541369207001774,False,99
9352,0.03795415937656953,False,99
9353,0.019383641346494743,False,99
9354,0.013661652486916134,False,99
9355,0.015300782009181587,False,99
9356,0.03333311428202705,False,99
9357,0.02835037895961851,False,99
9358,0.02664483794676842,False,99
9359,0.024122036602758853,False,99
9360,0.021885257048516727,False,99
9361,0.07844073366074361,False,99
9362,0.10755027793860565,False,99
9363,0.2907677110807322,True,99
9364,0.2795626967226178,True,99
9365,0.2603665362770288,False,99
9366,0.20197951392109417,False,99
9367,0.1785412907247029,False,99
9368,0.12156604453384878,False,99
9369,0.08112630977375787,False,99
9370,0.05721645561012593,False,99
9371,0.05693645845518263,False,99
9372,0.1336391778876867,False,99
9373,0.05369070267378484,False,99
9374,0.045736819893518,False,99
9375,0.03905460475270154,False,99
9376,0.055576818917429514,False,99
9377,0.06296520458646983,False,99
9378,0.041248124361187986,False,99
9379,0.026394817746084025,False,99
9380,0.03945457975791318,False,99
9381,0.04025495987928338,False,99
9382,0.027059671706069165,False,99
9383,0.023459413105073487,False,99
9384,0.022509463528903893,False,99
9385,0.014657644329161432,False,99
9386,0.010749981480842741,False,99
9387,0.009614599260978874,False,99
9388,0.010791720686076967,False,99
9389,0.004664086217033729,False,99
9390,0.0029892396555956306,False,99
9391,0.002764318865796522,False,99
9392,0.0028246576382849,False,99
9393,0.00292797114120228,False,99
9394,0.002983960747210816,False,99
9395,0.002993963501064378,False,99
9396,0.0030670814481314566,False,99
9397,0.0030350683448357105,False,99
9398,0.002714309795766618,False,99
9399,0.0022068056615240678,False,99
9400,0.0017864747845751138,False,99
9401,0.001809932904448448,False,99
9402,0.001738598997808621,False,99
9403,0.0017974048935062528,False,99
9404,0.002054108814071513,False,99
9405,0.002217919874778525,False,99
9406,0.0024321190568498013,False,99
9407,0.00260608985225417,False,99
9408,0.00275922750927432,False,99
9409,0.0028248765960555205,False,99
9410,0.0027756277010839874,False,99
9411,0.0028847844788816666,False,99
9412,0.0029642633261056325,False,99
9413,0.0030738243839820473,False,99
9414,0.0029525375598363005,False,99
9415,0.0029773336133265727,False,99
9416,0.003111382567001653,False,99
9417,0.0031090771284533443,False,99
9418,0.0029975469850471344,False,99
9419,0.0028958469177555414,False,99
9420,0.003089803178945526,False,99
9421,0.003089929675250798,False,99
9422,0.0028969377042615606,False,99
9423,0.002369927925556696,False,99
9424,0.0021501310709521413,False,99
9425,0.002031852061642595,False,99
9426,0.0020170341458728065,False,99
9427,0.0022215211497649528,False,99
9428,0.0025537720992422574,False,99
9429,0.0029771387408717965,False,99
9430,0.00331487763873056,False,99
9431,0.0034825575935902783,False,99
9432,0.0034635568375172756,False,99
9433,0.0032600832579515195,False,99
9434,0.003134491053857249,False,99
9435,0.0031734114827833755,False,99
9436,0.003410294313421757,False,99
9437,0.003594349187535368,False,99
9438,0.003701909645066153,False,99
9439,0.0036763553492822915,False,99
9440,0.003817988408811949,False,99
9441,0.0038000721443289887,False,99
9442,0.0035825690269736562,False,99
9443,0.0033368557988424337,False,99
9444,0.00308755091495694,False,99
9445,0.0031748487087864216,False,99
9446,0.003518221113386129,False,99
9447,0.004073068423973976,False,99
9448,0.004504866468890801,False,99
9449,0.0048609104119216465,False,99
9450,0.00496063061885475,False,99
9451,0.004575189697038682,False,99
9452,0.003890313748596222,False,99
9453,0.0030779686853334774,False,99
9454,0.0025122934118128257,False,99
9455,0.00226071110107205,False,99
9456,0.002414420296575743,False,99
9457,0.0027030129258297578,False,99
9458,0.002974788078878627,False,99
9459,0.0030751675832052113,False,99
9460,0.003485810259119687,False,99
9461,0.003539857480828801,False,99
9462,0.003333120073268188,False,99
9463,0.0030449845734043766,False,99
9464,0.002721985424853118,False,99
9465,0.0024349712431501183,False,99
9466,0.0023793276325432514,False,99
9467,0.0025247624000247137,False,99
9468,0.0027162784627681943,False,99
9469,0.0029605423247912295,False,99
9470,0.0033330223141123543,False,99
9471,0.003997669430401271,False,99
9472,0.00452952973098995,False,99
9473,0.004421340368132544,False,99
9474,0.004163649179659752,False,99
9475,0.0038153185816530645,False,99
9476,0.003350674135503154,False,99
9477,0.0028954537514884076,False,99
9478,0.0026179650440627186,False,99
9479,0.0025613247828468536,False,99
9480,0.0032915718515387636,False,99
9481,0.003528981015892628,False,99
9482,0.003726409508940147,False,99
9483,0.003628610956139552,False,99
9484,0.0033263466475817356,False,99
9485,0.00295357582641063,False,99
9486,0.018570157728468966,False,99
9487,0.02358604416524102,False,99
9488,0.026012656358075766,False,99
9489,0.024913134108041024,False,99
9490,0.023257954708103698,False,99
9491,0.025715466955702076,False,99
9492,0.030619498308321967,False,99
9493,0.034652168424389354,False,99
9494,0.039524592660964204,False,99
9495,0.017116638456709687,False,99
9496,0.016909822824700937,False,99
9497,0.017244724147693475,False,99
9498,0.017308445804113035,False,99
9499,0.017873406559743114,False,99
9500,0.01841370756783438,False,99
9501,0.01898094503305659,False,99
9502,0.017976194763397336,False,99
9503,0.017804422909698886,False,99
9504,0.018209218458154118,False,99
9505,0.01897809915377763,False,99
9506,0.01961530212375276,False,99
9507,0.020171364851027523,False,99
9508,0.019390356660448978,False,99
9509,0.01804419104545923,False,99
9510,0.01676748053859479,False,99
9511,0.022668689590581357,False,99
9512,0.030729723389110168,False,99
9513,0.04108261506976679,False,99
9514,0.04574065161800693,False,99
9515,0.045714436767536955,False,99
9516,0.05012825707408801,False,99
9517,0.05085747344175076,False,99
9518,0.04802329830762764,False,99
9519,0.04179438912641412,False,99
9520,0.027206351321240378,False,99
9521,0.026504361407545925,False,99
9522,0.03975588869891723,False,99
9523,0.02171567244363273,False,99
9524,0.014824394595473717,False,99
9525,0.01156260094970407,False,99
9526,0.009331497188362006,False,99
9527,0.007643799956185693,False,99
9528,0.006887237254365616,False,99
9529,0.0066143837515788804,False,99
9530,0.006404458976404704,False,99
9531,0.005775560942358354,False,99
9532,0.005467094155101931,False,99
9533,0.0054094240154407384,False,99
9534,0.005637697228869311,False,99
9535,0.00578103669592061,False,99
9536,0.005342352032307702,False,99
9537,0.005000865299225234,False,99
9538,0.005022835835454907,False,99
9539,0.005160971661775204,False,99
9540,0.005255275228539672,False,99
9541,0.005278564685327031,False,99
9542,0.00545389033470707,False,99
9543,0.005680927250228501,False,99
9544,0.005629062380302465,False,99
9545,0.005393054444353933,False,99
9546,0.005516573427098692,False,99
9547,0.005932548597000929,False,99
9548,0.0062894259763888625,False,99
9549,0.00619678938927344,False,99
9550,0.006075073271108892,False,99
9551,0.0062242758069872145,False,99
9552,0.006101890443122128,False,99
9553,0.005787818241765666,False,99
9554,0.0055163275786828106,False,99
9555,0.005430135268655004,False,99
9556,0.005487571631783516,False,99
9557,0.005547261440995643,False,99
9558,0.005439430860648462,False,99
9559,0.0053925785410327805,False,99
9560,0.0050847444487165,False,99
9561,0.016240474268923555,False,99
9562,0.01695375168495918,False,99
9563,0.014653276880171307,False,99
9564,0.013494895686923785,False,99
9565,0.013723317606891532,False,99
9566,0.014897407357020654,False,99
9567,0.015900055012370563,False,99
9568,0.014291494803608355,False,99
9569,0.009862292049585305,False,99
9570,0.0036852406908230947,False,99
9571,0.0036748571417974385,False,99
9572,0.0036903969014832226,False,99
9573,0.0036600841317916345,False,99
9574,0.0037357070065561788,False,99
9575,0.00381787552288283,False,99
9576,0.0038527969933299213,False,99
9577,0.0039372885673568635,False,99
9578,0.003978721036269559,False,99
9579,0.00395537612677852,False,99
9580,0.003859996285584095,False,99
9581,0.0038008577333713336,False,99
9582,0.0038416296443685057,False,99
9583,0.003912310666473619,False,99
9584,0.003864753067109483,False,99
9585,0.003864632924519104,False,99
9586,0.00401664708694951,False,99
9587,0.004305840065093187,False,99
9588,0.004551603038778234,False,99
9589,0.004619713302945513,False,99
9590,0.00447886789529455,False,99
9591,0.004059141666544749,False,99
9592,0.0037308767397897093,False,99
9593,0.0035118659327488867,False,99
9594,0.003599206405237484,False,99
9595,0.0038581683030410193,False,99
9596,0.00404758090575263,False,99
9597,0.0040974372039911085,False,99
9598,0.004069172409753552,False,99
9599,0.003920438600658026,False,99
9600,0.0038963860467255054,False,99
9601,0.004148016099312372,False,99
9602,0.004560135280508475,False,99
9603,0.005072508137050358,False,99
9604,0.005255220230998,False,99
9605,0.005438201656993182,False,99
9606,0.005265544676660675,False,99
9607,0.005394879140137217,False,99
9608,0.00562372411947977,False,99
9609,0.005921142966845653,False,99
9610,0.1992045019150296,False,99
9611,0.4949375331977327,True,99
9612,1.0865687809543552,True,99
9613,1.4606748446370108,True,99
9614,1.747597529500918,True,99
9615,1.8242123161336972,True,99
9616,1.883141002885481,True,99
9617,1.8558797055734706,True,99
9618,2.0036675694315584,True,99
9619,2.1865738880836076,True,99
9620,2.272920769417982,True,99
9621,2.34648934773129,True,99
9622,2.8947664584405444,True,99
9623,3.2603525259549526,True,99
9624,3.32652454467865,True,99
9625,3.1722761655255396,True,99
9626,2.498593705939322,True,99
9627,2.3892848826089614,True,99
9628,5.9795679665569015,True,99
9629,6.592348337122595,True,99
9630,8.065728977703797,True,99
9631,11.85193492823582,True,99
9632,10.824052652581841,True,99
9633,9.646954298383616,True,99
9634,8.060711622762678,True,99
9635,5.604778620448746,True,99
9636,3.9408319807007435,True,99
9637,2.134666830849658,True,99
9638,1.9814968967053777,True,99
9639,2.0577262620880976,True,99
9640,2.006996129225893,True,99
9641,1.9940406151994365,True,99
9642,2.0481295981399237,True,99
9643,2.024752526879181,True,99
9644,2.2610161492414393,True,99
9645,2.01146205708385,True,99
9646,2.058535163686985,True,99
9647,2.128816563580637,True,99
9648,2.064435417832423,True,99
9649,2.2779791004654815,True,99
9650,2.0293614763059473,True,99
9651,2.090729312482312,True,99
9652,2.2090719824300273,True,99
9653,2.2309172459874884,True,99
9654,2.254412042850501,True,99
9655,2.060580479802875,True,99
9656,1.9601319172309424,True,99
9657,2.275122387519147,True,99
9658,2.143072127555411,True,99
9659,2.663566119314357,True,99
9660,2.354414941499204,True,99
9661,2.3456650893401916,True,99
9662,2.0396898421743273,True,99
9663,2.0090712321708972,True,99
9664,2.1421091951651072,True,99
9665,1.5804384951536703,True,99
9666,1.0719986072374244,True,99
9667,0.7304844474171565,True,99
9668,0.47750062694978807,True,99
9669,0.33934815445955385,True,99
9670,0.028170349771488017,False,99
9671,0.02816594195887621,False,99
9672,0.049360879308783114,False,99
9673,0.02079954677820905,False,99
9674,0.02359011723900755,False,99
9675,0.02498447784562619,False,99
9676,0.0218149540619731,False,99
9677,0.056200054849971814,False,99
9678,0.022568210960398703,False,99
9679,0.0268339513724209,False,99
9680,0.02646814342750456,False,99
9681,0.023287666184009893,False,99
9682,0.05516013799922183,False,99
9683,0.024196377446019424,False,99
9684,0.027652863102735174,False,99
9685,0.030006295340568975,False,99
9686,0.02747615696459377,False,99
9687,0.06056518472801222,False,99
9688,0.025819893392365015,False,99
9689,0.02724153344216108,False,99
9690,0.026673724741878103,False,99
9691,0.024723553008073263,False,99
9692,0.05440906203152615,False,99
9693,0.02223617742817187,False,99
9694,0.01750964489354878,False,99
9695,0.02234388018640003,False,99
9696,0.019628871100604784,False,99
9697,0.04529502222365227,False,99
9698,0.01841477965544304,False,99
9699,0.01139836997814389,False,99
9700,0.020683997553719052,False,99
9701,0.017676757363745566,False,99
9702,0.08547813150499883,False,99
9703,0.07549526981404586,False,99
9704,0.06482757525878617,False,99
9705,0.09774824318269325,False,99
9706,0.22522223614284465,False,99
9707,0.18327874681024545,False,99
9708,0.20252205102267204,False,99
9709,0.22841017137973657,False,99
9710,0.055001513016702565,False,99
9711,0.026023650602272574,False,99
9712,0.019669004972341406,False,99
9713,0.02379548775257434,False,99
9714,0.015449108705861794,False,99
9715,0.022002599355734915,False,99
9716,0.016155969635286566,False,99
9717,0.06739136940707566,False,99
9718,0.02173205408992478,False,99
9719,0.019191469755561425,False,99
9720,0.02050658690099548,False,99
9721,0.01549814212763563,False,99
9722,0.06028237552643714,False,99
9723,0.022197070206500545,False,99
9724,0.01898392570153216,False,99
9725,0.02059310352085053,False,99
9726,0.017876672190979794,False,99
9727,0.06766270029211152,False,99
9728,0.022540655303827258,False,99
9729,0.018287101085327283,False,99
9730,0.018422046477564888,False,99
9731,0.019325726907754713,False,99
9732,0.06343242725861391,False,99
9733,0.026411502628882165,False,99
9734,0.021442704224045237,False,99
9735,0.019234037566461977,False,99
9736,0.02124756762478114,False,99
9737,0.06506625964444702,False,99
9738,0.023656754865526486,False,99
9739,0.018194842499564053,False,99
9740,0.020480651358301776,False,99
9741,0.03119941447769415,False,99
9742,0.07323091581309933,False,99
9743,0.02780621122862413,False,99
9744,0.021929580298728445,False,99
9745,0.020504300635706442,False,99
9746,0.028571437445417746,False,99
9747,0.06705104998330899,False,99
9748,0.028602140986475216,False,99
9749,0.024227035433123545,False,99
9750,0.021875263282681245,False,99
9751,0.047672156841894714,False,99
9752,0.07163171660739859,False,99
9753,0.02872599344047816,False,99
9754,0.02798677447609713,False,99
9755,0.02073102551012837,False,99
9756,0.06668954304184832,False,99
9757,0.07322745722925149,False,99
9758,0.02730801601919056,False,99
9759,0.03520456278623504,False,99
9760,0.023323349672844947,False,99
9761,0.05015165625814219,False,99
9762,0.07810512582687637,False,99
9763,0.04812277001799464,False,99
9764,0.12730336320211486,False,99
9765,0.2006760661444792,False,99
9766,0.38126336357170754,True,99
9767,0.16835974911061444,False,99
9768,0.20343880365885525,False,99
9769,0.16583695842225643,False,99
9770,0.20349759828945263,False,99
9771,0.1888370897741795,False,99
9772,0.22423695401783478,False,99
9773,0.21461308818900615,False,99
9774,0.2191673202195609,False,99
9775,0.2463638072104414,False,99
9776,0.25788705789020644,False,99
9777,0.2519128381257691,False,99
9778,0.2311507391539933,False,99
9779,0.21151477290053486,False,99
9780,0.21470053832102462,False,99
9781,0.21400403892086578,False,99
9782,0.23121520643866092,False,99
9783,0.23423352248032897,False,99
9784,0.2939479882293286,True,99
9785,0.04397917488659537,False,99
9786,0.18197168247140394,False,99
9787,0.14085485889319171,False,99
9788,0.05642673665322211,False,99
9789,0.22305402668787672,False,99
9790,0.05387747686181277,False,99
9791,0.18260843540110347,False,99
9792,0.1580469076042999,False,99
9793,0.1268445715447038,False,99
9794,0.24900516771275524,False,99
9795,0.17260214485180136,False,99
9796,0.27017457573995196,False,99
9797,0.23235651655795136,False,99
9798,0.06649634691442502,False,99
9799,0.11623145033573558,False,99
9800,0.0824275233010545,False,99
9801,0.0646592187206484,False,99
9802,0.16233826441798463,False,99
9803,0.04546739005749,False,99
9804,0.19491624865624493,False,99
9805,0.03842196789083794,False,99
9806,0.1457362125177017,False,99
9807,0.08711152910226122,False,99
9808,0.05458888742573639,False,99
9809,0.2338623815122951,False,99
9810,0.04390233097153165,False,99
9811,0.16617906511124295,False,99
9812,0.10550439294679206,False,99
9813,0.054204593835964356,False,99
9814,0.24582748677465355,False,99
9815,0.05667841529648024,False,99
9816,0.11410776380461136,False,99
9817,0.20015349819230172,False,99
9818,0.14506954110851356,False,99
9819,0.21792776677049047,False,99
9820,0.18182445790268262,False,99
9821,0.3218608015009142,True,99
9822,0.26768325426905193,False,99
9823,0.09202307720201199,False,99
9824,0.10332642153158542,False,99
9825,0.16474087699969203,False,99
9826,0.05384016311353462,False,99
9827,0.24167472176062027,False,99
9828,0.05170835240596644,False,99
9829,0.2087140749121717,False,99
9830,0.09698098640063478,False,99
9831,0.06055900601109896,False,99
9832,0.2483801089435076,False,99
9833,0.058295944849036184,False,99
9834,0.17632791650840074,False,99
9835,0.1167402030726894,False,99
9836,0.09762871944920895,False,99
9837,0.1769620816961477,False,99
9838,0.13415570900360418,False,99
9839,0.2364067893369409,False,99
9840,0.1774863330569146,False,99
9841,0.08571308878483375,False,99
9842,0.2637379636099334,False,99
9843,0.09321006037564215,False,99
9844,0.0905780444887021,False,99
9845,0.14386767113868135,False,99
9846,0.06283670055089124,False,99
9847,0.2173865036886131,False,99
9848,0.06532836105580536,False,99
9849,0.29362843944086237,True,99
9850,0.1184599632175092,False,99
9851,0.14849011578772345,False,99
9852,0.251697449782634,False,99
9853,0.08030332756326714,False,99
9854,0.3181220167708157,True,99
9855,0.11966306145114868,False,99
9856,0.21060185686251337,False,99
9857,0.228957492240308,False,99
9858,0.1010045774736568,False,99
9859,0.3454516762515179,True,99
9860,0.13578614842594702,False,99
9861,0.13738610993892766,False,99
9862,0.12557615622386017,False,99
9863,0.1673519200944076,False,99
9864,0.22794933817949434,False,99
9865,0.2505311736671881,False,99
9866,0.21273058907383952,False,99
9867,0.19211999357865778,False,99
9868,0.17057909103553998,False,99
9869,0.1651478393999165,False,99
9870,0.1960447813098356,False,99
9871,0.18351414742987318,False,99
9872,0.2007017146418821,False,99
9873,0.18192671996468107,False,99
9874,0.1908636694767384,False,99
9875,0.20631491748746747,False,99
9876,0.17221482520669648,False,99
9877,0.1791119615575553,False,99
9878,0.1627160007952148,False,99
9879,0.1596818437799511,False,99
9880,0.1715215041325902,False,99
9881,0.11874395715695794,False,99
9882,0.20068619752021696,False,99
9883,0.240407149993634,False,99
9884,0.2364347001005981,False,99
9885,0.4447902088356537,True,99
9886,0.3284308963851054,True,99
9887,0.34673548522627035,True,99
9888,0.15326336218971714,False,99
9889,0.2739167171826932,False,99
9890,0.2319316471181709,False,99
9891,0.28923723744930663,True,99
9892,0.11242982393971833,False,99
9893,0.280268971816572,True,99
9894,0.20295925304196816,False,99
9895,0.2764478210421163,True,99
9896,0.18104992322459776,False,99
9897,0.2640347990733842,False,99
9898,0.27935803021637723,True,99
9899,0.25501110141765915,False,99
9900,0.26424933937966116,False,99
9901,0.2794129344692503,True,99
9902,0.23197315879087413,False,99
9903,0.2656404711931286,False,99
9904,0.2885090013708828,True,99
9905,0.25908012114040524,False,99
9906,0.2758702204141678,False,99
9907,0.2007748124405538,False,99
9908,0.2665020706941269,False,99
9909,0.23425500634355997,False,99
9910,0.2577773593994686,False,99
9911,0.1962306392160505,False,99
9912,0.11306693389737323,False,99
9913,0.150126761339158,False,99
9914,0.22661074443824078,False,99
9915,0.17780857816624468,False,99
9916,0.1615932537191538,False,99
9917,0.13488716800613834,False,99
9918,0.153875585895372,False,99
9919,0.08599049952822563,False,99
9920,0.08169415607230605,False,99
9921,0.03244037910139835,False,99
9922,0.040345844616728334,False,99
9923,0.06692380111817708,False,99
9924,0.0401810970581461,False,99
9925,0.034925073893936606,False,99
9926,0.03933121183100433,False,99
9927,0.04079209588531514,False,99
9928,0.07066312780893981,False,99
9929,0.03106290881790554,False,99
9930,0.07505144085623612,False,99
9931,0.09075668867062132,False,99
9932,0.07447457534011641,False,99
9933,0.13392532149267658,False,99
9934,0.049304585542878414,False,99
9935,0.06259980269840981,False,99
9936,0.12445653514003767,False,99
9937,0.06457458592049772,False,99
9938,0.04483751580717802,False,99
9939,0.11800655778917574,False,99
9940,0.03385300310980306,False,99
9941,0.06341509418812213,False,99
9942,0.027587234399084476,False,99
9943,0.0349424498540549,False,99
9944,0.053762290505535035,False,99
9945,0.03874118263389935,False,99
9946,0.06713631922266608,False,99
9947,0.03087907463626754,False,99
9948,0.03954287311486686,False,99
9949,0.07329210647496724,False,99
9950,0.04922183316611657,False,99
9951,0.0830079440646937,False,99
9952,0.03636247593517272,False,99
9953,0.04204008589544279,False,99
9954,0.07921958917449966,False,99
9955,0.047067989877257584,False,99
9956,0.05092076414194403,False,99
9957,0.05353605812994068,False,99
9958,0.04821022363779191,False,99
9959,0.08362810885232687,False,99
9960,0.03614284469879766,False,99
9961,0.06947256774648075,False,99
9962,0.0816925954637367,False,99
9963,0.08469715703565335,False,99
9964,0.14234768955008306,False,99
9965,0.1575563590312128,False,99
9966,0.28410888235773635,True,99
9967,0.18840707800036088,False,99
9968,0.18916065674318802,False,99
9969,0.17296207435235575,False,99
9970,0.23404936923643216,False,99
9971,0.22974313799530321,False,99
9972,0.23669546286539642,False,99
9973,0.19921546356390601,False,99
9974,0.1919258058772129,False,99
9975,0.2293117899626523,False,99
9976,0.210509553665217,False,99
9977,0.17674551860049736,False,99
9978,0.17792006456483658,False,99
9979,0.17423628808502595,False,99
9980,0.24580034298764256,False,99
9981,0.23203378459247728,False,99
9982,0.2097016696177377,False,99
9983,0.25181124659110166,False,99
9984,0.017595779305194105,False,99
9985,0.03336066089533862,False,99
9986,0.039953920984696294,False,99
9987,0.025791792528388653,False,99
9988,0.0313672663136543,False,99
9989,0.02461692948649206,False,99
9990,0.03209811501337705,False,99
9991,0.03145612420078013,False,99
9992,0.026292800247702322,False,99
9993,0.0269393410996201,False,99
9994,0.029493163638582478,False,99
9995,0.033093651849421306,False,99
9996,0.023791848571264946,False,99
9997,0.016514028885446414,False,99
9998,0.03271919669526438,False,99
9999,0.043098100125265,False,99
10000,0.027894675564467314,False,99
10001,0.08102033168172788,False,99
10002,0.08883863829386938,False,99
10003,0.038377428619237416,False,99
10004,0.06955095549659696,False,99
10005,0.035079158782527764,False,99
10006,0.052228521219366886,False,99
10007,0.09235760132090742,False,99
10008,0.05279053337295454,False,99
10009,0.03158313030192815,False,99
10010,0.03764670819184047,False,99
10011,0.026477690058573193,False,99
10012,0.026537137883020322,False,99
10013,0.03779731732013201,False,99
10014,0.026700946743627066,False,99
10015,0.02771497263861153,False,99
10016,0.019365250674871774,False,99
10017,0.03666151982285309,False,99
10018,0.05030198466855195,False,99
10019,0.02808059535786906,False,99
10020,0.04127838493184028,False,99
10021,0.033163448158615424,False,99
10022,0.036397479685464404,False,99
10023,0.04199607840720023,False,99
10024,0.03489868336300404,False,99
10025,0.03314533524158795,False,99
10026,0.043843283007736225,False,99
10027,0.03869085025957586,False,99
10028,0.03225814303244308,False,99
10029,0.02338342901988947,False,99
10030,0.03429672232230063,False,99
10031,0.054941056000371545,False,99
10032,0.023753625104312354,False,99
10033,0.03671704219682352,False,99
10034,0.027169387270364023,False,99
10035,0.036624600834168484,False,99
10036,0.058741667861782317,False,99
10037,0.027223532213406784,False,99
10038,0.0431094502935174,False,99
10039,0.03519151622460728,False,99
10040,0.03725096127507326,False,99
10041,0.059654559716268145,False,99
10042,0.03564240216547556,False,99
10043,0.04172298590856459,False,99
10044,0.06006137373547552,False,99
10045,0.04380159239352026,False,99
10046,0.04362886409168311,False,99
10047,0.03448132100929813,False,99
10048,0.046056351953251556,False,99
10049,0.07101457585903583,False,99
10050,0.03037123243183993,False,99
10051,0.04492293425806549,False,99
10052,0.03910145638149242,False,99
10053,0.04478431882544607,False,99
10054,0.072264647873853,False,99
10055,0.031307405824189755,False,99
10056,0.048015884158770956,False,99
10057,0.04551800339369132,False,99
10058,0.0481120657129096,False,99
10059,0.07577079535642026,False,99
10060,0.03396515777612955,False,99
10061,0.05677409948663074,False,99
10062,0.06225003232545459,False,99
10063,0.07023243630415081,False,99
10064,0.11387468305334472,False,99
10065,0.13431409100497024,False,99
10066,0.2848670242936891,True,99
10067,0.5247386448647731,True,99
10068,0.3697195365998205,True,99
10069,0.5194570123204639,True,99
10070,0.5395052910506062,True,99
10071,0.517353441480897,True,99
10072,0.5886322556065262,True,99
10073,0.6534165164135026,True,99
10074,0.6540988085575664,True,99
10075,0.7066401496584345,True,99
10076,0.8896375488001338,True,99
10077,0.8087152004573546,True,99
10078,0.9250929765838513,True,99
10079,0.9368984764162186,True,99
10080,0.8821776732314185,True,99
10081,0.9040796718571487,True,99
10082,0.883007813105899,True,99
10083,0.9493411692114117,True,99
10084,0.985604480970433,True,99
10085,0.679546927615804,True,99
10086,0.4051446575659608,True,99
10087,0.7157533904516651,True,99
10088,0.2703163860672077,False,99
10089,0.253705131641125,False,99
10090,0.28990806170716893,True,99
10091,0.20192317344830882,False,99
10092,0.4096380955434946,True,99
10093,0.4338814259932323,True,99
10094,0.6110589558937627,True,99
10095,0.6604346135710945,True,99
10096,0.5297464821598658,True,99
10097,0.4321458534512894,True,99
10098,0.4638804038568862,True,99
10099,0.4199274904271653,True,99
10100,0.40600809608931215,True,99
10101,0.27484497849974293,False,99
10102,0.17662206201126213,False,99
10103,0.17697890084239795,False,99
10104,0.18938605672916345,False,99
10105,0.14777986615018207,False,99
10106,0.26961953742431505,False,99
10107,0.17505391726492162,False,99
10108,0.17584092865589906,False,99
10109,0.1362219373571096,False,99
10110,0.14447502062888035,False,99
10111,0.18036055389146094,False,99
10112,0.13453279207380595,False,99
10113,0.14070151753541665,False,99
10114,0.12706466802772207,False,99
10115,0.11491593140531364,False,99
10116,0.11364517142097172,False,99
10117,0.09476167629469318,False,99
10118,0.13893100842124753,False,99
10119,0.0818736324710793,False,99
10120,0.07993809302924852,False,99
10121,0.054969527227441944,False,99
10122,0.08614658139088308,False,99
10123,0.12816108374108964,False,99
10124,0.09131003303957169,False,99
10125,0.09469617555899232,False,99
10126,0.06656744265509469,False,99
10127,0.1306765591648094,False,99
10128,0.16163315151261695,False,99
10129,0.1253177370847477,False,99
10130,0.10269864582104613,False,99
10131,0.07597220556648655,False,99
10132,0.1176216792149956,False,99
10133,0.11754059269468731,False,99
10134,0.08765223831721877,False,99
10135,0.06275891142915983,False,99
10136,0.08393886819488809,False,99
10137,0.1270741290830958,False,99
10138,0.13324543388413995,False,99
10139,0.07501140565744348,False,99
10140,0.07280175856022952,False,99
10141,0.07911099681143957,False,99
10142,0.12091589517948595,False,99
10143,0.1373401716433563,False,99
10144,0.10313135941633388,False,99
10145,0.0894864178002136,False,99
10146,0.10320467643863761,False,99
10147,0.23468983123115983,False,99
10148,0.15103993264577023,False,99
10149,0.15090921844085115,False,99
10150,0.13638563263722045,False,99
10151,0.14239563525757973,False,99
10152,0.12487515256727053,False,99
10153,0.11478190616962226,False,99
10154,0.07630010294484768,False,99
10155,0.07606182082181381,False,99
10156,0.06819751961134196,False,99
10157,0.07454359784007035,False,99
10158,0.07876515240230508,False,99
10159,0.10653416879354927,False,99
10160,0.093612255723111,False,99
10161,0.0766725207662765,False,99
10162,0.14063988789528012,False,99
10163,0.09140756127836526,False,99
10164,0.10220531794330553,False,99
10165,0.1763590852557491,False,99
10166,0.22752741093393075,False,99
10167,0.4279701674043835,True,99
10168,0.9161331439318867,True,99
10169,0.7820142818322166,True,99
10170,1.1031794306932612,True,99
10171,1.0681941261222163,True,99
10172,1.1202593331066242,True,99
10173,1.3530025964944652,True,99
10174,1.458406695773088,True,99
10175,4.61361280190359,True,99
10176,5.069154788045227,True,99
10177,5.0780561603451,True,99
10178,4.740749507949347,True,99
10179,4.826028742856291,True,99
10180,5.686643265966271,True,99
10181,6.099819249270521,True,99
10182,8.285558857748518,True,99
10183,7.078913531725901,True,99
10184,0.7305283942861622,True,99
10185,0.6067615336561167,True,99
10186,0.3628212683408482,True,99
10187,0.3800280909188132,True,99
10188,0.3729459116783695,True,99
10189,0.45398420928760214,True,99
10190,0.3311390258178623,True,99
10191,0.2443734766100042,False,99
10192,0.1565814197779937,False,99
10193,0.16201939366388549,False,99
10194,0.15511400762941158,False,99
10195,0.1416902304239962,False,99
10196,0.20782924743557352,False,99
10197,0.2813471073005317,True,99
10198,0.1743504357001756,False,99
10199,0.18122103338893647,False,99
10200,0.15926792152938993,False,99
10201,0.1743459221464838,False,99
10202,0.15491630621348174,False,99
10203,0.1737935026394146,False,99
10204,0.13215225879932063,False,99
10205,0.12229452128942622,False,99
10206,0.42502216441699053,True,99
10207,0.1520044760878281,False,99
10208,0.5188972727112744,True,99
10209,0.17822935507304777,False,99
10210,0.15862020143692332,False,99
10211,0.15338174010319044,False,99
10212,0.16227414976842042,False,99
10213,0.20096151971175819,False,99
10214,0.17268735402716223,False,99
10215,0.7012289969716446,True,99
10216,1.3236034846633125,True,99
10217,1.4559341041147085,True,99
10218,0.34485183863361896,True,99
10219,0.35899631887584604,True,99
10220,0.41643681492906576,True,99
10221,0.5622986198175273,True,99
10222,1.0661585630703254,True,99
10223,0.6773618357525235,True,99
10224,1.0782544285101636,True,99
10225,2.936946389385242,True,99
10226,4.11923595340944,True,99
10227,0.6610784510749262,True,99
10228,0.7214443289943,True,99
10229,0.8417210732320929,True,99
10230,1.397672890408996,True,99
10231,2.191108368503147,True,99
10232,1.7320996406561187,True,99
10233,3.6899384349027824,True,99
10234,9.299328224711092,True,99
10235,7.33999038729619,True,99
10236,1.1642217611787473,True,99
10237,1.301742056180499,True,99
10238,2.472442857009942,True,99
10239,2.6402597450617202,True,99
10240,3.0385330505718415,True,99
10241,3.1297087988873735,True,99
10242,7.852583400307172,True,99
10243,1.5472294397933564,True,99
10244,1.0044488417350241,True,99
10245,0.5034318504258094,True,99
10246,0.4328011858850777,True,99
10247,0.3233668552794959,True,99
10248,0.26465522588880913,False,99
10249,0.8023865928081904,True,99
10250,0.38827844504956915,True,99
10251,0.69162424397601,True,99
10252,0.9074299725910588,True,99
10253,2.8096793017237496,True,99
10254,0.5559170852277338,True,99
10255,0.5715357004428796,True,99
10256,0.5664791103463181,True,99
10257,0.9413195309177003,True,99
10258,1.6197832759214155,True,99
10259,0.9559738603455612,True,99
10260,3.711696401316517,True,99
10261,4.614151219739027,True,99
10262,4.140089933714151,True,99
10263,0.7513985189190342,True,99
10264,0.9409637199991774,True,99
10265,0.9874136850814808,True,99
10266,1.5149728205745265,True,99
10267,3.1913960365232756,True,99
10268,2.073288050724939,True,99
10269,7.676400532182301,True,99
10270,7.001447569761077,True,99
10271,7.1529918210099765,True,99
10272,7.489980898916052,True,99
10273,7.761824851233314,True,99
10274,7.82015805011558,True,99
10275,9.284458041564623,True,99
10276,8.863773344256202,True,99
10277,7.619848742837391,True,99
10278,7.933709160735063,True,99
10279,2.1663466452117395,True,99
10280,5.112522312335125,True,99
10281,5.180215570295104,True,99
10282,5.912984191300976,True,99
10283,5.959822564675085,True,99
10284,1.3912338854368653,True,99
10285,1.9393580390160614,True,99
10286,2.177225549727473,True,99
10287,3.1093302866986816,True,99
10288,3.499347215367893,True,99
10289,2.3859381919236413,True,99
10290,1.9287199467509462,True,99
10291,1.0208680562745929,True,99
10292,1.1815682655635398,True,99
10293,1.6289845255312645,True,99
10294,0.4461516560090332,True,99
10295,0.42481857417475166,True,99
10296,0.41543746865998704,True,99
10297,0.6561629325097875,True,99
10298,1.4864050305476033,True,99
10299,1.134118857927874,True,99
10300,0.786206814370993,True,99
10301,3.262487129894583,True,99
10302,2.3375527129402993,True,99
10303,18.85658597826923,True,99
10304,15.904461824074843,True,99
10305,16.023290400331103,True,99
10306,3.7748354111654634,True,99
10307,18.63993710435585,True,99
10308,21.858610032753248,True,99
10309,8.236228349107735,True,99
10310,9.48408045706446,True,99
10311,10.460225875974434,True,99
10312,15.98496518218486,True,99
10313,15.586331454918074,True,99
10314,18.02419088921302,True,99
10315,25.449670797935486,True,99
10316,28.247309893048538,True,99
10317,54.72664873754327,True,99
10318,23.09355612159144,True,99
10319,65.10771046352993,True,99
10320,26.787565412648515,True,99
10321,59.787767480966494,True,99
10322,44.15776919038196,True,99
10323,43.94939874427716,True,99
10324,46.47869656996355,True,99
10325,41.524395940460195,True,99
10326,45.45321158895074,True,99
10327,44.906493899288975,True,99
10328,45.093706704690064,True,99
10329,38.207487664519576,True,99
10330,45.501460854272445,True,99
10331,71.06029007312395,True,99
10332,54.190367890060564,True,99
10333,37.62516086560191,True,99
10334,42.49409153608595,True,99
10335,23.65206501046214,True,99
10336,34.29505234416202,True,99
10337,9.488232466527894,True,99
10338,17.70157813784252,True,99
10339,16.930093892706566,True,99
10340,10.477922329777886,True,99
10341,9.06222358246779,True,99
10342,2.1073501876989225,True,99
10343,0.8649048129987114,True,99
10344,0.5113303649989142,True,99
10345,0.7367445668127334,True,99
10346,0.4853130022528471,True,99
10347,1.160514477905582,True,99
10348,0.6820944848669133,True,99
10349,0.4898321703178096,True,99
10350,0.489610546995651,True,99
10351,0.4959765703354853,True,99
10352,0.2657729983285778,False,99
10353,0.4874951427955127,True,99
10354,0.5551769750592513,True,99
10355,0.6471131261839627,True,99
10356,0.49715975248435984,True,99
10357,0.3147621874300377,True,99
10358,0.4071642915794037,True,99
10359,0.42995964319390517,True,99
10360,0.5573636636461621,True,99
10361,0.4293147513190975,True,99
10362,4.646444779871715,True,99
10363,0.6276486959807189,True,99
10364,0.4451188637133992,True,99
10365,0.5287677845715174,True,99
10366,1.0567877177615408,True,100
10367,1.2796602593425694,True,100
10368,3.5727936160755593,True,100
10369,1.4552133647493914,True,100
10370,1.4370665270663547,True,100
10371,1.965659948772528,True,100
10372,1.0796845382813078,True,100
10373,0.6897696292220229,True,100
10374,0.3868471398635987,True,100
10375,0.08460097462119859,False,100
10376,0.07539702530415338,False,100
10377,0.08034117033186765,False,100
10378,0.056185145455616925,False,100
10379,0.0470777453238218,False,100
10380,0.03880151605175797,False,100
10381,0.04235686810130551,False,100
10382,0.028586348856644034,False,100
10383,0.02590894544423426,False,100
10384,0.027363594201210015,False,100
10385,0.026301116483862654,False,100
10386,0.02308144110588552,False,100
10387,0.022821422876676142,False,100
10388,0.01853217946138694,False,100
10389,0.020364046891092003,False,100
10390,0.01740850173706996,False,100
10391,0.015305457980853468,False,100
10392,0.01369117424720287,False,100
10393,0.012657817478185144,False,100
10394,0.012088084601988226,False,100
10395,0.011393472228758871,False,100
10396,0.010756470606246408,False,100
10397,0.010440125481294832,False,100
10398,0.010271404314764388,False,100
10399,0.009794164532574595,False,100
10400,0.008875576602044194,False,100
10401,0.007761107812195638,False,100
10402,0.006736144707140461,False,100
10403,0.005911905798484096,False,100
10404,0.005946931228562434,False,100
10405,0.006068978561921797,False,100
10406,0.013949164775100381,False,100
10407,0.01911210832050581,False,100
10408,0.0229371555385622,False,100
10409,0.023249198916974332,False,100
10410,0.02008729040577471,False,100
10411,0.017555226000581594,False,100
10412,0.01584139767611083,False,100
10413,0.014961706065758995,False,100
10414,0.012910971220246597,False,100
10415,0.009535279359532795,False,100
10416,0.009146908903100244,False,100
10417,0.009321355659766557,False,100
10418,0.0099053747320788,False,100
10419,0.010713933347787632,False,100
10420,0.011214008408290321,False,100
10421,0.011601718840343288,False,100
10422,0.012208152084382232,False,100
10423,0.012353453609386627,False,100
10424,0.012342831804536271,False,100
10425,0.012923402344733291,False,100
10426,0.014568135839745684,False,100
10427,0.018926840962646876,False,100
10428,0.020561991476042204,False,100
10429,0.02387985063273481,False,100
10430,0.025329442570682367,False,100
10431,0.026503533529866636,False,100
10432,0.03215641277938419,False,100
10433,0.039395220847527966,False,100
10434,0.04736716219745266,False,100
10435,0.04549874967477453,False,100
10436,0.06601280272493523,False,100
10437,0.06968818231859149,False,100
10438,0.0754893702457214,False,100
10439,0.09123852530584074,False,100
10440,0.09950082569738643,False,100
10441,0.06922135180874334,False,100
10442,0.07575032021136469,False,100
10443,0.09843581877279725,False,100
10444,0.14090821341219215,False,100
10445,0.1240514616885184,False,100
10446,0.11608656749529886,False,100
10447,0.13754838773456202,False,100
10448,0.1633347667270602,False,100
10449,0.18765963307484693,False,100
10450,0.12741649968989352,False,100
10451,0.10457356491738966,False,100
10452,0.08655126798160409,False,100
10453,0.07098335430309202,False,100
10454,0.06526645765382373,False,100
10455,0.06007040196219099,False,100
10456,0.06105271342716652,False,100
10457,0.05549764807322374,False,100
10458,0.04498784982989021,False,100
10459,0.03659641047391518,False,100
10460,0.028467525227695762,False,100
10461,0.0210713986848456,False,100
10462,0.01882568564402743,False,100
10463,0.02005602582200368,False,100
10464,0.022124566959412974,False,100
10465,0.06500345169625184,False,100
10466,0.17702505437275484,False,100
10467,0.26884121625731877,False,100
10468,0.40351425521145534,True,100
10469,0.5938685472889449,True,100
10470,0.7181840850253621,True,100
10471,0.9078135208658022,True,100
10472,1.0356962295020518,True,100
10473,1.0931973109730346,True,100
10474,0.9266616615346989,True,100
10475,1.1398474922049622,True,100
10476,1.1750138085989001,True,100
10477,1.2196641270155066,True,100
10478,1.229549419546426,True,100
10479,1.2766310424885445,True,100
10480,1.248012788208602,True,100
10481,1.2668742081691196,True,100
10482,1.2596380857591425,True,100
10483,1.245393780920839,True,100
10484,1.2263519056491112,True,100
10485,1.1992080472179993,True,100
10486,1.0241066707129352,True,100
10487,1.1084597797422726,True,100
10488,0.8754879781150666,True,100
10489,0.7353778226942173,True,100
10490,0.7408414772013212,True,100
10491,0.6783029901892516,True,100
10492,0.6088190827911153,True,100
10493,0.41043287263024947,True,100
10494,0.29197766832511274,True,100
10495,0.19429696847423122,False,100
10496,0.23114833540348723,False,100
10497,0.12387327818719986,False,100
10498,0.0939024842423379,False,100
10499,0.10000747187680774,False,100
10500,0.0920870330645564,False,100
10501,0.1025226853071898,False,100
10502,0.1401776458954226,False,100
10503,0.09096300783697935,False,100
10504,0.09538049525964205,False,100
10505,0.09114773238008375,False,100
10506,0.10177287691804003,False,100
10507,0.0558176348952682,False,100
10508,0.0593098764486271,False,100
10509,0.0739826491094472,False,100
10510,0.08525191003392293,False,100
10511,0.09753492927740288,False,100
10512,0.11852138507559537,False,100
10513,0.14856920258239137,False,100
10514,0.09503470032370952,False,100
10515,0.09350080037548929,False,100
10516,0.0895717704207985,False,100
10517,0.07858652995455606,False,100
10518,0.060907577582266496,False,100
10519,0.044286212144710534,False,100
10520,0.045635023702413464,False,100
10521,0.052426359208201184,False,100
10522,0.05407570278417429,False,100
10523,0.048933603576367966,False,100
10524,0.040625431820842876,False,100
10525,0.034352234407538734,False,100
10526,0.033918622229957035,False,100
10527,0.0392230465794687,False,100
10528,0.045275979066630875,False,100
10529,0.04771598099277993,False,100
10530,0.04765787456887921,False,100
10531,0.04562349289173585,False,100
10532,0.03991744268738443,False,100
10533,0.030266728000223318,False,100
10534,0.0218510616359262,False,100
10535,0.017150927409889764,False,100
10536,0.01565355915395366,False,100
10537,0.016903624761473772,False,100
10538,0.01731379287136433,False,100
10539,0.017453410357673543,False,100
10540,0.01733402066130365,False,100
10541,0.017458151193974373,False,100
10542,0.018489587713691837,False,100
10543,0.01979886873568835,False,100
10544,0.021706536026136685,False,100
10545,0.02218683137340082,False,100
10546,0.022984937679946287,False,100
10547,0.022438572072550175,False,100
10548,0.021616889048711403,False,100
10549,0.021086372553148467,False,100
10550,0.02126767084659892,False,100
10551,0.038836125492709414,False,100
10552,0.034555508808255773,False,100
10553,0.03448553021966697,False,100
10554,0.03494904869840896,False,100
10555,0.03582872634778364,False,100
10556,0.037729621215741055,False,100
10557,0.03956499455049273,False,100
10558,0.03921099936898316,False,100
10559,0.043745378386772935,False,100
10560,0.03467626496108913,False,100
10561,0.027757608008969373,False,100
10562,0.01785403947444688,False,100
10563,0.013957439393036241,False,100
10564,0.015549769150204546,False,100
10565,0.024302546491741107,False,100
10566,0.03581805832747561,False,100
10567,0.04594065919770781,False,100
10568,0.05163531748285959,False,100
10569,0.05285397624444347,False,100
10570,0.052614156763416395,False,100
10571,0.05255186831419402,False,100
10572,0.048624866837405904,False,100
10573,0.0419863846716585,False,100
10574,0.04108436227580678,False,100
10575,0.02705666013062199,False,100
10576,0.021283515188753693,False,100
10577,0.017076559709324604,False,100
10578,0.013837384189869293,False,100
10579,0.012184666781053994,False,100
10580,0.011469667890987929,False,100
10581,0.010664951449660972,False,100
10582,0.00986019739445159,False,100
10583,0.009698476523725536,False,100
10584,0.009074168806379818,False,100
10585,0.008586452524854156,False,100
10586,0.008789034106612876,False,100
10587,0.009099127655770624,False,100
10588,0.009318266689129962,False,100
10589,0.009560317551566083,False,100
10590,0.009186933227614272,False,100
10591,0.008531082512150095,False,100
10592,0.007327820435395356,False,100
10593,0.00586351291722657,False,100
10594,0.004955397097801963,False,100
10595,0.0034832676362095603,False,100
10596,0.0037653755925835647,False,100
10597,0.0041990204253385495,False,100
10598,0.004601153021234852,False,100
10599,0.005293521437169121,False,100
10600,0.00632470638140533,False,100
10601,0.020371088529259326,False,100
10602,0.021756907427724858,False,100
10603,0.023654287242914258,False,100
10604,0.023103094018534765,False,100
10605,0.022242639195558887,False,100
10606,0.023526446702364215,False,100
10607,0.025340975046464386,False,100
10608,0.02639518976917155,False,100
10609,0.025877099570967316,False,100
10610,0.02905268903046709,False,100
10611,0.03339834451083289,False,100
10612,0.02015988110977393,False,100
10613,0.014140732371631852,False,100
10614,0.01223404075458591,False,100
10615,0.011993565117061058,False,100
10616,0.09522518798255214,False,100
10617,0.04979259313582429,False,100
10618,0.03473468047284608,False,100
10619,0.029742612342359222,False,100
10620,0.02415175861746753,False,100
10621,0.023346573074036536,False,100
10622,0.02776318964411473,False,100
10623,0.04969995465962075,False,100
10624,0.05140684259628978,False,100
10625,0.03342587553380734,False,100
10626,0.09977668650232067,False,100
10627,0.06157861744304525,False,100
10628,0.04485714028252587,False,100
10629,0.047053371736833285,False,100
10630,0.04435778886919991,False,100
10631,0.05942216763657347,False,100
10632,0.029415945638716114,False,100
10633,0.019472207686184462,False,100
10634,0.018504044610286798,False,100
10635,0.0234649934619477,False,100
10636,0.013820863667830556,False,100
10637,0.011744302344281051,False,100
10638,0.012141958940632027,False,100
10639,0.010585409798525855,False,100
10640,0.011118099951339173,False,100
10641,0.00806667210768018,False,100
10642,0.00951327337443838,False,100
10643,0.0073214347770655845,False,100
10644,0.006496740234610355,False,100
10645,0.00620826038677055,False,100
10646,0.006682049340776169,False,100
10647,0.006789241377116286,False,100
10648,0.006577298231634181,False,100
10649,0.006453491849753704,False,100
10650,0.006273087610106162,False,100
10651,0.0060505439237613645,False,100
10652,0.006073843347474306,False,100
10653,0.0060625118292179,False,100
10654,0.00575355347527694,False,100
10655,0.0050748645593288455,False,100
10656,0.004864485367057645,False,100
10657,0.004276187706708147,False,100
10658,0.003694272669729713,False,100
10659,0.002954779176868114,False,100
10660,0.002353254474160878,False,100
10661,0.0020133519849101747,False,100
10662,0.0018503921476502815,False,100
10663,0.0018626363864388277,False,100
10664,0.0019219257804078964,False,100
10665,0.0021455274543510944,False,100
10666,0.0023019618978600428,False,100
10667,0.0025597175663059015,False,100
10668,0.0027859555905905436,False,100
10669,0.0030081835299398747,False,100
10670,0.003160219179024458,False,100
10671,0.0032962409198835523,False,100
10672,0.003357891643930405,False,100
10673,0.0031273326264321033,False,100
10674,0.002975331128909159,False,100
10675,0.0026295913075830867,False,100
10676,0.0024879165655142038,False,100
10677,0.002491046317456204,False,100
10678,0.002508222031590914,False,100
10679,0.002519426424800182,False,100
10680,0.002570768221866594,False,100
10681,0.002659524768777118,False,100
10682,0.002724631407124037,False,100
10683,0.002976554190452271,False,100
10684,0.003123474550320793,False,100
10685,0.003327009564777745,False,100
10686,0.004009116435202797,False,100
10687,0.005106261236516817,False,100
10688,0.006214283291495424,False,100
10689,0.0075474874835178085,False,100
10690,0.008796880625620907,False,100
10691,0.010065181947826145,False,100
10692,0.011104560328631694,False,100
10693,0.01152096193103904,False,100
10694,0.011295639610824196,False,100
10695,0.010605447526762651,False,100
10696,0.009297138487043789,False,100
10697,0.0077727744677964375,False,100
10698,0.0063795348428797695,False,100
10699,0.005291996982386257,False,100
10700,0.004941046068649166,False,100
10701,0.004997346982795259,False,100
10702,0.0053749018650058305,False,100
10703,0.005930791487164212,False,100
10704,0.006677697814167896,False,100
10705,0.007248172996046623,False,100
10706,0.007674664671072549,False,100
10707,0.007761797549021632,False,100
10708,0.007530266834135272,False,100
10709,0.007014303509258725,False,100
10710,0.006739647282009146,False,100
10711,0.006443113251263751,False,100
10712,0.006285864993050953,False,100
10713,0.006099947526870421,False,100
10714,0.00624137685223845,False,100
10715,0.006309586902189034,False,100
10716,0.006474019256944523,False,100
10717,0.006401731957224501,False,100
10718,0.006335912926989666,False,100
10719,0.0060098378436645875,False,100
10720,0.005710078489629624,False,100
10721,0.00545558852410234,False,100
10722,0.005166625425222441,False,100
10723,0.005096458530689109,False,100
10724,0.005032723651043925,False,100
10725,0.005079737612124607,False,100
10726,0.005206073935418222,False,100
10727,0.005437213540396951,False,100
10728,0.005353448746528756,False,100
10729,0.005497430163932783,False,100
10730,0.00589194979206026,False,100
10731,0.006025414230227458,False,100
10732,0.00620234765446465,False,100
10733,0.006381280537461581,False,100
10734,0.006643990418873523,False,100
10735,0.006516732485316755,False,100
10736,0.006208313623238265,False,100
10737,0.006336783377579767,False,100
10738,0.006327984338985233,False,100
10739,0.006661306623902351,False,100
10740,0.006751132948908435,False,100
10741,0.04177187138653025,False,100
10742,0.029402632689695667,False,100
10743,0.028423845259870052,False,100
10744,0.032040806763086634,False,100
10745,0.04022516082568117,False,100
10746,0.030474901062934025,False,100
10747,0.03777139155743501,False,100
10748,0.036602456737851084,False,100
10749,0.04080272487217357,False,100
10750,0.020180774810017437,False,100
10751,0.016686971150717805,False,100
10752,0.01834034114822267,False,100
10753,0.021090586210491296,False,100
10754,0.020782457954393763,False,100
10755,0.016850684936372984,False,100
10756,0.015904450467450225,False,100
10757,0.014239369017528746,False,100
10758,0.013501932273247662,False,100
10759,0.013149091954328854,False,100
10760,0.012784021121872277,False,100
10761,0.012850037324521425,False,100
10762,0.014282544060944353,False,100
10763,0.0730070724507254,False,100
10764,0.03332155954268898,False,100
10765,0.04230188081727653,False,100
10766,0.03974708939719648,False,100
10767,0.05123499425858928,False,100
10768,0.06661766267855496,False,100
10769,0.13810768674190765,False,100
10770,0.38167681657338515,True,100
10771,0.3784706423976523,True,100
10772,0.4041274697788797,True,100
10773,0.44060274253002557,True,100
10774,0.4510655427027555,True,100
10775,0.4404466907996546,True,100
10776,0.3810862929433788,True,100
10777,0.37249791774171154,True,100
10778,0.3663195343983753,True,100
10779,0.44931779681917233,True,100
10780,0.2740919172551184,False,100
10781,0.2594028343438264,False,100
10782,0.27156237874424777,False,100
10783,0.22764206742072501,False,100
10784,0.18720003805352517,False,100
10785,0.19300575362134448,False,100
10786,0.21723391081684157,False,100
10787,0.1762519616290065,False,100
10788,0.17674176742898037,False,100
10789,0.11992124402356737,False,100
10790,0.12514783630779536,False,100
10791,0.13185079384767298,False,100
10792,0.11744445222078373,False,100
10793,0.12295792910534539,False,100
10794,0.10656285073563124,False,100
10795,0.1312305513747723,False,100
10796,0.09328982530762012,False,100
10797,0.1659254575702868,False,100
10798,0.16987161507351997,False,100
10799,0.17371868609089874,False,100
10800,0.17581462189036298,False,100
10801,0.17591496219642694,False,100
10802,0.19975411499498225,False,100
10803,0.1932030006455594,False,100
10804,0.5727701889815465,True,100
10805,0.8654860657968538,True,100
10806,1.0600272302355513,True,100
10807,1.066379861675894,True,100
10808,1.0360365058799121,True,100
10809,1.2851392383793856,True,100
10810,1.3432881473468978,True,100
10811,1.7498145195600212,True,100
10812,2.4610024933034103,True,100
10813,3.858299174131035,True,100
10814,4.409692526946585,True,100
10815,2.6327179426646565,True,100
10816,3.0749833279261507,True,100
10817,4.527075293698398,True,100
10818,4.153019076079457,True,100
10819,3.2907008936283213,True,100
10820,3.6201803511657835,True,100
10821,4.291064653824686,True,100
10822,4.071352151981642,True,100
10823,2.6671654884859297,True,100
10824,1.9960677296399516,True,100
10825,1.2938015874166926,True,100
10826,1.1166755741780074,True,100
10827,0.9411105232389513,True,100
10828,0.5075433437763418,True,100
10829,1.1238281480802577,True,100
10830,0.913487497798264,True,100
10831,0.28258969321290417,True,100
10832,0.2488266174278058,False,100
10833,0.2639599502077792,False,100
10834,0.23186244643697812,False,100
10835,0.1560724671686758,False,100
10836,0.1939022281733529,False,100
10837,0.2073866502693401,False,100
10838,0.19309800143834654,False,100
10839,0.16436955506312248,False,100
10840,0.10262541382537453,False,100
10841,0.08135757703572098,False,100
10842,0.06035150888649537,False,100
10843,0.06564505865540324,False,100
10844,0.06665936863391746,False,100
10845,0.04301908081809707,False,100
10846,0.030899101365392357,False,100
10847,0.022386472088111387,False,100
10848,0.021153187377307533,False,100
10849,0.02604091974849756,False,100
10850,0.03349387595263412,False,100
10851,0.03915526819532718,False,100
10852,0.033623666817712033,False,100
10853,0.02442434522757777,False,100
10854,0.016352623052468963,False,100
10855,0.01462557091784485,False,100
10856,0.016665731941082663,False,100
10857,0.022129489584036047,False,100
10858,0.027728907806371883,False,100
10859,0.029191114641744897,False,100
10860,0.025833151996230683,False,100
10861,0.02211822918007224,False,100
10862,0.020759330014532326,False,100
10863,0.022891140313734404,False,100
10864,0.02651871420731602,False,100
10865,0.23302222970931702,False,100
10866,0.504030131624038,True,100
10867,1.0475215844445402,True,100
10868,1.4365915649870207,True,100
10869,1.6208475987574433,True,100
10870,1.8748608218663556,True,100
10871,1.974697733884433,True,100
10872,1.98212216584286,True,100
10873,2.344781398936434,True,100
10874,2.7006146703586165,True,100
10875,2.5820464112308743,True,100
10876,2.4485430916520943,True,100
10877,2.620353688424596,True,100
10878,3.222566620198863,True,100
10879,3.116186938104015,True,100
10880,2.6986946760188064,True,100
10881,2.3088846316472,True,100
10882,2.3538646180358973,True,100
10883,4.668148670425463,True,100
10884,3.285295843193649,True,100
10885,11.17013859508151,True,100
10886,9.862663794881675,True,100
10887,9.966537423965523,True,100
10888,9.16344010648272,True,100
10889,8.543183048311548,True,100
10890,6.835350285053312,True,100
10891,4.756024181108982,True,100
10892,1.7964305091290846,True,100
10893,1.8515517577825262,True,100
10894,1.887013658159872,True,100
10895,1.876434403721126,True,100
10896,2.0802834389842038,True,100
10897,1.9189984176233013,True,100
10898,1.9505876993133038,True,100
10899,1.922512789653918,True,100
10900,1.8879759257126247,True,100
10901,1.900512845384893,True,100
10902,1.8427252065715995,True,100
10903,1.97151509174343,True,100
10904,1.9614009347269608,True,100
10905,2.1748946802401705,True,100
10906,1.8122534456252237,True,100
10907,1.886754026508218,True,100
10908,2.058537687321666,True,100
10909,2.0567453773201017,True,100
10910,2.3281317265286297,True,100
10911,1.9735057067960429,True,100
10912,2.0122189055659407,True,100
10913,2.0137429086491654,True,100
10914,1.989946067320489,True,100
10915,2.143037853160335,True,100
10916,2.075043078971122,True,100
10917,2.203061143242842,True,100
10918,1.8181300804717577,True,100
10919,1.9727101440822439,True,100
10920,1.6981406270750454,True,100
10921,1.1315224624826343,True,100
10922,0.7890554636755233,True,100
10923,0.5099809312003926,True,100
10924,0.3010418462500582,True,100
10925,0.06194251545019192,False,100
10926,0.0428809111119378,False,100
10927,0.0668248181598294,False,100
10928,0.03484388061202931,False,100
10929,0.04591283908114914,False,100
10930,0.037262501146430024,False,100
10931,0.03497872901477298,False,100
10932,0.048234359375853714,False,100
10933,0.038834723910128995,False,100
10934,0.07607700257302706,False,100
10935,0.04164382447260397,False,100
10936,0.0508618798380136,False,100
10937,0.03913195092422536,False,100
10938,0.042414964705523306,False,100
10939,0.03558258284944868,False,100
10940,0.03180561933010999,False,100
10941,0.04250491290365841,False,100
10942,0.03395072186989473,False,100
10943,0.07069828075075602,False,100
10944,0.03903188526431708,False,100
10945,0.04426476326842162,False,100
10946,0.05261229116179005,False,100
10947,0.03554440777276539,False,100
10948,0.04247890597911831,False,100
10949,0.0316012431255791,False,100
10950,0.02940570853450223,False,100
10951,0.029768303763478863,False,100
10952,0.044767230484142474,False,100
10953,0.0320505037673682,False,100
10954,0.08237176406789352,False,100
10955,0.025497840397525,False,100
10956,0.0219657117408999,False,100
10957,0.030102842824550637,False,100
10958,0.020994906840594428,False,100
10959,0.07329386092364323,False,100
10960,0.03194970363251953,False,100
10961,0.024117012381864245,False,100
10962,0.0250996030943623,False,100
10963,0.02512254102568442,False,100
10964,0.04042360288175747,False,100
10965,0.02674702327309539,False,100
10966,0.11712603029030712,False,100
10967,0.02565410506007554,False,100
10968,0.025332058405402962,False,100
10969,0.03455717774779176,False,100
10970,0.02936980206023592,False,100
10971,0.10573858275944636,False,100
10972,0.04405581188729504,False,100
10973,0.028088735606858244,False,100
10974,0.04533160826185364,False,100
10975,0.022983278695329627,False,100
10976,0.028000366858928708,False,100
10977,0.02351596788197872,False,100
10978,0.032182669571733574,False,100
10979,0.02723360070239324,False,100
10980,0.1139759143726397,False,100
10981,0.02327976713016091,False,100
10982,0.021611601402028984,False,100
10983,0.032523003640814126,False,100
10984,0.028748913120980494,False,100
10985,0.10219798419697551,False,100
10986,0.042097283514471076,False,100
10987,0.02514605868942946,False,100
10988,0.051746665969618647,False,100
10989,0.02031043655754279,False,100
10990,0.02774177974889524,False,100
10991,0.023600886271234023,False,100
10992,0.03321105387503758,False,100
10993,0.031597814374797,False,100
10994,0.10271245266422413,False,100
10995,0.021143241815090304,False,100
10996,0.021839347052636435,False,100
10997,0.032236162423615884,False,100
10998,0.029702047728427373,False,100
10999,0.0946146031548279,False,100
11000,0.04800583995964851,False,100
11001,0.02453625551593915,False,100
11002,0.05276414701636737,False,100
11003,0.018915172079970663,False,100
11004,0.02661044442412289,False,100
11005,0.023364693069874452,False,100
11006,0.02969984944389198,False,100
11007,0.040155697544879854,False,100
11008,0.11952990226815374,False,100
11009,0.02127703617085399,False,100
11010,0.050722155918927446,False,100
11011,0.03766041210656008,False,100
11012,0.060093244048816,False,100
11013,0.09224075904819214,False,100
11014,0.04029003368165045,False,100
11015,0.08140416991126916,False,100
11016,0.12911542176463195,False,100
11017,0.03408296907864022,False,100
11018,0.12892430517126094,False,100
11019,0.10714727835761644,False,100
11020,0.1200913205764704,False,100
11021,0.14956340181713487,False,100
11022,0.18476166117197254,False,100
11023,0.14196099492782482,False,100
11024,0.16924496290380628,False,100
11025,0.13411255129991662,False,100
11026,0.1506782153590276,False,100
11027,0.18341167125156865,False,100
11028,0.1951643549476094,False,100
11029,0.21041582181887858,False,100
11030,0.19950714210729595,False,100
11031,0.20912669994965455,False,100
11032,0.22015412252981617,False,100
11033,0.20161267596527185,False,100
11034,0.20233962973303776,False,100
11035,0.19503972503812453,False,100
11036,0.19591993459988316,False,100
11037,0.1721276743711127,False,100
11038,0.22772340220277018,False,100
11039,0.03710344842950766,False,100
11040,0.15314508554725448,False,100
11041,0.08401498823129522,False,100
11042,0.033901319181164666,False,100
11043,0.167024034948393,False,100
11044,0.033748148193553325,False,100
11045,0.11329817969774576,False,100
11046,0.07117801016362002,False,100
11047,0.030103908745340975,False,100
11048,0.1419906737014372,False,100
11049,0.031212169076751665,False,100
11050,0.13353421099870513,False,100
11051,0.09603525559736131,False,100
11052,0.027410241217190382,False,100
11053,0.18507664298269422,False,100
11054,0.0321920946141583,False,100
11055,0.07199845293108488,False,100
11056,0.1113193012963937,False,100
11057,0.033178654397589845,False,100
11058,0.19441255927795598,False,100
11059,0.06270350935253463,False,100
11060,0.15949715525359293,False,100
11061,0.07971630852163418,False,100
11062,0.03974144715895152,False,100
11063,0.18325685210649312,False,100
11064,0.041405708248519045,False,100
11065,0.18792400809771126,False,100
11066,0.03991980979032371,False,100
11067,0.14670323708643593,False,100
11068,0.12316174070592457,False,100
11069,0.03543292902267562,False,100
11070,0.20840702336472045,False,100
11071,0.043775228565917874,False,100
11072,0.2263097998663446,False,100
11073,0.07998563026058447,False,100
11074,0.046076644431745285,False,100
11075,0.19733952260878543,False,100
11076,0.04474466360321898,False,100
11077,0.20949874154052398,False,100
11078,0.047333544935489524,False,100
11079,0.25287732669725277,False,100
11080,0.0828352569410026,False,100
11081,0.04744274280089477,False,100
11082,0.19769286339361594,False,100
11083,0.04679174194252859,False,100
11084,0.20881351718164168,False,100
11085,0.05509504300175194,False,100
11086,0.26738719099625424,False,100
11087,0.08737754548446541,False,100
11088,0.054064362541609796,False,100
11089,0.19682508870831217,False,100
11090,0.04958180687194456,False,100
11091,0.20651723295214078,False,100
11092,0.0646597705893732,False,100
11093,0.27944174635757346,True,100
11094,0.09514529048378559,False,100
11095,0.07786324395222899,False,100
11096,0.19041889364380107,False,100
11097,0.04985127158374236,False,100
11098,0.23091637681065993,False,100
11099,0.05549133325404219,False,100
11100,0.2715229407623926,False,100
11101,0.14044253058002962,False,100
11102,0.06235535001909973,False,100
11103,0.21900482590050396,False,100
11104,0.06565122645637114,False,100
11105,0.30396834321789806,True,100
11106,0.10042581891346238,False,100
11107,0.09036804876905095,False,100
11108,0.18655432776289618,False,100
11109,0.05898358406616548,False,100
11110,0.2013400638314881,False,100
11111,0.06889386008364402,False,100
11112,0.3070531321847719,True,100
11113,0.13892359898350767,False,100
11114,0.10190902145746752,False,100
11115,0.16752681121311572,False,100
11116,0.11295193921410436,False,100
11117,0.16459810601768388,False,100
11118,0.17790057545819152,False,100
11119,0.2967318849503857,True,100
11120,0.25439067861972975,False,100
11121,0.19232321973630023,False,100
11122,0.19709729057475936,False,100
11123,0.13455737827597442,False,100
11124,0.13829234049994937,False,100
11125,0.15803504348632721,False,100
11126,0.151858141626948,False,100
11127,0.1466123706161479,False,100
11128,0.13729010963656818,False,100
11129,0.13845935987528982,False,100
11130,0.13579460160864185,False,100
11131,0.18063028412848336,False,100
11132,0.15774361558337396,False,100
11133,0.12721687679592916,False,100
11134,0.13179436135502684,False,100
11135,0.1256641817879432,False,100
11136,0.1674978382313999,False,100
11137,0.16250668697471332,False,100
11138,0.1542088211759968,False,100
11139,0.2190552733384199,False,100
11140,0.26551017052330567,False,100
11141,0.14633393582479992,False,100
11142,0.0849940766973524,False,100
11143,0.12186478421333699,False,100
11144,0.07934900509814521,False,100
11145,0.2121544547077131,False,100
11146,0.09231746456079355,False,100
11147,0.1006811211633107,False,100
11148,0.18192142955181212,False,100
11149,0.04908979833380961,False,100
11150,0.14025631871515531,False,100
11151,0.03325671406417138,False,100
11152,0.07654193286583966,False,100
11153,0.10608794938871823,False,100
11154,0.06216621602288766,False,100
11155,0.16988371720462261,False,100
11156,0.041831306383483015,False,100
11157,0.08610803515103421,False,100
11158,0.1307477399322614,False,100
11159,0.08886855596516374,False,100
11160,0.1407886804226209,False,100
11161,0.09678315373916892,False,100
11162,0.0696842909206783,False,100
11163,0.20939912256227744,False,100
11164,0.08097263028446207,False,100
11165,0.1518693197509237,False,100
11166,0.2632062476748062,False,100
11167,0.21394978851305688,False,100
11168,0.11879070492051376,False,100
11169,0.29093015524716104,True,100
11170,0.10482378168390862,False,100
11171,0.17517727984158488,False,100
11172,0.1257006162625308,False,100
11173,0.08798117287763138,False,100
11174,0.06012568482186644,False,100
11175,0.02666705231119799,False,100
11176,0.02383603188915021,False,100
11177,0.024291939996186254,False,100
11178,0.04401398877210655,False,100
11179,0.017760344463535672,False,100
11180,0.026168748726568766,False,100
11181,0.02609504172491236,False,100
11182,0.024705993709120914,False,100
11183,0.044302346457626395,False,100
11184,0.016722705454935424,False,100
11185,0.02560328384721827,False,100
11186,0.0255115350304622,False,100
11187,0.023944402243178977,False,100
11188,0.04228843871740561,False,100
11189,0.017430619050212787,False,100
11190,0.026592434762819122,False,100
11191,0.027437923064057443,False,100
11192,0.023802746170173604,False,100
11193,0.04330601688496587,False,100
11194,0.01731879897038881,False,100
11195,0.028117183895797676,False,100
11196,0.028923577350569715,False,100
11197,0.024187519399561944,False,100
11198,0.04512563651666208,False,100
11199,0.016955101160593827,False,100
11200,0.026829618104974418,False,100
11201,0.025859867179785414,False,100
11202,0.024262787690479085,False,100
11203,0.044906805223882476,False,100
11204,0.018475405649179658,False,100
11205,0.027574743512735082,False,100
11206,0.026294724503130563,False,100
11207,0.02456172276370092,False,100
11208,0.046209425929356396,False,100
11209,0.01931644463285476,False,100
11210,0.02830250919296153,False,100
11211,0.02944389383951576,False,100
11212,0.026031744757701713,False,100
11213,0.047367915383706556,False,100
11214,0.01894702338918554,False,100
11215,0.027421295046391805,False,100
11216,0.0490513285327916,False,100
11217,0.0610476683817718,False,100
11218,0.10742024636215897,False,100
11219,0.14211866264336767,False,100
11220,0.39799928600996826,True,100
11221,0.13416232404855635,False,100
11222,0.12674772540395876,False,100
11223,0.16252322330090918,False,100
11224,0.20293877038601282,False,100
11225,0.1535630546168419,False,100
11226,0.20158408796548904,False,100
11227,0.13567350790038504,False,100
11228,0.12854210548868442,False,100
11229,0.12188216879882162,False,100
11230,0.15861233638401417,False,100
11231,0.14623786575645217,False,100
11232,0.12508956099996169,False,100
11233,0.1198229975356433,False,100
11234,0.12141317128467617,False,100
11235,0.12045795841862679,False,100
11236,0.1132016930858026,False,100
11237,0.10209886491572064,False,100
11238,0.16826596538847305,False,100
11239,0.011186429420750698,False,100
11240,0.013828197598395188,False,100
11241,0.029586392862727542,False,100
11242,0.020900642682941627,False,100
11243,0.021269519621101227,False,100
11244,0.01576886115365497,False,100
11245,0.011967546499214884,False,100
11246,0.014257628354196555,False,100
11247,0.015710673887189115,False,100
11248,0.017493262034452988,False,100
11249,0.014549727430549681,False,100
11250,0.01613571004832549,False,100
11251,0.018640698809458137,False,100
11252,0.011275999089179952,False,100
11253,0.016088458800393023,False,100
11254,0.009371844051994122,False,100
11255,0.012445718178039506,False,100
11256,0.018937814009167827,False,100
11257,0.009812815417860951,False,100
11258,0.015553416243706097,False,100
11259,0.006771134635384617,False,100
11260,0.012926352029327048,False,100
11261,0.02085162281058219,False,100
11262,0.009834931654377238,False,100
11263,0.016147602067050477,False,100
11264,0.008342787324037917,False,100
11265,0.01798017666675945,False,100
11266,0.025712498356560757,False,100
11267,0.012266921870773096,False,100
11268,0.017661509938484626,False,100
11269,0.01085246976311342,False,100
11270,0.03142442270029809,False,100
11271,0.02748371554677795,False,100
11272,0.0229619696439301,False,100
11273,0.036416019020756946,False,100
11274,0.02896398205269509,False,100
11275,0.07328785328187123,False,100
11276,0.025533032240789726,False,100
11277,0.013679419914101537,False,100
11278,0.01889686459449475,False,100
11279,0.04744603297152525,False,100
11280,0.019189112070269954,False,100
11281,0.026703517579059498,False,100
11282,0.013366589315196072,False,100
11283,0.021077818907372307,False,100
11284,0.009268568758497185,False,100
11285,0.014952618372005452,False,100
11286,0.027604564888232652,False,100
11287,0.013090386411489725,False,100
11288,0.044840544936579296,False,100
11289,0.05245872976359152,False,100
11290,0.02647691140867442,False,100
11291,0.03529756741238984,False,100
11292,0.033826748618012596,False,100
11293,0.061567995785999106,False,100
11294,0.06913243474514554,False,100
11295,0.026647432724964185,False,100
11296,0.022229490073754844,False,100
11297,0.05099772848441477,False,100
11298,0.022129561169291483,False,100
11299,0.03101656441859911,False,100
11300,0.01544897160182716,False,100
11301,0.02502138931564191,False,100
11302,0.012721705655399507,False,100
11303,0.016347149086363824,False,100
11304,0.029139440046869376,False,100
11305,0.01303944831687977,False,100
11306,0.023969292877004583,False,100
11307,0.011987909201597178,False,100
11308,0.017862533919157726,False,100
11309,0.034096960841339306,False,100
11310,0.013258647893219802,False,100
11311,0.02477181495623365,False,100
11312,0.01268784005743375,False,100
11313,0.023443925290821132,False,100
11314,0.03566378637020169,False,100
11315,0.016175151360272384,False,100
11316,0.027970346125586364,False,100
11317,0.022403150108644618,False,100
11318,0.07010965129545901,False,100
11319,0.0648328849558409,False,100
11320,0.0967587722914933,False,100
11321,0.24577462151235982,False,100
11322,0.08114982166721592,False,100
11323,0.13213806421257165,False,100
11324,0.21299511874955798,False,100
11325,0.2615771250352706,False,100
11326,0.22061298874676402,False,100
11327,0.24806987272186448,False,100
11328,0.23284810158955205,False,100
11329,0.20830083203170574,False,100
11330,0.23546194072990434,False,100
11331,0.21797950973725,False,100
11332,0.18020166597025558,False,100
11333,0.15615802946435897,False,100
11334,0.15746397634364284,False,100
11335,0.16486681172858417,False,100
11336,0.1963226604533063,False,100
11337,0.19063593695645376,False,100
11338,0.20151118015217295,False,100
11339,0.03397658815468158,False,100
11340,0.025062743411409898,False,100
11341,0.03577518710722031,False,100
11342,0.05452208151905712,False,100
11343,0.027257218014953104,False,100
11344,0.07194242718338276,False,100
11345,0.07483642468945134,False,100
11346,0.04077779396814886,False,100
11347,0.05139304206454358,False,100
11348,0.049797210320664295,False,100
11349,0.09856577215408238,False,100
11350,0.1407260417749631,False,100
11351,0.046067055179103984,False,100
11352,0.04056125700709142,False,100
11353,0.087427906492155,False,100
11354,0.052782419943988496,False,100
11355,0.057066557710499406,False,100
11356,0.028023479912173244,False,100
11357,0.038656338915595764,False,100
11358,0.030550913665683747,False,100
11359,0.04425021731863182,False,100
11360,0.05950858866496068,False,100
11361,0.027058853112521677,False,100
11362,0.039125117615788234,False,100
11363,0.038522271262014934,False,100
11364,0.04689056152385892,False,100
11365,0.06732385588689659,False,100
11366,0.036351193751907575,False,100
11367,0.04486831260882115,False,100
11368,0.05687415250931511,False,100
11369,0.08001160109624561,False,100
11370,0.06044822389357572,False,100
11371,0.0850369784214866,False,100
11372,0.07658565374803099,False,100
11373,0.043272365680655435,False,100
11374,0.10259591940929809,False,100
11375,0.11593700430579101,False,100
11376,0.017855639412776046,False,100
11377,0.01842716165074749,False,100
11378,0.03425668491774038,False,100
11379,0.03590209620528856,False,100
11380,0.028264300185052844,False,100
11381,0.014824167577347423,False,100
11382,0.02253021580529585,False,100
11383,0.01566276966334823,False,100
11384,0.016412474133814532,False,100
11385,0.025395314483436147,False,100
11386,0.012088342007700259,False,100
11387,0.01904232195741276,False,100
11388,0.010671194879723057,False,100
11389,0.016357326679189002,False,100
11390,0.0303133303085816,False,100
11391,0.01700635080865026,False,100
11392,0.05108575193448388,False,100
11393,0.06840696969151731,False,100
11394,0.023325017831209348,False,100
11395,0.03542025700735333,False,100
11396,0.019012387194572194,False,100
11397,0.033795976020833764,False,100
11398,0.06635673375946284,False,100
11399,0.029932128341506808,False,100
11400,0.020927640216270152,False,100
11401,0.029459303725338858,False,100
11402,0.016279123723934998,False,100
11403,0.041906599579474034,False,100
11404,0.05542104200836374,False,100
11405,0.02654117502847711,False,100
11406,0.041843682474378814,False,100
11407,0.045850815446296586,False,100
11408,0.09031471502973792,False,100
11409,0.06590331968523203,False,100
11410,0.05471750301758947,False,100
11411,0.021002957054873393,False,100
11412,0.03771412690191099,False,100
11413,0.0529492201953223,False,100
11414,0.03045538627436414,False,100
11415,0.015380204957332753,False,100
11416,0.02450510241018685,False,100
11417,0.02374063095750036,False,100
11418,0.03204387502853711,False,100
11419,0.05659951156403168,False,100
11420,0.0931284679239417,False,100
11421,0.2149398994204996,False,100
11422,0.10130931708020886,False,100
11423,0.1265928068319897,False,100
11424,0.15888892312776373,False,100
11425,0.18071307182811716,False,100
11426,0.16950128413098617,False,100
11427,0.19274413540975216,False,100
11428,0.19058448713560164,False,100
11429,0.1892703081707617,False,100
11430,0.3165208824717408,True,100
11431,0.21273362263410497,False,100
11432,0.19423531843168337,False,100
11433,0.13681198477122333,False,100
11434,0.13446892005783448,False,100
11435,0.13218254406141083,False,100
11436,0.1487120899086054,False,100
11437,0.14455452221662735,False,100
11438,0.16396818576845337,False,100
11439,0.026964640432600863,False,100
11440,0.03883565880080656,False,100
11441,0.029041412906402147,False,100
11442,0.027836006678471067,False,100
11443,0.03802065627515618,False,100
11444,0.03448525172091738,False,100
11445,0.031186389653514914,False,100
11446,0.02770678823414618,False,100
11447,0.024190298163724925,False,100
11448,0.029987822991389974,False,100
11449,0.023608516657298677,False,100
11450,0.025468206835935366,False,100
11451,0.021238974239850317,False,100
11452,0.02860753642322379,False,100
11453,0.03480640044003199,False,100
11454,0.02227533783362934,False,100
11455,0.04488374540172342,False,100
11456,0.062403710635703505,False,100
11457,0.02754791645861407,False,100
11458,0.04204745602846183,False,100
11459,0.043079271944787036,False,100
11460,0.1075450533538395,False,100
11461,0.08139723240498073,False,100
11462,0.06583830612765583,False,100
11463,0.04904706981734068,False,100
11464,0.15597689335172363,False,100
11465,0.11773447304148235,False,100
11466,0.05028160549044919,False,100
11467,0.04128018894975514,False,100
11468,0.10096429981445927,False,100
11469,0.07282396979043977,False,100
11470,0.06870389282907452,False,100
11471,0.02428143024226961,False,100
11472,0.04077974519754446,False,100
11473,0.03619273693727626,False,100
11474,0.02977692515022434,False,100
11475,0.027903041581154277,False,100
11476,0.021191653492915626,False,100
11477,0.030692745354144586,False,100
11478,0.024720025986642306,False,100
11479,0.02811660883616837,False,100
11480,0.025565745829508154,False,100
11481,0.03322728873959991,False,100
11482,0.03086708965099146,False,100
11483,0.017110263746389347,False,100
11484,0.02430840230259242,False,100
11485,0.0353780512964858,False,100
11486,0.031766213573129205,False,100
11487,0.026766093845111433,False,100
11488,0.027261393466878715,False,100
11489,0.022798788334653677,False,100
11490,0.03173393545537886,False,100
11491,0.02247036153841467,False,100
11492,0.02576658160015614,False,100
11493,0.042082103423987736,False,100
11494,0.040645932200406354,False,100
11495,0.03211176124186243,False,100
11496,0.03850341218583987,False,100
11497,0.03883498557617023,False,100
11498,0.050118935857054146,False,100
11499,0.07916291415886495,False,100
11500,0.09906831098065735,False,100
11501,0.034660180118973954,False,100
11502,0.028087597195295064,False,100
11503,0.051323528858367884,False,100
11504,0.055564234531889016,False,100
11505,0.03365360137684723,False,100
11506,0.017413483103817632,False,100
11507,0.02519581535474056,False,100
11508,0.03221215586619917,False,100
11509,0.03153672668361527,False,100
11510,0.02670265382637845,False,100
11511,0.025358605139889065,False,100
11512,0.023439590156783728,False,100
11513,0.031739247660795736,False,100
11514,0.02371193806710736,False,100
11515,0.028894166768667205,False,100
